status,categories,relative_path,current_size,web_size,current_mtime,web_mtime,current_sha256,web_sha256,current_classes,web_classes,current_defaults,web_defaults,current_defines,web_defines,current_functions,web_functions,current_labels,web_labels,symbols_current_only,symbols_web_only
modified,rooms_objects,Forest/Forest.rpy,28467,33353,2026-06-07T03:55:29,2026-05-25T20:34:28,a2e28418e08662d26008ca03950b8408bcfabd5e1db7558b28849c85d76900aa,810c2b202072155da55a21ad9162dc539d3e06936191737ec6877d3b958a4fad,1,1,3,3,0,0,20,16,18,16,function:forest_after_dusk;function:forest_after_dusk_return_text;function:forest_apply_after_dusk_message;function:forest_can_depart_now;function:forest_departure_block_text;function:forest_has_horse;function:forest_open_hours_visible;function:forest_travel_cost_minutes;label:ForestBuildActions;label:ForestObjectMenu;label:ForestObjectText;label:ForestRestore;label:ForestSpawnedItemMenu;label:ForestSubroomBuildActions;label:ForestSubroomRestore;label:ForestSubroomSpawnedItemMenu,function:forest_room_has_exit;function:forest_room_has_spawned_item;function:forest_room_spawn_units;function:forest_spawn_menu_caption;label:ForestMenu;label:ForestNativeObjectMenu;label:ForestNativeObjectText;label:ForestNativeSpawnedItemMenu;label:ForestNativeSubroomSpawnedItemMenu;label:ForestSubroomMenu
modified,media_display_data;rooms_objects;schedules,Forest/ForestCave.rpy,2995,2339,2026-06-07T03:55:29,2026-05-25T20:34:28,6e6089496aa7c009d785ad63d2f4b3cb3c106895db29148a4051a1d07a69eb50,ff64ceb65eba48f09d2a1dfb64d356c326ba4250d98bd8e45abd5f6f951d767c,0,0,0,0,0,0,1,1,1,1,,
modified,media_display_data;rooms_objects;schedules,Forest/ForestClearing.rpy,3372,2697,2026-06-07T03:55:29,2026-05-25T20:34:28,e2e6a66ee32624446109ddc8ad54e2ec5a92e42dc7d7c8d150ce68a4752b309b,c0e7591c66d58ceb1307c3b8008aabba599f992471b5d5ac44d756457f872e13,0,0,0,0,0,0,0,0,1,1,,
modified,media_display_data;rooms_objects;schedules,Forest/ForestDarkWoods.rpy,2901,2218,2026-06-07T03:55:29,2026-05-25T20:34:28,dbc9aec0329ed3ab794f22d5169712042ca10675664473b871dd0316e5dc6041,dad2f72649296caa1ac6199e0e64e4f837e4140a3d5c04fc8555f72cce5c7edf,0,0,0,0,0,0,0,0,1,1,,
modified,media_display_data;rooms_objects;schedules,Forest/ForestHiddenPath.rpy,2846,2158,2026-06-07T03:55:29,2026-05-25T20:34:28,59ad3d51eb5851d3872f23bf75d0b54fa53dd2a105e45df0b1418867278a1327,358c50715d28afadb9b0e621dfb2180404735230cf98fc227a4359b7bf1fa28a,0,0,0,0,0,0,0,0,1,1,,
modified,media_display_data;rooms_objects;schedules,Forest/ForestLake.rpy,3199,2544,2026-06-07T03:55:29,2026-05-25T20:34:28,bb174bd0791d0b89a056d1bb5683f2c1b8e680ad0fc9c4f67738e60efeccd78c,b2a3c9c1ba448de0e4188b15e7b7f996ddd3b9e0aae2ee77ecbe7613eacabc7d,0,0,0,0,0,0,0,0,1,1,,
modified,media_display_data;rooms_objects;schedules,Forest/ForestSpring.rpy,3264,2599,2026-06-07T03:55:29,2026-05-25T20:34:28,74a5adc9a1bf878976cde7710d8a883b2e2872f54b5b2c9143aed225add70c98,1d97ff094989901488e4229eb6e44398244479728b005990cc3c193e72b3e082,0,0,0,0,0,0,0,0,1,1,,
modified,media_display_data;rooms_objects;schedules,Forest/ForestWaterfall.rpy,2854,2174,2026-06-07T03:55:29,2026-05-25T20:34:28,d75f0960aa3be2af5790c674dc333dab22fe05dd290ff49922dd67bcfd6424e1,99b4d56960fac8f79963aa46adc7fa7d82dbeddf5d2f6a6a1f6374806ce2d8b3,0,0,0,0,0,0,0,0,1,1,,
modified,combat_enemies;rooms_objects;schedules,Inn/Backyard.rpy,16128,17463,2026-06-07T03:23:25,2026-05-25T20:34:28,30fc7868e7bb01cf6f93959a99fd1c295fba78bcf840b64256f2053238831a3f,332544c86d29cca3cb60677b69f07f77c25a4c60f18874432f381572856e95ba,0,0,1,1,0,0,7,7,9,8,label:BackyardBuildActions;label:BackyardObjectMenu;label:BackyardObjectText;label:BackyardRestore,label:BackyardMenu;label:BackyardNativeObjectMenu;label:BackyardNativeObjectText
modified,combat_enemies;events_threads;rooms_objects,Inn/CreateTavernEvents.rpy,1820,3003,2026-06-08T06:20:18,2026-05-25T20:34:28,4561328be150dbcd66acdbc9451cc1acbb6a3f5cddcf994939a28cdd24c7d9a2,0e18be1c4e7452a296a13b4e13514f2339e7d1740698512dc93e4b5981cb3130,0,0,2,2,0,0,2,2,1,1,,
modified,combat_enemies;events_threads;rooms_objects,Inn/CreateTavernEventsPeriod.rpy,619,1700,2026-06-08T06:12:37,2026-05-25T20:34:28,ab75c74806aa388df69739c1878373f603b63fcfd2d40ba4366ba7d18f67ce15,c0240e2b5104b11becca99c5925185a142302196ab1eb5e5aa8eeeb5203d2ee2,0,0,0,0,0,0,0,0,1,1,,
modified,events_threads;rooms_objects;schedules,Inn/EventWineForDance.rpy,7258,7282,2026-06-08T06:12:37,2026-05-25T20:34:28,fb9b1967322a352fd472d903c3bf2ea85e7ea310973c7ed9bd1358a644da7b27,38eb4b1b3da0c22ece804987e163e82a54c4cd6b3dc8736a8f6c0d7801f50fbd,0,0,2,2,0,0,6,6,3,3,,
modified,combat_enemies;events_threads;people_npc;rooms_objects,Inn/HouseholdMiniEvents.rpy,7024,10478,2026-05-27T17:52:48,2026-05-25T20:34:28,d571328261604f7ed461263435da44a79940a8dc62aae01ebc18a4d3cea00e9b,d7c56737b59c738198f62116bca2ee402e9a10b6a0b514dd1bf6b44a04afe5cd,0,0,0,0,0,0,0,0,7,7,,
modified,events_threads;people_npc;rooms_objects,Inn/HouseholdRuntimeEvents.rpy,65205,65372,2026-06-06T15:57:34,2026-05-25T20:34:28,94129ccd21607ac021ba2593ba6e7ce4ed54a8552ca345918e26dc51ca6359b9,327fee9340db7923a2e1b125c8747511776b9e208e8944bcd5f0b55d849e522c,0,0,5,5,0,0,27,27,20,20,,
modified,calendar_time;combat_enemies;events_threads;items_inventory_clothes;media_display_data;people_npc;player_state;rooms_objects,Inn/Intro.rpy,3701,15992,2026-06-01T19:38:57,2026-05-25T20:34:28,62d614a516b8e1e2e8ef460e09efce1473a06c5516e3699e6e2fdd630b5368ef,02a62ad07018eb455ca0e13fc943a8a9fcba28ff082311891f8d381000034986,0,0,0,202,0,0,0,1,2,2,,default:AllGirlNames;default:AmandaVar;default:Arousal;default:AskedToday;default:BeckyVar;default:BlessedByEllona;default:BlockGloryHoleMenu;default:BlockTimeAdvance;default:Breastfeed;default:CheatMoneyGrab;default:ClaraVar;default:ClientsDayTotal;default:CockInAss;default:CockInGloryHole;default:CockInMouth;default:CockInPussy;default:CockInTits;default:CumFaceOthers;default:CumFaceYou;default:CumInsideOthers;default:CumInsideYou;default:CumTitsOthers;default:CumTitsYou;default:CurDay;default:CurLoc;default:CurLocDesc;default:CurrentActions;default:CurrentLoc;default:CursedByEllona;default:CursedByEllonaDays;default:CursedByEllonaReduce;default:DailyEventsList;default:DanceSponsor;default:DanceStep;default:DanceWatchLine;default:DateOfBirth;default:DayLastOrgasmGiven;default:DebugFlag;default:DressBottomPart;default:DressBuyer;default:DressPartDesc;default:DressPartSlut;default:DressProduced;default:DressTopPart;default:Drunk;default:EddieCockInMouth;default:EddieCockInPussy;default:EddieCockInTits;default:EquippedArmor;default:EquippedWeapon;default:ExtraEvents;default:FightEnemyId;default:FightEnemyParty;default:FightEnemyState;default:FightLevel;default:FightRetreatUsed;default:FightSideLog;default:FightWeaponLoaded;default:FlirtedToday;default:FridayDancesCount;default:Friends;default:GeorgettVar;default:GiftPreferences;default:GiftedToday;default:GirlDance;default:GiveOrgasms;default:GloryHoleCurrentStep;default:GloryHoleLook;default:GraphicsOn;default:GrupenSex;default:HadSex;default:HandsDance;default:HarassInstructions;default:HuntLastResult;default:HuntUnlocked;default:IrmaVar;default:KidBirthPosobie;default:KidsList;default:KidsListNextId;default:KidsPosobie
modified,events_threads;items_inventory_clothes;player_state;rooms_objects,Inn/Loc.rpy,2972,2623,2026-05-28T21:48:00,2026-05-25T20:34:28,eab69a13d5f241da8542777688de00009e597b3771eca659f97664f6afe93425,79bd41f8d614df311b75c5894b8fc3a060edcca20d5eccf8634893b49d83f12c,0,0,0,0,0,0,1,1,2,2,,
modified,calendar_time;people_npc;player_state;rooms_objects,Inn/PlayerChoresSystem.rpy,27446,25572,2026-06-07T20:26:28,2026-05-25T20:34:28,6a5ce2b3555e33aef4bb65bcb4e7d430cd0a4d9d24ac27f51fce094a167cf646,ea176f47721d8bd4de30278719d88bb721aa30d23e168f353cc0f76e53997ff8,0,0,0,0,0,0,29,29,0,0,,
modified,player_state;rooms_objects;schedules,Inn/Shed.rpy,11253,10631,2026-05-27T17:52:48,2026-05-25T20:34:28,8ebc63b6e5e9cacfbe5e7dca55f510c34c813256968cc710528eccf407b22c61,5984a71af36239d44d21dd536834b1d0bcb9720e6522281aa2704edfd73a1918,0,0,3,3,0,0,3,5,5,6,function:build_shed_action_items;label:ShedRoomActions,function:shed_chopped_wood_count;function:shed_has_any_lumber;function:shed_player_lumber_count;label:ShedMenu;label:ShedSplitWood
modified,rooms_objects,Inn/TavernAmandaBed001.rpy,1496,1083,2026-05-27T17:52:48,2026-05-25T20:34:28,98a6e099c7f79e97d67057520ff42d0ca309bb280e5b1cdb276d9dd43325645a,5b4c8f72cd13327745cebf7c5b92d7318e22c5d95ecca99177d7c125cb5eda6f,0,0,0,0,0,0,1,1,0,0,,
modified,items_inventory_clothes;rooms_objects;schedules,Inn/TavernAmandaRoom.rpy,30057,30517,2026-06-07T03:23:25,2026-05-25T20:34:28,58df779ad12e9556a395f9e0c3462abce85c512012e60d2c494334b3a758da80,950cadc2d257c6c72dc84dcb655fbd83910bcea7e5457ec6802217e6426a1f90,0,0,0,0,0,0,12,12,8,7,label:TavernAmandaRoomRestore,
modified,events_threads;media_display_data;rooms_objects;schedules,Inn/TavernAtic.rpy,17134,16928,2026-05-27T17:52:48,2026-05-25T20:34:28,afe7ee0eba6a5bf296b5e11f86848674e481e6424ad022a0535f235381e81fc7,9f273b5f10c3585f7dcb59827449693d766e832b41e8d1f2ec5c560724b7adeb,0,0,0,0,0,0,6,6,12,11,label:TavernAticRestore,
modified,rooms_objects,Inn/TavernBedroomDoors.rpy,4596,4305,2026-05-27T17:52:49,2026-05-25T20:34:28,4ae522c1627792bac8fcf5c19d4bfb8ff3f00048d9bcfc16b65a632bc4445da4,27116a17c60122e5391035a03390c05ab656c8404aeb83af39bb3fb867e83128,0,0,1,1,0,0,6,6,1,1,,
modified,media_display_data;rooms_objects;schedules,Inn/TavernEmptyRoom.rpy,2603,2257,2026-05-27T17:52:49,2026-05-25T20:34:28,3e8da82d1083bb18736eda8e6023e6f56836426b956bc83273b7ebe491f4432a,e09165e629a26eee2f0fcff890fa84f29092900f813802d396fea249b1864c62,0,0,0,0,0,0,0,0,2,2,,
modified,events_threads;people_npc;player_state;rooms_objects,Inn/TavernGloryHole.rpy,26332,26088,2026-05-27T17:52:49,2026-05-25T20:34:28,12b308f78df2ba21944405b6a3eb9aeb09b95823b3b4eb23e5491014c6abe397,cc1427fc399a8e0a8399bb48ea6c2288f8c6a0b2ea39e7c98ca11f52ab17c7c6,0,0,0,0,0,0,1,1,2,2,,
modified,media_display_data;rooms_objects,Inn/TavernHelp.rpy,5893,5656,2026-05-27T17:52:49,2026-05-25T20:34:28,aebe442d050970d13862ee5327a3c595924ff4344580fc4792fa2e5f7604c395,21e2d5270f80500048dcf56ccf9f6622b77dc399fe0e31f0cb615214b3fe1444,0,0,1,1,0,0,1,1,4,4,,
modified,events_threads;rooms_objects;schedules,Inn/TavernKitchen.rpy,158850,165404,2026-06-08T06:12:37,2026-05-25T20:34:28,eda1b53a7faa59b20f72f3b76cbfcfb06b3916a548fe87104002db9fc23b8411,ba885a3e1b4f754f598343d7411afd93670578c37d78e633887b9e841835e06d,0,0,39,39,0,0,99,104,41,39,label:TavernKitchenRefreshBreakfastEvent;label:TavernKitchenRestore,function:tavern_breakfast_call_candidate_ids;function:tavern_breakfast_call_reaction;function:tavern_breakfast_call_result_text;function:tavern_breakfast_called_attendee_ids;function:tavern_breakfast_npc_location
modified,rooms_objects,Inn/TavernKitchenCauldron001.rpy,1537,1125,2026-05-27T17:52:49,2026-05-25T20:34:28,1b1ff8d3dd6101a19ff7807152386a8e3701a0e75bf8ee94aa25ccddb33d1347,aa2f7e4ca8983236a947004e511b8df3f32111ccff56abd697e937579d94810d,0,0,0,0,0,0,1,1,0,0,,
modified,player_state;rooms_objects,Inn/TavernKitchenHearth001.rpy,4864,4952,2026-06-06T12:12:51,2026-05-25T20:34:28,7f3a05a1f55b2966c49c82715cc6b5efa7d829b5ad1330844e8de66bcb9bc471,e0c1680a33f0363b8aa08e8e5b5ee8f94f5d2d800f41734c70ff18016946f965,0,0,0,0,0,0,3,3,1,1,,
modified,events_threads;people_npc;rooms_objects;schedules,Inn/TavernMain.rpy,32276,31217,2026-06-08T06:51:46,2026-05-25T20:34:28,3b09d7c9717980c4f6a31de7d1489df230c793997cf9251f86ecdc4bc1a49ed9,43829e7225bd2a6744328c122c35b07110614ecf94c2eba809d36635785a56d2,0,0,9,9,0,0,13,8,5,4,function:tavern_main_closed_text;function:tavern_main_friday_dance_closed;function:tavern_main_late_closed;function:tavern_main_open_hours_visible;function:tavern_main_sunday_service_closed;label:TavernMainRestore,
modified,calendar_time;events_threads;rooms_objects;schedules,Inn/TavernMainBar001.rpy,6941,9248,2026-06-06T15:57:34,2026-05-25T20:34:28,d9736d11db31f5d4f23774b22fb4820ac627ad6b0a4084ff1c793b4335e6c93a,e51853ccb2572a4b2d4cc543fcc492983772bb3e3751c24ab8eea1d457ed8359,0,0,0,0,0,0,2,6,3,3,,function:tavern_bar_clara_melissa_gossip_target;function:tavern_bar_clara_melissa_story_event_available;function:tavern_bar_prepare_clara_melissa_gossip_thread;function:tavern_bar_story_label
modified,rooms_objects,Inn/TavernMainBook001.rpy,7322,6910,2026-05-27T17:52:49,2026-05-25T20:34:28,2372f9d7be4481af03288166a88ce51d36551b38b18fbac63dc08ab449ef3404,81a5591a45a6143e1064eb60c6c972ac78e6992487e7a4cf1407d300ee18480f,0,0,0,0,0,0,0,0,1,1,,
modified,player_state;rooms_objects,Inn/TavernMainFireplace001.rpy,4974,5068,2026-06-06T12:12:44,2026-05-25T20:34:28,8feb355cbd0c7b29acdbe7635a9fe5959a18a041cef008e8abf5f2ede9477922,94ade7a74092f79befb67a375ad460fc1ae45104dc70cf150443f4d0554c89fd,0,0,0,0,0,0,3,3,1,1,,
modified,combat_enemies;events_threads;rooms_objects;schedules,Inn/TavernMelissaRoom.rpy,13578,13158,2026-06-07T03:23:25,2026-05-25T20:34:28,1a45d6099a31bc3388b19c35fb89017032a0a698154c4637dcfa79e042e65303,72a25a5ae7f47522eab70dd22e68e58cd6d7891b7274e315cef46cffaea844f2,0,0,0,0,0,0,11,11,5,4,label:TavernMelissaRoomRestore,
modified,combat_enemies;items_inventory_clothes;player_state;rooms_objects;schedules,Inn/TavernMyRoom.rpy,25810,26704,2026-06-07T03:23:25,2026-05-25T20:34:28,d4e3ea66bd0e7795d189ef1f3dbe7562fffe33a7e1ad3ce554cccf2f9d48bf9b,e2de3e0837d5fdaa9ebbd991621496196e0a624777536c87c1822dc8da60d649,0,0,0,0,0,0,11,11,17,17,label:TavernMyRoomRestore,label:TavernMyRoomToggleLight
modified,rooms_objects,Inn/TavernMyRoomAtticHatch001.rpy,3234,2858,2026-05-27T17:52:49,2026-05-25T20:34:28,a69df6cb36fcc2abb84062e6eb5b3da96e79f669faf6a645a1118f2acb32f979,97c1df940f9c485ee276d348dfe6f71e6c5209436a698b94fd71d8cd7fe5e2b4,0,0,1,1,0,0,3,3,1,1,,
modified,player_state;rooms_objects,Inn/TavernMyRoomBed001.rpy,1930,1518,2026-05-27T17:52:49,2026-05-25T20:34:28,a5f44a9bc994c4e1aec9047e8f4abeb5fc65215900eaec1d12f1d6b2543695bf,31dfee2f59496538049213ed7dc5e115ef47040038fb051e0689f3fcbda581b2,0,0,0,0,0,0,1,1,0,0,,
modified,player_state;rooms_objects,Inn/TavernMyRoomChest001.rpy,2065,1653,2026-05-27T17:52:49,2026-05-25T20:34:28,14a137f9cce245f05cc3d884104dd0bc31cb20f8c9a1c1a4889a86cd281ac355,f555863254750f5f938b22b06abaf9e0a3b3325a409070a39a8651bb83540fcd,0,0,0,0,0,0,2,2,0,0,,
modified,events_threads;rooms_objects,Inn/TavernMyRoomWindow001.rpy,3509,3261,2026-05-27T17:52:49,2026-05-25T20:34:28,45688f9df4f3e003769505ff98dfb4d1fe89d57bc62be5647a8cd75680ce6356,2f4662e8284a789503533c7bf738c75ccb4fec3f01e68d8d72d46e5b91a6cee1,0,0,0,0,0,0,0,0,1,1,,
modified,events_threads;media_display_data;people_npc;player_state;rooms_objects,Inn/TavernProstClients.rpy,9077,8629,2026-05-27T17:52:49,2026-05-25T20:34:28,ad65adb7e0e9d212f016b1b49c4809e727482f7af4e619f2efbc8789b3e36e95,f17fcee7ab78f4540f35d7ddf7b1e01fe4d7f3414823815de1a76d70211d4316,0,0,0,0,0,0,0,0,1,1,,
current_only,events_threads;rooms_objects;schedules,Inn/TavernRandomEvents.rpy,11360,,2026-06-08T06:54:43,,b8cef27a516b9f6ee7bb0a4505de2ebb2de548fd13811064dbbc02fbc28e315d,,1,0,2,0,3,0,18,0,1,0,class:TavernWorkEventDefinition;default:TavernEventReportRows;default:TavernPlayedEventsToday;define:tavern_work_events_by_type;define:tavern_work_random_type_order;define:tavern_work_type_chances;function:__init__;function:can_schedule;function:tavern_work_add_report_row;function:tavern_work_build_daily_plan;function:tavern_work_choice;function:tavern_work_definition;function:tavern_work_int;function:tavern_work_job_candidates;function:tavern_work_job_map;function:tavern_work_liza_talk_ready;function:tavern_work_pending_mandatory_code;function:tavern_work_plan_row;function:tavern_work_planned_for;function:tavern_work_pop_mandatory_code;function:tavern_work_pop_planned_event;function:tavern_work_roll;function:tavern_work_sync_legacy_queue;function:tavern_work_wine_for_dance_ready;label:TavernWorkEventTrigger,
modified,rooms_objects,Inn/TavernRooms.rpy,812,400,2026-05-27T17:52:49,2026-05-25T20:34:28,fb8a31170f7e15389bcae30088d540b60d6e7d29f3d334a084a907f4e02e5077,e98b878c70fd5ba3f1f8e9f4996225a70b65867aee0eb206a35dd5eb398ee2c7,0,0,1,1,0,0,0,0,0,0,,
modified,media_display_data;player_state;rooms_objects;schedules,Inn/TavernSandraRoom.rpy,13110,15382,2026-06-07T21:04:11,2026-05-25T20:34:28,b03bbf49b4f9220f8c37122c4ebccbc81fab1a7b86e939a29ef6fbe5771a8d34,d5190ca590676d73f1df7b7aaeb83659f392546d606c9df6bc6489d91a19f812,0,0,0,0,0,0,5,5,6,6,label:TavernSandraRoomRestore,label:TavernSandraNightThanksScene
modified,rooms_objects,Inn/TavernStable.rpy,15076,14799,2026-05-27T17:52:50,2026-05-25T20:34:28,171ef3d6b75bac0d389b2d5144a80ca8b5108cf47a2c80596a67dec8844cde98,82fa50d92454ed2374fb2c2477962e8ed3f5e9618368dfbeeee0fdae182397cf,0,0,3,3,0,0,9,9,10,9,label:TavernStableRestore,
modified,combat_enemies;events_threads;media_display_data;rooms_objects;schedules,Inn/TavernStorage.rpy,3511,3190,2026-06-07T03:23:25,2026-05-25T20:34:28,8f1f585337003ca9cabd5b2fab12337bb1a76d2ab87cd002e1f213542f34b1ae,42792529595b6728a96d318dd788b1c8f17d35bfb81124d65ad12199aedf9287,0,0,0,0,0,0,2,2,1,1,,
modified,events_threads;media_display_data;player_state;rooms_objects;schedules,Inn/TavernUpstairs.rpy,4097,3778,2026-05-27T17:52:50,2026-05-25T20:34:28,14c453d2588d6b3145c4376c4536f206e393284fca263b34814d3b4c4a9b408d,16fc4927add9b30a6c7458f9f506bc0a71106fc18e706bf15c4661f0014258d4,0,0,0,0,0,0,2,2,2,2,,
modified,rooms_objects,Inn/menu_tavernstat.rpy,44963,42199,2026-06-07T02:13:38,2026-05-25T20:34:28,5cb003c07a942e6596081ca4fa4e1403674b04cab731f80c7d033f336ffd1b8c,a0e5a9099cf87dee7077eaa17de75e2c1a91faf0404b3ed630601d3c40f19778,0,0,2,2,0,0,50,49,8,8,function:ensure_default_tavern_jobs,
modified,items_inventory_clothes;player_state,Items/Clothes/BanditCostumeItem.rpy,1275,863,2026-05-27T17:52:50,2026-05-25T20:34:28,7953b99ce3724db4002611d4179867d666cf91abec485d74660903b6f3b2c124,0f5a87d4abaeeaaa7328b5c5bd9c6cdad244cc476d25016890a4e9465e764474,0,0,0,0,0,0,0,0,0,0,,
modified,items_inventory_clothes,Items/Clothes/BlackStockingsItem.rpy,913,501,2026-05-27T17:52:50,2026-05-25T20:34:28,8239ccdeacfd3c4a22744c187e93d4baf7763b703c1baadd053a7ea6a4d5066e,9b5ce9bde66b51202b805e2d598daa81361d2aeea17b71694970f87e3bdaec81,0,0,0,0,0,0,0,0,0,0,,
modified,items_inventory_clothes;player_state,Items/Clothes/BourgeoisCostumeItem.rpy,1159,747,2026-05-27T17:52:50,2026-05-25T20:34:28,3c7f9f47cdfcbbd78f7906622f73006bba135f84ca74ea7b41f7d7d9c9de7a19,0bb8c43fd8889a04b5e64ec41a95530e0080b3c262a687efb4247d18bad6d2b3,0,0,0,0,0,0,0,0,0,0,,
modified,items_inventory_clothes,Items/Clothes/GreenWorkDressItem.rpy,1371,959,2026-05-27T17:52:50,2026-05-25T20:34:28,50a846a4352b27b10957af8028bd0676c72d5a3738a69e0b5ce71003d5fd6919,c436be822abaabbe2c11d6a24cfa988c0f05f40e6e75f67a70f65b423565d74f,0,0,0,0,0,0,0,0,0,0,,
modified,items_inventory_clothes,Items/Clothes/InitDressDesc.rpy,15995,15887,2026-06-01T18:32:27,2026-05-25T20:34:28,df552b4b6667d19099e6865d7fd7f5b0ca295eab4328392bc1b3a763aede1de2,7319c61271f9415fb3bf78f1be27d8fc1fdb3303c4ac326097e91e9a40b58335,0,0,15,0,0,0,0,0,1,1,default:bottomdress;default:bottomdressdef;default:bottomraised;default:bra;default:bradef;default:dressdefault;default:legs;default:legsdef;default:panties;default:pantiesdef;default:shoes;default:shoesdef;default:topdress;default:topdressdef;default:topraised,
modified,items_inventory_clothes,Items/Clothes/MiniDressItem.rpy,1267,855,2026-05-27T17:52:50,2026-05-25T20:34:28,3b05b35c3e9125ae5a6e11958cfdf8fa2e816bc24514909a699e7d0ed9428d6e,799d53fb4173c2f04e504fd67af216eb8f44da6c56548ed6df56a6b8ff682810,0,0,0,0,0,0,0,0,0,0,,
modified,items_inventory_clothes,Items/Clothes/ModestNiceDressItem.rpy,1173,761,2026-05-27T17:52:50,2026-05-25T20:34:28,a52316c05346c39f2937eacd22bf960d342c60ea23467ec5d41011525e724072,9df6dae41f4cf1eded583eecdd3b04f522efe6a0563648ff34c7053f7fca30ad,0,0,0,0,0,0,0,0,0,0,,
modified,items_inventory_clothes,Items/Clothes/ModestWorkDressItem.rpy,1427,1015,2026-05-27T17:52:50,2026-05-25T20:34:28,b50428d7a4a8930f258c399972d2386914671b1404474460d47fe74e1ae16ded,e42173d2e9527cef5cbce67d8816ca8be2a049c0ab0bd06a070d9b0d5c62c534,0,0,0,0,0,0,0,0,0,0,,
modified,items_inventory_clothes,Items/Clothes/NightshirtItem.rpy,915,503,2026-05-27T17:52:50,2026-05-25T20:34:28,0c9393b4cbfaf183416a8d57fddde9e522c9d2055617883520375113ae43cd73,d941bfba98380fbb15f5f2fad46904071901752ccafb4da71e76ad92132c0a2f,0,0,0,0,0,0,0,0,0,0,,
modified,items_inventory_clothes;player_state,Items/Clothes/NobleCostumeItem.rpy,1502,1090,2026-05-27T17:52:50,2026-05-25T20:34:28,3c7d1e3fd2bc3a4b30ffee451191b457b98ed346863d6535452f54dcba55629e,c197250fcce1351ca826fee9e90b99f8a2a6da5ae3c89db00e5f37524c6c5e51,0,0,0,0,0,0,0,0,0,0,,
modified,items_inventory_clothes,Items/Clothes/OpenWorkDressItem.rpy,1374,962,2026-05-27T17:52:51,2026-05-25T20:34:28,1b93c9a05f208d6fa3bc9951698db09189020112df0d82d75a10fac989b23d36,2611d06ed5c203cf55fb9808b76a97ead4d001fccfdc6533d0e6697bf2fa72a5,0,0,0,0,0,0,0,0,0,0,,
modified,items_inventory_clothes;player_state,Items/Clothes/PeasantCostumeItem.rpy,1088,676,2026-05-27T17:52:51,2026-05-25T20:34:28,106ceba5b793ecc6e42f4a946e0e8f252df44f3e6aa3d83c383b62f5c6647b15,1587b8e62400bd39c1fb5c708b87b31b639b8e407b0ccfc89d89d2a1f5831872,0,0,0,0,0,0,0,0,0,0,,
modified,items_inventory_clothes,Items/Clothes/RedStockingsItem.rpy,927,515,2026-05-27T17:52:51,2026-05-25T20:34:28,2cd11e450347b4f75a0fa4d9178c6c5653031f1bfe21509eb903a86a41fd1f5d,4e09b87e48dfb7a29e21b08195dbac3d9ebd03ffd2ed4df2b9353f2a632f29a3,0,0,0,0,0,0,0,0,0,0,,
modified,items_inventory_clothes;player_state,Items/Clothes/SailorCostumeItem.rpy,1257,845,2026-05-27T17:52:51,2026-05-25T20:34:28,f68f41fb07ada01a4442832a55ff29c19869ddc0d20a9b74a2c4b731d78dd65d,74180ff1ada72b339ec3ce2d5ee9faba152750fad1981f6a30369f29df50ea37,0,0,0,0,0,0,0,0,0,0,,
modified,items_inventory_clothes,Items/Clothes/SimpleBraItem.rpy,837,425,2026-05-27T17:52:51,2026-05-25T20:34:28,09420eef8acc6666dba4a4f5de1cfa713b00e7127b1e134bdcc6e576fbde3574,ec0eefb0eeef09fde6645596d611dc22013884f9068f5a2248c623668e524d19,0,0,0,0,0,0,0,0,0,0,,
modified,items_inventory_clothes,Items/Clothes/SimplePantiesItem.rpy,874,462,2026-05-27T17:52:51,2026-05-25T20:34:28,6b9bb2b016479ae8e6d1da0535bd57477832617cb879abbb4044edbd70d31d45,01af1316043abee2f01e74f4f31abe532377faef8868a5c58f7151eaa8f41da5,0,0,0,0,0,0,0,0,0,0,,
modified,items_inventory_clothes,Items/Clothes/SlutDressItem.rpy,1486,1074,2026-05-27T17:52:51,2026-05-25T20:34:28,9121068a87990095dd17aa66c4a9059c9bf8f7f821424abe51e8614dcaa869f2,efab02d2c9d67492b71362fb1535f181acb5178842fd70b8122260621d9ef212,0,0,0,0,0,0,0,0,0,0,,
modified,items_inventory_clothes,Items/Clothes/WhiteStockingsItem.rpy,903,491,2026-05-27T17:52:51,2026-05-25T20:34:28,3febcda2c430e93ec6fc9778c271133c9e54155eb80d6eb2422a230501613587,ad86d3e323ace5631bb4ab2a70c4d8a6ed2858dd638bef21e852c8e3c806306b,0,0,0,0,0,0,0,0,0,0,,
modified,items_inventory_clothes,Items/Clothes/WorkDressItem.rpy,1339,927,2026-05-27T17:52:51,2026-05-25T20:34:28,12f94af4edfc387a001aa5766fc442a39710cce36a97570140ce073592ba16a0,bf960ca915206f7f1bbb91e19440226ceeba427ff557a21745b62527afc875b5,0,0,0,0,0,0,0,0,0,0,,
modified,items_inventory_clothes,Items/Clothes/WorkDressZhiletItem.rpy,1464,1052,2026-05-27T17:52:51,2026-05-25T20:34:28,fc227a1b38e44b2333d0631a5d314a7dc76ee6fa6c147c5ff21a62997952c26d,fcd41dcc3d336988f8c7fb44bbf90c7439eda72cf98044497d4a2574424ef71c,0,0,0,0,0,0,0,0,0,0,,
modified,events_threads;items_inventory_clothes;player_state;rooms_objects,Items/Core/CraftingRecipes.rpy,35844,36765,2026-05-27T17:52:51,2026-05-25T20:34:28,0fd07cff429263d2f01a3737dbc8f1b05b98f6aa1bc2b411521ca6351dc82e8b,ddcef9705505aadbaf5fffd4a48c6f0c63fa9a5935d2339bf1843e164fdccae4,1,1,8,8,2,2,38,38,6,6,,
modified,items_inventory_clothes;rooms_objects,Items/Core/GameItem.rpy,4911,4499,2026-05-27T17:52:51,2026-05-25T20:34:28,72aad9d8a2c7e19578409f7a3910678302a5ae58e9dd1f351291c6c4c29c32a1,66f17d5131b478aa3947c159d9675ef86a02635cf3263b26bd12f1d7f5842ce0,1,1,0,0,0,0,10,10,0,0,,
modified,combat_enemies;items_inventory_clothes;rooms_objects,Items/Core/GameItems.rpy,5204,4848,2026-05-27T17:52:51,2026-05-25T20:34:28,96fa3472d7b1d1a38bf8f36dea18968562c8f6dc706eb2de4d8ddd159416de28,23d9eb102cbc88caf7d0918049d8d854007714134d3a8911ee6a706ca551172b,0,0,0,0,5,5,3,3,0,0,,
modified,combat_enemies;items_inventory_clothes;player_state;rooms_objects,Items/Crafting/SoapCraftAndAtticItems.rpy,92717,95499,2026-06-06T15:57:34,2026-05-25T20:34:28,1a59aeecceda933c5c2f916729ba35b545825057a32e3be0b5a588a88fce1c40,54c34bf53cf33d1ce4a4db127ac383e9097783b02e2b1bc60971396a2ab17f19,0,0,14,14,0,0,61,61,24,24,,
current_only,events_threads;items_inventory_clothes;people_npc;player_state;rooms_objects,Items/Crafting/SoapCrafting.rpy,17291,,2026-06-06T15:57:34,,250f50b7149db939ec28eb17e0aaade78e570137ad70650e9394310dccc7daa3,,0,0,0,0,0,0,1,0,10,0,function:get_available_soap_aromas;label:CraftSoapFinalize;label:CraftSoapPlayerChoice;label:GirlSoapFavorNegotiation;label:GirlSoapRequest;label:RoomTableStartSoap;label:SoapChooseAromas;label:SoapSecondStageFinalize;label:SoapSecondStageFinish;label:UseOrGiftSoap;label:soap_aroma_selection_loop,
modified,items_inventory_clothes,Items/Resources/BerriesItem.rpy,1637,1225,2026-05-27T17:52:51,2026-05-25T20:34:28,3ea92f4ee856c55bedacd220a253665d839316409d1b9804f89a33e0e6418cc6,3426500b9fdebbd9d8c1f678e67471b53b3f405395004e6f0c6afa5b81ba5728,0,0,0,0,0,0,0,0,0,0,,
modified,items_inventory_clothes;rooms_objects,Items/Resources/ChoppedWoodItem.rpy,1576,1514,2026-06-06T12:15:22,2026-05-25T20:34:28,bb64dc13f72d46bcf4a49db09d5b7b0095de42a67a756edf128d1c46ed07ad4f,f55008c42f4dd857c613c27dc0ad3578a63274f14e815765bd68336c02f3dba0,0,0,0,0,0,0,1,1,0,0,,
modified,items_inventory_clothes,Items/Resources/FoodBaleItem.rpy,901,489,2026-05-27T17:52:51,2026-05-25T20:34:28,e92840c2447fc9902dc8927f487720028de61567b1086b89cd2b5e0152485673,043c8f4450fb40e95b78642488c6c212aa1b2832eeecc2d39eb62dea3b81e77a,0,0,0,0,0,0,0,0,0,0,,
modified,items_inventory_clothes;player_state,Items/Resources/HoneyCombItem.rpy,2143,1824,2026-05-27T17:52:51,2026-05-25T20:34:28,c51e4d104176d31d337704d71dcffd443f2cfcfbfd4ea83908aa22a5cde2eb49,2db225500dd343c21f451a58c836e0d7ae246f2c48ce92d36f0612c491b0e46b,0,0,0,0,0,0,0,0,1,1,,
modified,items_inventory_clothes;player_state;rooms_objects,Items/Resources/LumberItem.rpy,1628,1553,2026-06-06T12:13:07,2026-05-25T20:34:28,ce4e369799d0fd9374010518e2dee044a0f03b062d6491beb65d5b0c18796718,ceb6b9caae59435f6a3dd6d52ee9ec8f46c976c9eb98a04666f2567f9fc2a71a,0,0,0,0,0,0,2,2,0,0,,
modified,items_inventory_clothes;rooms_objects,Items/Resources/MushroomItem.rpy,1674,1262,2026-05-27T17:52:52,2026-05-25T20:34:28,a7a9a3dba66369ef505a20d4df2762eab39739ceb2a544d0baeb67ac36d24bc5,fc1b65e4520ff7cf906d2015dadecfe7b7bf929eed87cf6b61deb64d6d744ffa,0,0,0,0,0,0,0,0,0,0,,
modified,items_inventory_clothes,Items/Resources/OldAxeItem.rpy,1279,1281,2026-06-06T12:13:00,2026-05-25T20:34:28,0de76e501da1a54284c874bfe4ce4fd98b49c406b4b7af365bb4fa4d640ec907,0257aff11de300545b7407d700f5ff2cb7bb5b7cd6c21622f137dcc293a5555a,0,0,0,0,0,0,0,0,0,0,,
modified,items_inventory_clothes;rooms_objects,Items/Resources/TavernHelpBookItem.rpy,6915,6503,2026-05-27T17:52:52,2026-05-25T20:34:28,6e079c5514e1974eb3e39df919add45378b929b70eb034d326fe76581c0d41dd,4a7d75105b99b0dfe4f396926c8be6345a695eb544a14fc153977765ef34466f,0,0,0,0,0,0,0,0,0,0,,
modified,items_inventory_clothes,Items/Resources/WineBarrelItem.rpy,876,464,2026-05-27T17:52:52,2026-05-25T20:34:28,a9ba66f4cd405ca79c31da6883b0d44e6b158f03734738c8dba710af9ee0e19a,af0c91d45043eff4731933fa7d8054677b8dbf6abaf6dc5b9d490206809e2c68,0,0,0,0,0,0,0,0,0,0,,
modified,items_inventory_clothes,Items/Shops/GroceryStoreItems.rpy,941,529,2026-05-27T17:52:52,2026-05-25T20:34:28,abec53cd83a5a585a9339b3e2b28a07d2b10298698adf62bb1b7ffed1a9a37c9,74bd92e8363e37ad08c84a6044a178d412ac8e3cf227b19b883e2d26cbdb44ae,0,0,0,0,0,0,0,0,0,0,,
modified,combat_enemies;items_inventory_clothes,Items/Shops/HunterClubItems.rpy,16880,16703,2026-05-27T17:52:52,2026-05-25T20:34:28,0991e02aeeff3c32951c45c964dcd5ab63b7781d8a273a936e1620e14486a5ae,62b883c4b008bc540a151b896bb54f2c25953dffca7365846b4468af7d001571,0,0,0,0,0,0,0,0,2,2,,
modified,events_threads;people_npc;player_state,NPC/Girls/Amanda/AfterDanceLegare.rpy,20738,20395,2026-05-27T17:52:52,2026-05-25T20:34:28,dbdfa08c15e619246604283bc90f330bd1ee1297d3707ab95bbc51428ea0218c,c50fe09cab3348c635a87dc9a74e62436ebeba2038e9a95b170ba6c2bf8bb219,0,0,0,0,0,0,0,0,3,3,,
modified,media_display_data;people_npc;player_state,NPC/Girls/Amanda/AfterDanceSexLegare.rpy,32683,32890,2026-06-06T16:28:10,2026-05-25T20:34:28,22265dd2a9077750db8223b57c469ebf4f6ad3b2d51e98fb7935226d6e05daa7,f3abf75dcdbe6f2f1ea2f54eb9a1c44b88a34c469ebaf400de54cc400ebbc162,0,0,0,0,0,0,6,6,1,1,,
modified,events_threads;people_npc;rooms_objects,NPC/Girls/Amanda/AmandaAI_Bridge.rpy,94898,95058,2026-05-27T17:52:52,2026-05-25T20:34:28,37eef84896df5b3fbe64c76993a648e71ed82875d378afce30674999321dd117,6428b983a5f563e2cea149356a0304e0f35d8f4a758a111b213b0d793fbca2be,0,0,17,17,0,0,64,64,17,17,,
modified,people_npc;rooms_objects,NPC/Girls/Amanda/AmandaAtGloryHole.rpy,33939,34220,2026-05-27T17:52:52,2026-05-25T20:34:28,c63e428494ff3e25411d2c4b6f6c816bd853a9c47a43e52d2567432339843e7c,dc8ed560d92b98153d0f9f63b2148ed92c21637c580fa4015500c672e1d6ddee,0,0,1,1,0,0,0,0,2,2,,
modified,items_inventory_clothes;people_npc;player_state;rooms_objects,NPC/Girls/Amanda/AmandaAtHomeCode.rpy,32897,33486,2026-06-02T04:26:55,2026-05-25T20:34:28,e9d28111415065e81a2a883727b795ce31302375e04fe947ca40464f42c93819,3dc417a2c897d2724cf6eccab04ec14b3a0117464e3725bbfbffaa3a85c9cddf,0,0,0,0,0,0,2,2,11,10,label:AmandaAtHomeStateDefaults,
modified,people_npc;player_state,NPC/Girls/Amanda/AmandaDynamicCommonBlocks.rpy,18785,18239,2026-05-27T17:52:52,2026-05-25T20:34:28,9eed66218885d5896dd62bb690bb935ed0815bea4db0992085202f5874f725b9,19cf0bdbb8ee8a88a35770d97206762b0127750d60f581c2fff26200eb216c76,0,0,2,2,0,0,10,10,1,1,,
modified,events_threads;people_npc;player_state,NPC/Girls/Amanda/AmandaLegareDanceSequence.rpy,8085,7600,2026-05-27T17:52:52,2026-05-25T20:34:28,439dd77088960c6d3b6f9e4fa3bc4fdd503f9d342909fa370614ef062f9b6ce9,1bba458f3b0c7ff24884b15b83901e071ab712caf7cb4e176f29730a524ea68b,0,0,0,0,0,0,2,2,3,3,,
modified,people_npc;player_state;rooms_objects,NPC/Girls/Amanda/AmandaLoverSex.rpy,25481,25102,2026-05-27T17:52:52,2026-05-25T20:34:28,9915d79801e0b87d06fad1a4659e3e6519ab29d11283770c309fcd7c91180cca,97fd085255792d8bdaa54b08debd9ff832c01e88a2bf087c838613a03009e6e7,0,0,0,0,0,0,0,0,6,6,,
modified,people_npc;player_state;rooms_objects,NPC/Girls/Amanda/AmandaSexDanceStreet.rpy,2787,2504,2026-05-27T17:52:52,2026-05-25T20:34:28,0118a67adc0ed211b151a1e49fa851ad304c9bc26f7d18a94829a2f95aaa74e9,481c83e7e2d6fad4ff1087ec0627db8adba65ab1543baea200c6a827b0812ee3,0,0,0,0,0,0,0,0,1,1,,
modified,events_threads;people_npc,NPC/Girls/Amanda/EventAmandaLegareCreateDance.rpy,4620,4196,2026-05-27T17:52:52,2026-05-25T20:34:28,55f1378ad834e6ae5cd9172d07a8cc28f61ecbd75284b1456d6a79b9853aad86,be237b283965ab57976e96a50d7d54b8108834bb4472c042af1cfa3a2e581441,0,0,0,0,0,0,1,1,1,1,,
modified,events_threads;people_npc,NPC/Girls/Amanda/EventAmandaLizettTalk.rpy,8424,8082,2026-05-27T17:52:52,2026-05-25T20:34:28,d689ed864d7026fa1381373f00f9726b129b6021bcbf5761829824fc307c57e5,41ff36d02964e62fef36df0783eb1d12b162bae835cd205c76aaaf3553de33d9,0,0,0,0,0,0,0,0,2,2,,
modified,events_threads;people_npc;rooms_objects,NPC/Girls/Amanda/EventAmandaLizettTalk2.rpy,4252,3950,2026-05-27T17:52:52,2026-05-25T20:34:28,417db648c6782ed39d135da850cd50dd90365e3705ea36408e35c7e15df18f06,08c2de709ae8eef0c93708112a685fb38ba1618e1d28557a4c72e2277ecbdfd7,0,0,0,0,0,0,0,0,2,2,,
modified,calendar_time;events_threads;people_npc;player_state,NPC/Girls/Amanda/InitAmanda.rpy,12285,11230,2026-06-06T16:40:40,2026-05-25T20:34:28,312910a75df3b80d1f59ff6e62fcc4f194ced1b0861ace40e515663bdca9cf74,36b9a37271aaa74d9ba2fae1c98c12e505e3f629cb7f5b5aa406ead0dbdb1dea,0,0,0,0,0,0,9,9,1,1,,
modified,people_npc;player_state;rooms_objects,NPC/Girls/Amanda/InitAmandaLizaTalkItems.rpy,39971,39584,2026-05-27T17:52:53,2026-05-25T20:34:28,f91acc49f8464f285a6c9ce6e7b092356199a1ec388aa5e20bc79be13c1b97c7,8bc85bfc2109c4973d50adb0bb7e81436d638df7c772e6e202050596b004a15b,0,0,0,0,0,0,7,7,1,1,,
modified,events_threads;media_display_data;people_npc,NPC/Girls/Amanda/IntAmandaDance.rpy,22313,23419,2026-05-27T17:52:53,2026-05-25T20:34:28,fa2af8bba0ec2f48fea904d43b0a1e026c90351dda930e04433f86572067190d,dcfa788e07119588ed83d6bd3bcc0dc9c0870e88935c565e598b7476016f6b39,0,0,0,0,0,0,0,0,1,1,,
modified,events_threads;items_inventory_clothes;people_npc;rooms_objects;schedules,NPC/Girls/Amanda/IntAmandaDressChange.rpy,26216,26142,2026-06-07T02:15:24,2026-05-25T20:34:28,30bf18e75a7584244c23520963ecb72038fa90e6c399bf9bfb359aa2aa989b4d,4c0ec6ce05c2236e613b95f87bf77aaeea13bcd9711c01e98269366189ce3370,0,0,0,0,0,0,2,2,3,2,label:IntAmandaDressChangeRefresh,
modified,items_inventory_clothes;people_npc;player_state,NPC/Girls/Amanda/IntAmandaSex.rpy,57035,57896,2026-06-06T16:28:10,2026-05-25T20:34:28,a9844c8e77c7527806402afb958411c5ebe966d62038fe8f0cbed035d6911565,455ea94b7181e7e31a1dfc2c414e374dc14837ffa3cf517d788b01f08581fc91,0,0,0,0,0,0,3,3,3,3,,
modified,items_inventory_clothes;people_npc;player_state,NPC/Girls/Amanda/IntAmandaTalk.rpy,27585,27540,2026-05-27T17:52:53,2026-05-25T20:34:28,12ef3e9f4f8f60362d15b6a26829eb3ec4c26256833c209802f2ff70ef765a58,86300dae3dcf18a5e34d47ac369494837ceb329f0f6aad93a59ed0e7c7303c1a,0,0,0,0,0,0,0,0,4,2,label:IntAmandaTalkRefresh;label:IntAmandaTalkRestore,
modified,media_display_data;people_npc;player_state;rooms_objects,NPC/Girls/Amanda/ShowAmandaPortrait.rpy,1072,709,2026-05-27T17:52:53,2026-05-25T20:34:28,9fdc34f6a954a4f4d5cc61e9cb8b08096fb499c2091476d1feb8930218a86186,695f4a2809093456458e4f01eea96914d902a88e6be81c123ce4bdf88799a013,0,0,0,0,0,0,0,0,1,1,,
modified,media_display_data;people_npc;player_state,NPC/Girls/Becky/BeckyEddieJoinFirst.rpy,12626,12849,2026-06-06T16:28:10,2026-05-25T20:34:28,dd46c9c471ed77a75c23f58ee95cfab6cc1148a59884f72fee761f23b73f8a2b,3d3f4440c33da5f214804d5737b76a5c65bd19f6cb00bdd2feb27f4086589b51,0,0,0,0,0,0,1,1,3,3,,
current_only,calendar_time;events_threads;people_npc;player_state;rooms_objects,NPC/Girls/Becky/BeckyEvents.rpy,52245,,2026-06-06T15:57:34,,3981e7a57880668b10341ee5c170f01343427dd71e3e59d0d6f6e89b026f9634,,1,0,0,0,0,0,2,0,9,0,class:LThreadData;function:__init__;function:rand_int;label:becky_blackwood_quest_start;label:becky_blackwood_talk_reveal;label:becky_eddie_black_eye;label:becky_home_georgett_visit;label:becky_home_georgett_visit_cum_menu;label:becky_home_georgett_visit_menu_continue;label:robin_mongol_vouch_safe_passage;label:zimmer_bandit_camp_choice;label:zimmer_guard_mission_update,
modified,people_npc;player_state,NPC/Girls/Becky/BeckyInviteHome.rpy,2079,1627,2026-05-27T17:52:53,2026-05-25T20:34:28,0954ea3a1f7bf661a1122e3a47975882add389826d9e805ed60a7b2a09c4eb62,ed9b7c276e837a153027dee019156820ee1bc219ea70139f604e6a27b876eb1c,0,0,0,0,0,0,0,0,1,1,,
modified,events_threads;people_npc;player_state,NPC/Girls/Becky/BeckyLoversInStore.rpy,7037,6629,2026-05-27T17:52:53,2026-05-25T20:34:28,3aea5a1463cf7203ba481c5335213af68572528a0b00b99f553510504a182a03,1e86ef1bd582c49c85a4b57ba64e38f756ae8bda9b26dbfb7e3c1d8320c4ef1c,0,0,0,0,0,0,0,0,1,1,,
modified,events_threads;people_npc,NPC/Girls/Becky/BeckyQuestInit.rpy,4564,4186,2026-05-27T17:52:53,2026-05-25T20:34:28,edeb657dc0fbce694bfe2536588f942bfa51a1a9d5fa3479d37c41012b5a8593,ae6fb2e831b859d09fccbc6ffc1af2d375662be94cd9ccb59dcd8b3e02d79609,0,0,0,0,0,0,0,0,1,1,,
modified,media_display_data;people_npc;player_state,NPC/Girls/Becky/GeorgettBeckyVisit.rpy,14490,14422,2026-06-06T16:28:10,2026-05-25T20:34:28,32ac65742ea5659e40931e227c39178b303f018192f202c933a49b8414e5abe7,3d250cdc6f35d4c07924ece4bab7f6c1616eb2e00b6b73f9c6644d13cb1f1f77,0,0,0,0,0,0,0,0,2,2,,
modified,calendar_time;items_inventory_clothes;people_npc;player_state;rooms_objects;schedules,NPC/Girls/Becky/InitBecky.rpy,9951,8847,2026-06-06T16:40:40,2026-05-25T20:34:28,17892d63a3c967a8d3998fc7cb5f876ab8fd412119f30132fd4b77e2bb25b6e0,a52ba9c2b369543ac6daea1bf686de4320d5aa7734950c506017caa3b369dad9,1,0,0,0,0,0,6,5,1,1,class:Becky;function:__init__,
modified,events_threads;people_npc;player_state,NPC/Girls/Becky/IntBeckyAfterCermon.rpy,22198,22112,2026-05-27T17:52:53,2026-05-25T20:34:28,251b42b661f58a11da8290dc6dafe4e55759c9e4243814e3d7106ec4070ad158,2746d7c63c2514cc48e3cefe5b0dcdb67695adaf3e411cdf9f3905d9fe79946c,0,0,0,0,0,0,0,0,2,2,,
modified,events_threads;media_display_data;people_npc,NPC/Girls/Becky/IntBeckyDance.rpy,18144,18821,2026-05-27T17:52:53,2026-05-25T20:34:28,fadacd0f239d11f89f770894d949b1f611efe3d2f28761cfdb1bf81cc2e31d58,70f701620b986e71d41bb3a29b157b26cefedfcd54e53771b90d8f5b4c7ed735,0,0,0,0,0,0,1,1,1,1,,
modified,events_threads;items_inventory_clothes;people_npc,NPC/Girls/Becky/IntBeckyDressChange.rpy,19455,18994,2026-05-27T17:52:53,2026-05-25T20:34:28,5b7834b4a388179a372a279327fbd9739b410b31dc61ea5491c0bbd0c63ba182,ebcf59921bb7c23a2788cbf1923c02599f868d066c8d3253443cdcffa1902947,0,0,0,0,0,0,4,4,1,1,,
modified,media_display_data;people_npc;player_state,NPC/Girls/Becky/IntBeckyGuest.rpy,19045,19406,2026-06-06T16:28:10,2026-05-25T20:34:28,ef763333a1c657f241ecf155efe327e03c846b1cf5d7610cadf2818393678243,9a8db7f07d975e683b4e478848d721fce9b306b5391d9f9c3382389b9918ab95,0,0,0,0,0,0,1,1,3,3,,
modified,items_inventory_clothes;people_npc;player_state,NPC/Girls/Becky/IntBeckySex.rpy,51177,52142,2026-06-06T16:28:10,2026-05-25T20:34:28,99826e792526082db300602cd015bc2a2133c32af8fe761a9323ea0bccacce0d,b199086b982811b4cea7f1aa6f12cdd0e1e3de71291c64316a5b35f6fc2b0b37,0,0,0,0,0,0,5,5,3,3,,
modified,items_inventory_clothes;media_display_data;people_npc,NPC/Girls/Becky/IntBeckyTalk.rpy,11326,10952,2026-05-27T17:52:53,2026-05-25T20:34:28,0193c15d768e7e68e6c9d70ab14fed7c9b0d56b98119f3f27fa6537df5e25743,d81675115c674fe733463f1fc19cdddf994d237308c249f62b72bc05e3c304cf,0,0,0,0,0,0,0,0,3,2,label:IntBeckyTalkRefresh,
modified,people_npc;player_state,NPC/Girls/Becky/IntBeckyTalkSherwood.rpy,10843,9980,2026-05-27T17:52:54,2026-05-25T20:34:28,8f4231864f4c89e65320e205209c7b3ee4fe16573304fc6a1bbd5901ee197cf1,15e3dbaf99abc47ea02c7babf9d0ae40689cae8ffded87312653b8846de2a5fb,0,0,0,0,0,0,0,0,3,2,label:IntBeckyTalkSherwoodRefresh,
modified,people_npc,NPC/Girls/Becky/IntBeckyTalkTopics.rpy,39892,40148,2026-06-06T14:30:46,2026-05-25T20:34:28,9ecabc834525a093d50b16b8b3cc468f1e9a46ecea158b21d863889871eae959,1f0ecaa7e3d043ee55a79d75a91f55e17573b00aa3abebf362bf377c40e6f1ae,0,0,0,0,0,0,0,0,18,18,,
modified,media_display_data;people_npc,NPC/Girls/Becky/ShowBeckyPortrait.rpy,1156,796,2026-05-27T17:52:54,2026-05-25T20:34:28,da0dced2401c9b350e5eb0445fe7d198e95c009d44e5c228c03d286f01669bd1,88620e7177606437638061db9b25dc0e5c17fe7a17af6c7f430c998b47c6d0bb,0,0,0,0,0,0,0,0,1,1,,
web_only,calendar_time;events_threads;media_display_data;people_npc;player_state;rooms_objects,NPC/Girls/Clara/ClaraEvents.rpy,,13528,,2026-05-25T20:34:28,,a98432fc12c3c80f87c1b16cf350caca49da12569e2dd6ac81df978ac690d878,0,0,0,0,0,0,0,0,0,7,,label:ClaraMarketCloakTalk;label:ClaraMarketSecretMerchantBuy;label:ClaraMarketSecretMerchantMenu;label:ClaraMarketSpyDay_0;label:ClaraMarketSpyNight_1;label:ClaraMarketSpyNight_2;label:ClaraMarketSpyNight_2_Mongol
modified,events_threads;people_npc;rooms_objects;schedules,NPC/Girls/Clara/ClaraPaintingsThread.rpy,28879,29588,2026-06-06T05:30:18,2026-05-25T20:34:28,e7cafa2ee0818c03237062e7b40cfe8eb560781aff5a4d17fb77f70ba2ae1fa3,a5d161d001d3ced8968b2d9c0d4ce2da8d10b39a409ef10b13457e38b4ff77ed,0,0,1,1,0,0,18,24,15,15,function:clara_paintings_flag;function:clara_paintings_set,function:clara_paintings_barber_morning_time;function:clara_paintings_barber_night_roll_active;function:clara_paintings_barber_night_time;function:clara_paintings_clara_location;function:clara_paintings_evening_time;function:clara_paintings_hour;function:clara_paintings_person_location;function:clara_paintings_wine_morning_time
modified,combat_enemies;events_threads;people_npc;rooms_objects,NPC/Girls/Clara/InitClara.rpy,27244,27104,2026-06-06T16:40:40,2026-05-25T20:34:28,1f3514b6d50c3b1cb941f00c5943fb0e449edfe631303e717118ca6adbc9ccc0,acc2bd48c955519a0d49984046285f57b7c1027e23ac219f0822b613fd1f3fe2,1,0,0,0,0,0,22,26,1,1,class:Clara;function:__init__,function:clara_booklet_market_thread_num;function:clara_market_spy_day_available;function:clara_market_spy_night_available;function:clara_market_story_caption;function:clara_market_story_label
modified,events_threads;media_display_data;people_npc,NPC/Girls/Clara/IntClaraTalk.rpy,20958,22096,2026-05-27T17:52:54,2026-05-25T20:34:28,da7ecfaef9e2728b6cbfda4541b991f1d6f19d26ebcf2225aac94b53b21d9eb3,e0a2e989b033f4f04a1a8bdc9b31255c7625ddc7f3f5cfd8252bd0141516e920,0,0,0,0,0,0,2,2,5,5,label:IntClaraTalkRefresh,label:ClaraMarketFollow
modified,events_threads;items_inventory_clothes;media_display_data;people_npc;rooms_objects,NPC/Girls/Common/EventCleaningHarrassPart2.rpy,8948,9137,2026-05-27T17:52:54,2026-05-25T20:34:28,a0dba302926a485b562343e6d30bb07553dd125d54d2c2a7ba19de95efede42c,2b94a04123f15eebc9d2ba0fff33ebc23071a9a1518317a7b0bd7cdc7d2466bf,0,0,0,0,0,0,0,0,1,1,,
modified,events_threads;items_inventory_clothes;media_display_data;people_npc;rooms_objects,NPC/Girls/Common/EventWaitressHarrassPart2.rpy,6362,6566,2026-05-27T17:52:54,2026-05-25T20:34:28,87edd1be55ecd6a312784f1b111636a6ffb9afecb8dff3167ab0b96fb9a4d7b6,fa17a894d6e4835cc1b286c381a7dc8c847ae93f865872bb2edba592415a6f01,0,0,0,0,0,0,0,0,1,1,,
modified,people_npc,NPC/Girls/Common/GetGirlDrunk.rpy,895,596,2026-05-27T17:52:54,2026-05-25T20:34:28,6751d314eba5a2272f3d9e6f5d754079fbcc262e325574fa898d4fe63267fb8f,c04f5dbf215eb801e076d94953d967eeca3bee2d0f816f23edf3fc05930785b9,0,0,0,0,0,0,1,1,1,1,,
modified,people_npc,NPC/Girls/Common/GetRandomGirlByJob.rpy,1452,1032,2026-05-27T17:52:54,2026-05-25T20:34:28,f12d3105c719eb92bbe4b80fda874af5a3e35d0c9853478e8e693f252c5142ca,a2a69939acce623b281c3af63357df54d860aebf66f82cdbae581af104308f2a,0,0,0,0,0,0,2,2,0,0,,
modified,items_inventory_clothes;people_npc,NPC/Girls/Common/GirlCard.rpy,14847,11621,2026-06-08T05:05:09,2026-05-25T20:34:28,e2f1e7fc5844e5e6a059f0708528d3613ddbc1c525be54845e2a48c5654d60c7,9ae750eaad443cf04d14afcef734afca9e8263d232cb35853410531b84002d32,0,0,0,0,0,0,9,9,2,2,,
modified,events_threads;items_inventory_clothes;media_display_data;people_npc,NPC/Girls/Common/GirlDressBuy.rpy,6041,5828,2026-05-27T17:52:54,2026-05-25T20:34:28,a28587a4d97b3d048ebe967137edc18def1a939c94136baeab612c40e5766e38,8ccc4caa8172f3fd260ace46ec62d7c6c72ae7f681dce3fe34e0b2727f19fc1b,0,0,0,0,0,0,1,1,5,5,label:GirlDressBuyRefresh,label:GirlDressBuyMenuState
modified,items_inventory_clothes;people_npc;player_state,NPC/Girls/Common/GirlDressSuggest.rpy,18188,19092,2026-05-27T17:52:54,2026-05-25T20:34:28,f61331e61841f116a575f9f7199faa85ca67712c3607bf5275c044588de222dd,ec2ba787b107586f3adb70b6d380d25c80b4ea7fa025c5f950561889e6d34797,0,0,0,0,0,0,16,16,3,2,label:GirlDressSuggestRestore,
modified,items_inventory_clothes;people_npc,NPC/Girls/Common/GirlSuggestDressFunc.rpy,21799,22403,2026-05-27T17:52:54,2026-05-25T20:34:28,4e57af89aa2e271218f50041aeffe6cac2a8606de12a168be8c9d3ae59a88edf,cc759dcc58f5dd79a6b638dd9f01888bee4ba91d79f83d33bbc2f617664676ef,0,0,0,0,0,0,0,0,7,7,,
modified,items_inventory_clothes;people_npc,NPC/Girls/Common/GirlsDesc.rpy,22003,21846,2026-05-27T17:52:54,2026-05-25T20:34:28,3262a1c4180badf52fbb92862ea9cddb00ee54840abb993ec8ce952578b9e960,e6d1c525c3aedf05d84dbe50f8f1e6cea9a6c17920f746be74b7bbe0b65913c2,0,0,1,1,0,0,10,10,1,1,,
modified,people_npc,NPC/Girls/Common/IntHarrassmentDiscuss.rpy,9546,9427,2026-05-27T17:52:54,2026-05-25T20:34:28,fc86ecc0396fe95080957cf05e988b2005df65c66ea5ebb89ac6ebf28d23a028,94a4eb9dfa3796813059eb8a166de86703b475ea68d574f89d9ff7a865f9a0f7,0,0,0,0,0,0,0,0,2,2,,
modified,events_threads;items_inventory_clothes;media_display_data;people_npc;player_state;rooms_objects;schedules,NPC/Girls/Common/MomDressComplaint.rpy,27240,27617,2026-06-07T02:15:24,2026-05-25T20:34:28,e52016cefd3020d406288e2098a8e741afad15a7eaf31be694b0b15f05ab68ed,2c0e920e12709b6823e02fd766a729fd0844f6006b1647333e00da7dd4992ce5,0,0,0,0,0,0,6,6,13,13,,
modified,events_threads;people_npc;player_state;rooms_objects;schedules,NPC/Girls/Common/MorningSickness.rpy,12183,12127,2026-05-27T17:52:54,2026-05-25T20:34:28,14ad52b47b4f3940ca7a99a99a74da0c709a5a7056c086a0e7053b772e314a62,0df62a8f3544e1e95f147a6158310e4b24acacfcccd9091ae4f4191fa0d7a8b4,0,0,0,0,0,0,2,2,5,5,,
modified,events_threads;media_display_data;people_npc,NPC/Girls/Common/PartEventGirlHarrassmentReaction.rpy,10119,9670,2026-05-27T17:52:55,2026-05-25T20:34:28,31379fade293c9aab2f3e69c0df96f0043d2ffd028db04c97adba873f4c93f5c,46b3b69a5014754476e34a4616457047b18859fab30db37a6dbf83691ea03e3b,0,0,0,0,0,0,0,0,1,1,,
modified,events_threads;people_npc,NPC/Girls/Common/PartEventGirlReactionTalk.rpy,4779,4251,2026-05-27T17:52:55,2026-05-25T20:34:28,6b7efe31f2806302f851a47626e1f39affd1d8548d1e209f8bee69f37b770f74,5097d0b5260441f9a69486792ae2b8004dc333241363a5173b9c1e526fab5dd7,0,0,1,1,0,0,4,4,1,1,,
modified,events_threads;people_npc;player_state;rooms_objects,NPC/Girls/Common/PregnancyCheck.rpy,8491,8381,2026-05-27T17:52:55,2026-05-25T20:34:28,a2974e9a4991b87a2c2dbdc23fe2ed04e9450df0609131e1f30560fe3027fb39,7e036aaf630f4c898644744b15e35125d55a6c907484f74d40bd4bd0f0d7d3d1,0,0,5,5,0,0,5,5,1,1,,
modified,calendar_time;people_npc;player_state,NPC/Girls/Common/ShowGirlSexHistory.rpy,2446,2028,2026-06-06T15:57:34,2026-05-25T20:34:28,d2af86504f2eabe447d31fa84a7dc6e1b6c3e52590a83e4133fdefd9bc24365c,70feee54d916b97c19f4135011142d930db15a992a5183099dc5a0f273897307,0,0,0,0,0,0,2,2,1,1,,
modified,people_npc;player_state;rooms_objects,NPC/Girls/Common/SlutFriendsIncrease.rpy,2644,3161,2026-05-27T17:52:55,2026-05-25T20:34:28,3013855b4b30d08bffc3744edec1c89866e4383247f29ed658ebe4659d466193,db29aea10545b94152bd12233c921cf8e1acc1058510c315a771eb337e80672c,0,0,0,0,0,0,2,2,1,1,,
modified,people_npc;player_state,NPC/Girls/Common/ZaletOpinionCalc.rpy,20214,19646,2026-05-27T17:52:55,2026-05-25T20:34:28,ee35a884d87335baac1909cfc47fc48d4c77f166acaba170415422bf242af423,6912c93906265e773fd8d4eb7112d0ca2218e2f6f67db60fdfdde40385ee1840,0,0,0,0,0,0,13,13,1,1,,
modified,people_npc;rooms_objects,NPC/Girls/Francheska/FrancheskaTalk.rpy,15263,14513,2026-05-27T17:52:55,2026-05-25T20:34:28,e91ddddd2af5f317f0cd65e97d15ac3ae01af1f26778e336d9ef1f3813e4e623,404ad44b0bc6470552a5d72211c6aab275a13c9ac97fccd24d2af6512295d39a,0,0,0,0,0,0,16,15,4,4,function:_fran_clean,
modified,calendar_time;items_inventory_clothes;people_npc;player_state,NPC/Girls/Georgett/InitGeorgett.rpy,5474,4205,2026-06-07T02:13:38,2026-05-25T20:34:28,342b00acae797e21fedeb0f9dcb7775f2004519424b96b3d4507c36ef89e42b4,c1c3866a62250d768fed52454210b49b27873de5292dbbaddfb8752eadf0bdca,1,0,0,0,0,0,1,0,1,1,class:Georgett;function:__init__,
modified,events_threads;media_display_data;people_npc;player_state,NPC/Girls/Georgett/IntGeorgettAfterCermon.rpy,9925,9831,2026-05-27T17:52:55,2026-05-25T20:34:28,1ac39be0655cb3b1f1c0c0d5103835fb4c4ae898fce6a3b2e622e79edfb002ce,bcab1dd7d6d67c20e91c0847bc7e05b07259bcab5560a28178670d846bf61729,0,0,0,0,0,0,0,0,2,2,,
modified,events_threads;items_inventory_clothes;people_npc,NPC/Girls/Georgett/IntGeorgettDressChange.rpy,4368,3982,2026-05-27T17:52:55,2026-05-25T20:34:28,231a512c1fc58b4c5965afca4c153668b0e97bc860691280dd58221c0eecaf16,d0bb76588864d0b3255fec32328d3714ea03d595f4ccab5ff186cd33da015ec8,0,0,0,0,0,0,0,0,1,1,,
modified,items_inventory_clothes;people_npc;player_state;rooms_objects,NPC/Girls/Georgett/IntGeorgettSex.rpy,26348,27802,2026-05-27T17:52:55,2026-05-25T20:34:28,d5419be5f239ac2a42d78529692275d36a5200b225c541799eed73f932a8ded9,1cecb99ddbeffae7975291ef3027dbc060ebc2e46c9a329b481aa781730f7c6a,0,0,0,0,0,0,3,3,6,6,label:int_georgett_sex_menu,label:sexGeorgette
modified,items_inventory_clothes;media_display_data;people_npc;player_state;rooms_objects,NPC/Girls/Georgett/IntGeorgettTalk.rpy,41193,51304,2026-06-07T02:15:24,2026-05-25T20:34:28,02e4fdbb7ce6ffe87ae3c65f9d08d9eaf1fdae943be2e45cac53fc9ca9f829d2,f4ad2cef299606a298d9daae1deffbb46ba8f506bbe263fe9bdb5963244ececd,0,0,0,0,0,0,1,4,4,6,label:IntGeorgettTalkRefresh;label:IntGeorgettTalkRestore,function:georgett_item_caption;function:georgett_native_gift_item_ids;function:georgett_native_share_item_ids;label:IntGeorgettGiftApply;label:IntGeorgettGiftMenu;label:IntGeorgettShareDrinkApply;label:IntGeorgettShareDrinkMenu
modified,media_display_data;people_npc,NPC/Girls/Georgett/ShowGeorgettPortrait.rpy,1872,1623,2026-05-27T17:52:55,2026-05-25T20:34:28,56a172e35d0bd82229cb0e394005ef799acca55ff3b7e57d9fdab93bfce70472,9c652f10a73d02cbad34576d1c8dc43480efaed9e7743c65530b135757f32916,0,0,0,0,0,0,0,0,1,1,,
modified,calendar_time;items_inventory_clothes;people_npc;player_state;schedules,NPC/Girls/Inga/InitInga.rpy,5081,3914,2026-06-06T16:40:40,2026-05-25T20:34:28,55bbbd6687df43107179506b7262485c7573f06ce22ea05e6196b879baef32f0,ee9db58a2b482dc30a95f9dfa93713be8414618f061ce4aad2e14d8423815c62,1,0,0,0,0,0,2,1,1,1,class:Inga;function:__init__,
modified,media_display_data;people_npc,NPC/Girls/Inga/IntIngaTalk.rpy,1338,977,2026-05-28T02:58:02,2026-05-25T20:34:28,9db1d34aceddb06fbf774497f5464a8afb013916b0f54f00b7eecde65ea646be,04c6d525edd66a854a3006dc52265e59a60fae63f92eaaf0fcbc9cfacad4d80b,0,0,0,0,0,0,0,0,2,2,,
modified,items_inventory_clothes;people_npc;player_state,NPC/Girls/Irma/InitIrma.rpy,6444,7328,2026-06-06T16:40:40,2026-05-25T20:34:28,d4e061440b3dcd263b487faf311b5f3f559a631651248922228a463b624263e4,ff1d6f0da62cc820cb6ca3068814c4e0a4ec0ad8c63d26ef1fdbbacb3aee8485,1,0,0,0,0,0,13,12,1,1,class:Irma;function:__init__,
modified,items_inventory_clothes;media_display_data;people_npc;player_state,NPC/Girls/Irma/IntIrmaTalk.rpy,8857,8030,2026-05-31T14:06:21,2026-05-25T20:34:28,02167a8ba915e4a96d84b7fed53f860e4301facc73e414b3be8bf7c86c72453b,3fcb1f20c04d7715c5c459df0da45a59e4b4895fb153c9701ffcbbf8fd3c2a26,0,0,0,0,0,0,8,8,3,2,label:IntIrmaTalkRefresh,
modified,people_npc,NPC/Girls/Irma/IrmaShortStories.rpy,5729,5293,2026-05-27T17:52:55,2026-05-25T20:34:28,96c655b6f169fc0c60a2cbab570185dc345e4f4caa9a34ce663be24b3b3b82e1,c6de1f07737b4ae15b99c260926a28ce978676040604e56973ff3c2d0da29b5c,0,0,0,0,0,0,0,0,1,1,,
current_only,events_threads;items_inventory_clothes;media_display_data;people_npc;player_state;rooms_objects,NPC/Girls/Irma/IrmaTailorEvents.rpy,12074,,2026-05-31T12:48:03,,724d38ff3e53eeef3477a35fb7e75f96cf969d590821109b3bb66fcb46a0495a,,0,0,0,0,0,0,0,0,6,0,label:IrmaClaraFittingScene;label:IrmaMeasureEndScene;label:IrmaMeasureRoomMenu;label:IrmaMeasureRoomStage;label:IrmaSexSequence;label:IrmaShopFlirtScene,
modified,calendar_time;items_inventory_clothes;people_npc;player_state,NPC/Girls/Liza/InitLiza.rpy,4159,2941,2026-06-07T02:13:38,2026-05-25T20:34:28,a91fb47937771b43750c8abdcdf2c37261cd1c7671fb8a9af029715f1e8025ac,f026610078f10c1002e7d3e6b037c0f29d0a8a4c824ca036bc0c9c114eac3089,1,0,0,0,0,0,1,0,1,1,class:Liza;function:__init__,
modified,events_threads;items_inventory_clothes;people_npc;rooms_objects,NPC/Girls/Liza/IntLizaDressChange.rpy,14677,14256,2026-05-27T17:52:56,2026-05-25T20:34:28,81877efec3fb9f330c204523010ecb2fff1bc02267cae237629c675e1ceb3045,e023ca6b1d82b9d90795e65e9b2880e6cbdc79d5c270266417f1cda0fe49b638,0,0,0,0,0,0,1,1,1,1,,
modified,items_inventory_clothes;people_npc;player_state;rooms_objects,NPC/Girls/Liza/IntLizaSex.rpy,22696,23760,2026-05-27T17:52:56,2026-05-25T20:34:28,b42d1473ed87305797f502609d37372c0175197f7d3acae93f2b2b477a41fde1,45e449f5ef03abae8070a1407878b9c002da89c060cbc254112598ef016bd9d9,0,0,0,0,0,0,0,0,2,2,,
modified,people_npc;player_state;rooms_objects,NPC/Girls/Liza/IntLizaTalk.rpy,20192,19802,2026-05-27T17:52:56,2026-05-25T20:34:28,efdbb3e8a5285896b587ca3b8a6ed3ff74a7fa5301b05ada9cf0920799fe8944,dffa3e9c8ce695966680bc8d76c54081c88a7eac10dce7e14be0cc973caef275,0,0,0,0,0,0,2,2,3,2,label:IntLizaTalkRefresh,
modified,events_threads;media_display_data;people_npc;player_state,NPC/Girls/Liza/IntLizettAfterCermon.rpy,13910,13828,2026-05-27T17:52:56,2026-05-25T20:34:28,b1fe5db665a2d8b9c36a8a6741ae6ee9704bb424f8b5f1e14ea471bfd72bb459,5eefe6c179f98c26f2bb3093556926adbc54f8c3636033e7bad2df38af7fc59c,0,0,0,0,0,0,0,0,2,2,,
modified,media_display_data;people_npc,NPC/Girls/Liza/ShowLizaPortrait.rpy,1432,1133,2026-05-27T17:52:56,2026-05-25T20:34:28,19d2189957e38686ccf047860dd86b004e9ed785e5ceb4a9d755c0d01bab942a,96ff90c4938052657de045d01caf353dc2f9bae333fd54b055628b0ad4e35312,0,0,0,0,0,0,0,0,1,1,,
modified,people_npc;rooms_objects;schedules,NPC/Girls/Melissa/InitMelissa.rpy,18289,9273,2026-06-08T11:10:23,2026-05-25T20:34:28,d844a6d0ce559efe2fb776657d4349e280f66901613ce1476c3ecb0ce8567942,af320018546d3a4db4a95950fb6a85b5ea2d1f8dd57742317455565db1240e22,2,0,1,0,1,0,12,2,1,1,class:MelissaData;class:MelissaInfo;default:Melissa;define:MelissaStaticData;function:__init__;function:ensure_story_defaults;function:initialize_new_game_state;function:install_schedule;function:melissa_story_defaults;function:reset_daily;function:sync_from_melissa_maps;function:sync_melissa_maps;function:update,
modified,events_threads;items_inventory_clothes;people_npc,NPC/Girls/Melissa/IntMelissaDressChange.rpy,1925,1559,2026-05-27T17:52:56,2026-05-25T20:34:28,336e6a009d275909769fb6f91349c13f8df98b8cf88141ceac71ffb913860dd7,f0534f73b343d65af78be1f432e4d803918887cdba183917ed98b2c726cd228d,0,0,0,0,0,0,0,0,2,2,,
modified,items_inventory_clothes;people_npc;player_state;rooms_objects,NPC/Girls/Melissa/IntMelissaSex.rpy,30755,31402,2026-05-27T17:52:56,2026-05-25T20:34:28,b2abe1cd2fbb404e147bd185115a3b5abe4ad646121ab862e57bfb6b3753ce34,bdf6f8370bbeb2c471b7e6757bae2a5e9cac336826229ee8214c31a6c5c13dfd,0,0,1,0,0,0,18,18,5,5,default:SexTimesToday,
modified,people_npc;player_state;rooms_objects,NPC/Girls/Melissa/IntMelissaTalk.rpy,37944,38102,2026-05-27T17:52:56,2026-05-25T20:34:28,cbe6d2d05ab23a98f46204e91d5cbd0292b661574c65670fb9381453ca87df6d,edc5bb1f57366e6cd0f884d373a07d2c299b0a95d913bfb7184696f2e066dbda,0,0,0,0,0,0,13,13,9,7,label:IntMelissaTalkRefresh;label:IntMelissaTalkRestore,
modified,people_npc;player_state;rooms_objects;schedules,NPC/Girls/Melissa/MelissaBatsQuest.rpy,33487,34219,2026-05-28T00:35:37,2026-05-25T20:34:28,e0a1df1e8769379f7e659f72e74a6fee5ff31635c4af1f6a9f744a9721ca764c,8b37dbb24e0a86d5dbb9bc389cb4cb0b6aafa5e7c1474a2953ac02466f4c4d9a,0,0,0,0,0,0,22,22,10,10,,
modified,combat_enemies;events_threads;media_display_data;people_npc;rooms_objects;schedules,NPC/Girls/Melissa/MelissaEvents.rpy,21300,30294,2026-06-08T11:37:37,2026-05-25T20:34:28,6758866a9d0fc2c328a9fa4eff57ffdf56107966b52c1a8e1feebe1c48e81e66,7cc33c43bcf4ae2374282532dacce068d106b8c2210c68ac64ff474d2dcffa3f,0,0,0,0,0,1,0,0,12,17,label:story_melissa_bat_problem_0;label:story_melissa_bat_problem_1;label:story_melissa_bat_problem_2;label:story_melissa_bat_problem_3;label:story_melissa_bat_problem_4;label:story_melissa_bat_problem_5;label:story_melissa_bat_problem_6;label:story_melissa_storage_rat_0;label:story_melissa_werecat_home_0;label:story_melissa_werecat_home_1;label:story_melissa_werecat_intro_0;label:story_melissa_werecat_rumor_0,define:melissaThreadList;label:melissaBat_0;label:melissaBat_1;label:melissaBat_2;label:melissaBat_3;label:melissaBat_4;label:melissaBat_5;label:melissaBat_6;label:melissaClaraOverheard_0;label:melissaClaraOverheard_1;label:melissaRat_0;label:melissaRat_1;label:melissaRat_2;label:melissaRat_3;label:melissaRat_4_check;label:melissaRat_4_set;label:melissaRat_5;label:melissaRat_6
modified,calendar_time;items_inventory_clothes;people_npc;player_state;rooms_objects;schedules,NPC/Girls/Sandra/InitSandra.rpy,31973,6492,2026-06-08T10:56:27,2026-05-25T20:34:28,b1b7b54fdf7ae4ca3382fb32102ef304d81028636a5659142ffd762ca0de3130,a5a2a421c12e46ef15dec40420cc11cd6aa0c6abccc92e53422d72a43ea810b4,2,0,1,0,1,0,27,0,1,1,class:SandraData;class:SandraInfo;default:Sandra;define:SandraStaticData;function:__init__;function:change_fear;function:change_mana;function:daily_mana_update;function:ensure_story_defaults;function:final_reward_done;function:first_month_passed;function:mana_profile;function:night_thanks_ready;function:night_thanks_seen;function:reaction_score;function:reset_daily;function:room_unlocked;function:sandra_story_defaults;function:save_story_state;function:set_story_value;function:sex_available;function:social_action_allowed;function:story_value;function:sync_from_sandra_maps;function:sync_sandra_maps;function:update;function:weekly_report_finished;function:weekly_thanks_event_ready;function:weekly_thanks_target_label;function:weekly_thanks_wake_seen,
modified,events_threads;items_inventory_clothes;people_npc,NPC/Girls/Sandra/IntSandraDressChange.rpy,2629,2365,2026-06-07T18:34:26,2026-05-25T20:34:28,7f7ba115b4221b21eda8da7d742ea36670e0864e983a2af1cac3f6e6d3f8181d,2576452f6770029bb7f316a7cc72d07711802b96f9aa49338dd4122788350998,0,0,0,0,0,0,1,1,1,3,label:IntSandraOfferBuyDress,label:IntSandraDressChange;label:IntSandraDressChangeApply;label:int_sandra_dress_change
modified,items_inventory_clothes;people_npc;player_state;rooms_objects,NPC/Girls/Sandra/IntSandraTalk.rpy,7761,6456,2026-06-07T21:04:31,2026-05-25T20:34:28,bb56840251ac4fa74ed50eb129751d1ad8d0262a7a4935a4300cc5b54c50f454,4f56ced137ee399f94bb22bdf913d7cc3d7775430094e135948f52c4f399b0c2,0,0,0,0,0,0,0,0,4,2,label:IntSandraHouseholdInsight;label:IntSandraHouseholdPriorities;label:IntSandraReconcile,label:IntSandraTalkApply
current_only,events_threads;people_npc;player_state;rooms_objects,NPC/Girls/Sandra/SandraEvents.rpy,11648,,2026-06-08T10:56:38,,a4028409c065abf660224f1370791168d058638bc4f23982b8178eda4c90b0e3,,0,0,0,0,0,0,0,0,8,0,label:SandraSexEngine;label:SandraWeek5WakeEvent;label:SandraWeeklyEvaluationScene;label:TavernSandraNightThanksScene;label:sandraWeeklyEvaluation_0;label:sandraWeeklyEvaluation_1;label:sandraWeeklyEvaluation_2;label:sandraWeeklyEvaluation_3,
web_only,events_threads;people_npc,NPC/Girls/Sandra/SandraWeek5WakeEvent.rpy,,10984,,2026-05-25T20:34:28,,303f4df2c54180d9e80cc59cf5306ca1bbef31ded4d500d1625ec85f23240098,0,0,0,0,0,0,0,6,0,6,,function:sandra_week5_apply_step_gains;function:sandra_week5_scene_picture_path;function:sandra_week5_talk_picture_path;function:sandra_weekly_wake_step;function:sandra_weekly_wake_target_label;function:sandra_weekly_wake_thread;label:SandraWeek5WakeEvent;label:SandraWeek5WakeEventScene;label:sandraWeeklyEvaluation_0;label:sandraWeeklyEvaluation_1;label:sandraWeeklyEvaluation_2;label:sandraWeeklyEvaluation_3
current_only,json_data;people_npc;rooms_objects;schedules,NPC/Schedules/alber.json,1779,,2026-06-02T18:55:36,,060fe9f5d3c329b7bd8b57bad60d2bc689c4251b4c323a02cf69fed2b7dbc880,,0,0,0,0,0,0,0,0,0,0,,
current_only,json_data;people_npc;rooms_objects;schedules,NPC/Schedules/amanda.json,2828,,2026-06-02T09:43:28,,eef68da6960c2abdcaf481e5a74c6aef5e098814d9e7c5e1ed54e65a7fa06a48,,0,0,0,0,0,0,0,0,0,0,,
current_only,json_data;people_npc;rooms_objects;schedules,NPC/Schedules/becky.json,1773,,2026-06-02T10:20:43,,ce89ce6b3d6ffb6edda8959f84d429e441fa780f58f93ad1ad401c9a1ab4ff28,,0,0,0,0,0,0,0,0,0,0,,
current_only,events_threads;json_data;people_npc;rooms_objects;schedules,NPC/Schedules/clara.json,2324,,2026-06-02T09:42:30,,adbf0c7febdce1c15a9ce3e734601b50c1b641fc96acfb5551fc288e92f01f46,,0,0,0,0,0,0,0,0,0,0,,
current_only,json_data;people_npc;schedules,NPC/Schedules/eddie.json,1510,,2026-06-02T10:20:43,,52db00bf00be598d8e1e02dabb464db103df85ed7898a3daa127dded3e87d915,,0,0,0,0,0,0,0,0,0,0,,
current_only,json_data;people_npc;rooms_objects;schedules,NPC/Schedules/georgett.json,1533,,2026-06-07T02:15:24,,5e9e6ae7c9fc698f6cd98068e78e384325488291621e108e2b510c6addf47c33,,0,0,0,0,0,0,0,0,0,0,,
current_only,items_inventory_clothes;json_data;people_npc;rooms_objects;schedules,NPC/Schedules/irma.json,702,,2026-06-02T05:57:49,,603b7295d53e01f95eda139a61ae3d67cde88ab0e50c995e11640e2c9cc46c25,,0,0,0,0,0,0,0,0,0,0,,
current_only,json_data;people_npc;rooms_objects;schedules,NPC/Schedules/liza.json,1627,,2026-06-07T01:59:13,,91addc1bf6f2cef28224ea4a3d36408e04bfab72a2c67e654b3583808fdc6cdf,,0,0,0,0,0,0,0,0,0,0,,
current_only,json_data;people_npc;rooms_objects;schedules,NPC/Schedules/melissa.json,2708,,2026-06-02T09:41:59,,3728f4609dbcea08e07d64ce7cbf1499df486c28bc90f24d7d769107d2360de7,,0,0,0,0,0,0,0,0,0,0,,
current_only,json_data;people_npc;rooms_objects;schedules,NPC/Schedules/sandra.json,3530,,2026-06-02T10:30:05,,6f8af32335bb8b115d3b270c0d02d8a9c4e4419c1e053f2147550213876e47b0,,0,0,0,0,0,0,0,0,0,0,,
current_only,json_data;people_npc;schedules,NPC/Schedules/sergio.json,721,,2026-06-07T08:20:50,,064c2251d5dea2cb54e5eabe72936446626275f52eaedab2b219eced51726244,,0,0,0,0,0,0,0,0,0,0,,
modified,combat_enemies;people_npc;player_state;rooms_objects,NPC/Secondary/DogCompanion.rpy,43576,48865,2026-06-06T14:10:10,2026-05-25T20:34:28,c3310f8834c3dd1c981954eacc0508f7063f6478126eed6b7a7b29e0591811fe,c71d3d11d2ddcdf9478fca3467ca9920dc21ea3c55a15a2068253e57811e104c,1,1,2,2,0,0,52,75,9,9,label:IntDogTalkRefresh,function:action_data;function:appearance_code;function:card_lines;function:card_stat_rows;function:card_title;function:display_name;function:fight_stats;function:has_collar;function:is_companion;function:leave_at_home;function:main_ui_action_items;function:open_dog_action_menu_state;function:picture_candidates;function:picture_path;function:played_with_today;function:room_action_caption;function:schedule_default_slots;function:schedule_random_slots;function:set_bloomers;function:take_as_companion;function:talk_intro_text;function:talk_picture_path;function:trained_today;label:IntDogTalkMenuState
modified,combat_enemies;people_npc,NPC/Secondary/InitAlberTalk.rpy,7235,6787,2026-05-27T17:52:56,2026-05-25T20:34:28,aa1a506d5518a2c7e62263d672cd9fa3c0af26f1d77a6012527a2df562925912,5c940aba94e24b41a000da536b044fd1dff641f2568b06599c2468699c023b58,0,0,0,0,0,0,0,0,1,1,,
modified,people_npc;player_state,NPC/Secondary/InitSecondaryNPC.rpy,22903,13833,2026-06-08T08:55:32,2026-05-25T20:34:28,e649234c16d49316067933f1cfc55e24f82da5586f71103dab0fb4c76798db06,7a52e443cca0d8c7acea247c861c68d377137d0a92445ab2bd17dcb9e323267a,9,0,15,21,0,0,11,6,18,1,class:Alber;class:Draupnir;class:Eddie;class:Francheska;class:Luisa;class:Mongol;class:Robin;class:Sergio;class:Zimmer;default:LuisaVar;default:SergioVar;function:__init__;function:init_secondary_npc_profiles;function:secondary_npc_default_profiles;label:_auto_register_alber;label:_auto_register_draupnir;label:_auto_register_eddie;label:_auto_register_francheska;label:_auto_register_luisa;label:_auto_register_mongol;label:_auto_register_robin;label:_auto_register_sergio;label:_auto_register_zimmer;label:register_alber_secondary;label:register_draupnir_secondary;label:register_eddie_secondary;label:register_francheska_secondary;label:register_luisa_secondary;label:register_mongol_secondary;label:register_robin_secondary;label:register_sergio_secondary;label:register_zimmer_secondary,default:alber;default:draupnir;default:eddie;default:fran;default:gerhard;default:mongol;default:robin;default:zimmer;function:eddie_grocery_morning_active;function:register_secondary_npc_object;function:register_secondary_npc_objects;function:secondary_npc_after_load_update;function:secondary_npc_bind_named_object;function:secondary_npc_flags_for;label:InitSecondaryNPC
modified,combat_enemies;media_display_data;people_npc,NPC/Secondary/IntAlberTalk.rpy,10440,10137,2026-05-27T17:52:56,2026-05-25T20:34:28,687b54e0e8dada98318ed340437e64113402442e77f658a222d922d69030fb7d,3d50954af7c02e65baa7bee951b976159515b4c3211f74437c555a322638a56e,0,0,0,0,0,0,0,0,3,3,label:IntAlberTalkRefresh,label:IntAlberTalkMenuState
modified,items_inventory_clothes;media_display_data;people_npc;player_state,NPC/Secondary/IntEddieBeckySex.rpy,21440,21856,2026-05-27T17:52:56,2026-05-25T20:34:28,1ec23be22b21e172b3d96bb7561f3d1ec6a4b3c09be75b24a72e43c2291f6d45,7f77868f3cbd9c2cfc2cbd653068054dc45bfbd6538368bf5c76981801f965cd,0,0,0,0,0,0,3,3,2,2,,
modified,media_display_data;people_npc;player_state;rooms_objects;schedules,NPC/Secondary/IntEddieTalk.rpy,18365,18213,2026-06-07T02:15:24,2026-05-25T20:34:28,3948a9c8f076767e1dd5690bc6a0d1d03df21513d2a46e2e8a54c22504895b19,111f1f902f66bc030a1fda83007f94ef782f846580cff47351c08e5e9a48c520,0,0,0,0,0,0,0,0,2,2,,
modified,media_display_data;people_npc,NPC/Secondary/IntRobinTalk.rpy,9560,9103,2026-05-27T17:52:56,2026-05-25T20:34:28,bd2b693390fd1a4ba09b97d929a3d50a18085ab4545b5af24228cccfb46b6bc7,2bb4ceacdff2fef963b2c8cd3388dbe8e8199d70de969453c5164e35b2671c73,0,0,0,0,0,0,0,0,1,1,,
modified,media_display_data;people_npc,NPC/Secondary/IntZimmerTalk.rpy,16797,16680,2026-05-27T17:52:56,2026-05-25T20:34:28,c45b311b59dc3395d83b8d609709aea200cb62684db15e22523aa37464b9fb58,f7033ce73d35a5e55579cbeca0a36e2bf787a1a3068e28ac6a3aedf4e212f70e,0,0,0,0,0,0,0,0,3,3,label:IntZimmerTalkRefresh,label:IntZimmerTalkMenuState
modified,combat_enemies;people_npc;rooms_objects,NPC/Secondary/MelissaWerecatQuest.rpy,28524,30835,2026-06-06T17:51:57,2026-05-25T20:34:28,337c860b96ca019b9af15b43dd86af475c1ccd6910d745edb18ee761fbad90e2,fd2f96112d9f2903337e802bbc7ed4b1880ad609cc80d5d0f324fb4b20269813,0,0,1,1,0,0,21,24,7,7,,function:werecat_apply_adoption_effects;function:werecat_apply_household_team_state;function:werecat_tavern_team_keys
web_only,combat_enemies;events_threads;media_display_data;people_npc,NPC/Secondary/MongolEvents.rpy,,12994,,2026-05-25T20:34:28,,83b9d47c1c1db27eb03c5a9a1c228c5e3e49fdfb6b4128a7e408e0f8e7819d33,0,0,0,0,0,0,0,0,0,5,,label:mongolArest_0;label:mongolArest_1;label:mongolArest_2;label:mongolArest_3;label:mongolArest_4
modified,media_display_data;people_npc;player_state;rooms_objects,NPC/Secondary/MongolTalk.rpy,14254,10771,2026-05-27T17:52:57,2026-05-25T20:34:28,3bdc17e8c83fcec4d381d820b869a37d45bbff9da7f3c3c302888caf20b352ba,036faa23c599f65ee1fb4e479933e777b849eab6a2387772052ef135db482a5a,0,0,0,0,0,0,0,0,4,4,label:ClaraSecretMerchantBuy;label:ClaraSecretMerchantMenu;label:MongolTalkApply,label:MongolHorseBuy;label:MongolHorseDiscount;label:MongolTalkMenu
modified,calendar_time;media_display_data;people_npc;rooms_objects,NPC/Secondary/SherwoodTravel.rpy,14445,14196,2026-06-06T16:53:26,2026-05-25T20:34:28,02c80bca8f9107e709cd40172f26dbe7ef49a16706fcceb131a7997f2df2c71b,71ecb2e2f55041a1a57dc321eba3e6c891e0da400f5dde7c714925ca3d460ef7,0,0,0,0,0,0,0,0,4,4,,
modified,combat_enemies;people_npc;rooms_objects;schedules,NPC/Secondary/WerecatNPC.rpy,32749,36918,2026-06-07T03:25:36,2026-05-25T20:34:28,3345c3ab6db1f632056fbe98fe801c913f3aff8e63376921474e3376d86313be,63817ec3785d6fc4ba094e8a24b1412f5987b1200a64d359cbc8eb932ead2bc8,0,1,1,2,0,0,20,55,5,5,label:IntWerecatTalkRefresh,class:WerecatCompanion;default:werecat;function:action_caption;function:action_data;function:add_comfort;function:add_trust;function:ambient_text;function:card_lines;function:card_stat_rows;function:comfort;function:consume_milk;function:display_name;function:ensure_werecat_runtime;function:has_milk_available;function:is_in_room;function:living_with_household;function:main_ui_action_items;function:milk_today;function:open_werecat_action_menu_state;function:petted_today;function:picture_path;function:played_today;function:reaction_text;function:report_lines;function:roam_location;function:scene_seed;function:schedule_entries;function:schedule_random_slots;function:sleep_location;function:state;function:story;function:talk_intro_text;function:trust;function:werecat_action_caption;function:werecat_report_lines;label:IntWerecatTalkMenuState
modified,items_inventory_clothes;media_display_data;people_npc;rooms_objects,Town/Arts/ArtisansQuarter.rpy,9142,8865,2026-06-07T03:18:18,2026-05-25T20:34:28,cbf9e9bbce48dfd3be195775625c80a11170c7de12cb212360f4dceae0c2f950,ab42278b4b3cff56a4e57f871ee9b72f40c8fb148808ea7b38be57f454ef0453,0,0,0,0,0,0,0,0,5,4,label:ArtisansQuarterRestore,
modified,people_npc;player_state;rooms_objects,Town/Arts/BarberShop.rpy,20049,20802,2026-06-07T03:21:43,2026-05-25T20:34:28,74f2bc29c69943f4b0cb03fb7159ccfbeaeb0bb36a579b2ad985713bc12f1bc9,12340f4437136c0f3e7b7a3e073db3fc78b04e05ec3f1960f27b624c79f4d61e,0,0,4,4,0,0,16,16,8,8,,
modified,items_inventory_clothes;player_state;rooms_objects;schedules,Town/Arts/Dress/DressShop.rpy,14784,40085,2026-06-06T14:27:34,2026-05-25T20:34:28,f521aab626470b4cd2316ea8d5a3bafd25d619ea5800ee16e895638ef4b6365c,e50689767b2ce71b456c3b94be37f723edad30d4e18371a156821c1ecce93415,0,0,4,7,0,0,7,13,6,23,default:DressBuyer;default:DressProduced;function:dress_shop_buy_male_item;function:dress_shop_clara_present;function:dress_shop_irma_working_idle;function:dress_shop_irma_working_order;function:dress_shop_populate_rack_contents;label:DressShopRoomActions,default:DressShopCatalogDressCode;default:DressShopCatalogRack;default:DressShopFemaleCatalogItemIds;default:DressShopMaleCatalogItemIds;default:DressShopSavedText;function:dress_shop_catalog_can_buy_male;function:dress_shop_catalog_desc;function:dress_shop_catalog_ids;function:dress_shop_catalog_intro;function:dress_shop_catalog_listing;function:dress_shop_catalog_name;function:dress_shop_catalog_owned;function:dress_shop_catalog_picture;function:dress_shop_catalog_price;function:dress_shop_catalog_title;function:dress_shop_sync_catalog_lists;label:DressShopAskReady;label:DressShopBuildActions;label:DressShopCatalogSelect;label:DressShopCatalogShowSelected;label:DressShopItemAction;label:DressShopItemMenu;label:DressShopItemText;label:DressShopObjectText;label:DressShopOpenFemaleCatalog;label:DressShopOpenMaleCatalog;label:DressShopOpenWorktable;label:DressShopWorktableText;label:IrmaClaraFittingScene;label:IrmaMeasureEndScene;label:IrmaMeasureRoomMenu;label:IrmaMeasureRoomStage;label:IrmaSexSequence;label:IrmaShopFlirtScene
modified,items_inventory_clothes;player_state;rooms_objects,Town/Arts/Dress/DressShopDressItems.rpy,4734,4171,2026-06-06T14:27:28,2026-05-25T20:34:28,96687032b6a65bbfc5aecbffcf8ab1c5d9dfb1fadd02466813a1221dbd403b2f,b0e7e5500981d45502bb282f4cad225c115e2e22b199634936ed59d1a2835154,0,0,0,0,0,0,6,6,0,0,function:dress_shop_item_depreciated;function:dress_shop_prepare_dress_item,function:dress_shop_build_dress_item;function:dress_shop_get_item
modified,items_inventory_clothes;rooms_objects,Town/Arts/Dress/DressShopFemaleSamples001.rpy,1139,427,2026-05-31T13:58:41,2026-05-25T20:34:28,cd95844c7271e648a017abcf1d476b6181b1a594a2c709c4b33d6902bf0ebcd9,87509961c599acbb529349094608e792dfc74c9c38e608f30830ab7e4b5d1e24,0,0,0,0,0,0,0,0,0,0,,
modified,items_inventory_clothes;rooms_objects,Town/Arts/Dress/DressShopMaleSamples001.rpy,1118,407,2026-05-31T13:58:45,2026-05-25T20:34:28,387ea1a68cd4853ccc6ae5267411df5c226f9990d86ad40f23d8e83b54433ef5,e21a1ad46ba19609100139715be452c0db1c10cb618b382ed3a3424a72b6e2af,0,0,0,0,0,0,0,0,0,0,,
modified,items_inventory_clothes;rooms_objects,Town/Arts/Dress/DressShopWorktable001.rpy,1942,1479,2026-05-31T13:58:48,2026-05-25T20:34:28,f61913f2394edb9b8c0c5df0b62499c10fa358b071a66dd5ff92f82807d5abd7,67fe3090587e99505ac3e4fdf7b55aed17e2ea5fd53024d7e7eed4a6c9172e5b,0,0,0,0,0,0,1,1,0,0,,
modified,events_threads;player_state;rooms_objects,Town/BeckyHome.rpy,20559,20127,2026-06-06T14:30:26,2026-05-25T20:34:28,a0ee2eaf31f6d66846145d2a96a00f51ea206b1c75033f7eb8599c1ae83869de,32ac7ee77ee90531414b3a5670a34a3c72b63bad3e0a5fdb8d5f07028e2575ce,0,0,1,1,0,0,7,7,6,5,label:BeckyHomeRestore,
modified,events_threads;player_state;rooms_objects;schedules,Town/BeckyHomeFront.rpy,26187,26181,2026-05-27T17:52:57,2026-05-25T20:34:28,4fc76aa5b0ae250026538a4d97844b5cd8cf564378f08d3ecfda791edb474ab3,f1ef6cbd9b5f3ee7aa4195224478e07cd160434be5d8461a8c20073385d713c4,0,0,5,5,0,0,7,7,8,8,,
modified,combat_enemies;people_npc;player_state;rooms_objects,Town/Church/Church.rpy,35446,34188,2026-06-07T02:13:29,2026-05-25T20:34:28,8c5b6e84d1fae895e2e6b4d3c5aff59f7800b00f6474d7eeadeb06ed135a90f1,f4953970ef687ee618f940cc88d136ff5f273bdb03695da50c0835909416a345,0,0,4,4,0,0,25,18,12,10,function:church_blanken_picture;function:church_call_label;function:church_hyperlink_handler;function:church_minutes_between;function:church_minutes_now;function:church_open_hours_visible;function:church_pick_picture;function:church_sandra_picture;function:church_sisters_picture;label:ChurchBuildActions;label:ChurchRestore,function:church_current_hour;function:church_is_sunday_open;label:ChurchMenu
modified,media_display_data;rooms_objects,Town/Church/ChurchAfterCermon.rpy,5450,4894,2026-05-27T17:52:57,2026-05-25T20:34:28,9cea9584de7485609fc34b60af80b30ea612c49ce28f0024ad31008a9fa59895,07c4f068db2586635ba3ab7aa66b56129e8c2eaa177580f00ea4a8090aa734dd,0,0,0,0,0,0,2,2,1,1,,
modified,media_display_data;player_state;rooms_objects,Town/Church/ChurchIspoved.rpy,6202,8048,2026-05-27T17:52:57,2026-05-25T20:34:28,a4709e3fcdd8ef41b17e7cc0c3503444a3482b25083eee84a0e286bad308298d,f14c5894c854d6113f7cc0b8817c1fa66c383b674838e2d222adfe8eff763271,0,0,0,0,0,0,0,0,4,4,,
modified,media_display_data;rooms_objects,Town/Church/ShowChurchDraupnirList.rpy,4214,5404,2026-06-02T10:53:31,2026-05-25T20:34:28,35de55d00c2784f6c7f4458cc2daec5c47a938611dfc71cfd581d277e11d8a52,41746ae802fba57984720d6f97cf4680ecaca191465ec308e562d83b95e68a9c,0,0,0,0,0,0,0,2,2,2,,function:church_donation_caption;function:church_donation_visible
modified,events_threads;media_display_data;rooms_objects;schedules,Town/CityGuard.rpy,10577,10165,2026-05-27T17:52:57,2026-05-25T20:34:28,b92eb37dd2bcd5229604bc8e0263bec43eb412c5a9b8f346bf0abd374c3922ea,42f4739d96184bf05ed7b66789a6131a38d582cd047eb1e59a4897f646b84720,0,0,1,1,0,0,2,2,6,5,label:CityGuardRestore,
modified,people_npc;player_state;rooms_objects;schedules,Town/GroceryStore.rpy,23777,24321,2026-06-07T03:26:30,2026-05-25T20:34:28,ddfe5ccd9c8d07204bb96cb99ea1ca0a2b6bf5556e2cdd9682765fb62b24f8dd,7d92a19b57b38f574184a415b4fca1397487196d748047c6f0e985e9669f79de,0,0,0,0,0,0,17,17,10,10,,
modified,combat_enemies;player_state;rooms_objects,Town/HunterClub.rpy,42599,42246,2026-06-05T11:18:16,2026-05-25T20:34:28,11047a0dc105074488aa9c00d7a22da13a26adb4c7638d64f6e471b5d68d933f,5c09921a1bb723107ff908ba331c451177f6ed3281f97c56f6f6f8c901d84c81,0,0,3,3,0,0,28,28,17,16,label:HunterClubRestore,
modified,calendar_time;events_threads;media_display_data;people_npc;rooms_objects,Town/Market/FridayDance.rpy,11273,13801,2026-06-06T15:57:34,2026-05-25T20:34:28,3a9cf7e9eafb560eff3d95d4d77d7664c3f48720ed651003b4913d243fd6ecdd,ddbd6eed2559276c3e317e1cf30eb64764219d31382a88e7d54d97851346cdbe,0,0,0,3,0,0,2,2,3,3,,default:FridayDanceAttention;default:FridayDanceMood;default:FridayDanceRhythm
modified,combat_enemies;events_threads;rooms_objects,Town/Market/MarketPlace.rpy,20565,25096,2026-06-08T09:03:22,2026-05-25T20:34:28,c726c921cfc8d169af93c156b95a9d47c9d623c04bb9efcc9cd61af87e1c44b4,f3a419186014cf9d8c845149db1877518f364b658be513ee0ff4ab3e0564b757,0,0,6,3,0,0,6,4,7,8,default:market_mongol_alley_girl;default:market_mongol_mode;default:market_mongol_visible;function:marketplace_closed_action_items;function:marketplace_int;function:marketplace_stocks_visible;label:MarketPlaceApproachMongol;label:MarketPlaceBuildActions;label:MarketPlaceObjectMenu;label:MarketPlaceObjectText;label:MarketPlaceTalkMongol,function:marketplace_closed_picture;label:MarketPlaceClosedMenu;label:MarketPlaceMenu;label:MarketPlaceNativeObjectMenu;label:MarketPlaceNativeObjectText;label:MarketPlaceNavigationMenu;label:MarketPlaceReturnFromEvent
modified,rooms_objects;schedules,Town/PortStreets.rpy,17337,17452,2026-06-07T03:23:25,2026-05-25T20:34:28,8d8730ee99b570ed030bc7ae9e779a16e8cc25c46725f4c42cecfc831b0fab7d,dffb0ebf2ea344faacb9954be1376806f9982a49122b9cf3a29bb9b1d3a91bc6,0,0,4,4,0,0,4,4,5,6,label:PortStreetsBuildActions;label:PortStreetsObjectMenu;label:PortStreetsObjectText,label:PortStreetsMenu;label:PortStreetsNativeObjectMenu;label:PortStreetsNativeObjectText;label:PortStreetsNavigationMenu
modified,combat_enemies;events_threads;rooms_objects,Town/RandomTownEvents.rpy,44236,36917,2026-06-06T17:50:36,2026-05-25T20:34:28,9a9e152f2e509fc87765acb036a48fc592bf63f01a3363dd65423148fa9388ee,c9099cf1b79591d7a3c7cb937b0c0fdb2b524e92e957ab28bdb8d7e1b399f4be,1,1,14,10,0,0,37,25,16,14,default:TownStreetCooldowns;default:TownStreetDailyPlan;default:TownStreetFiredLabelsToday;default:TownStreetFiredLocationsToday;function:_screen_text;function:beggar_chance;function:chronicle_allowed;function:chronicle_chance;function:curfew_active;function:ensure_daily_plan;function:event_on_cooldown;function:patrol_chance;function:planned_for;function:planned_label;function:probability_roll;function:thug_chance;label:DebugTownRandomEvents;label:DebugTownRandomEventsResetToday,
modified,events_threads;items_inventory_clothes;media_display_data;people_npc;rooms_objects,Town/StolyarWorkshop.rpy,19543,20380,2026-06-07T03:21:53,2026-05-25T20:34:28,954fd2cd03a5c0566ba3968bd75525bd8a1cd03a4b3563aa3f24a3355981d3bc,adb2d3aae8b66ed95b97464f5f932c259e9230becbcef4b028619e8a9ebb3a21,0,0,0,0,0,0,0,2,3,3,,function:stolyar_workshop_open_now;function:stolyar_workshop_order_payment_time
modified,rooms_objects,Town/StreetTavern.rpy,10958,10846,2026-06-07T03:23:25,2026-05-25T20:34:28,c77f8771f53734361ef6fa27c3f14c1b86a7981be348048374e6f17c4201e762,409e3d6023447b163093707dab1ea00b2bf8657ff0450ccf7e7dd127412aea21,0,0,0,0,0,0,5,5,4,4,,
modified,people_npc;rooms_objects,Town/Temple/EllonaBirthPrayMenu.rpy,9117,9413,2026-05-27T17:52:58,2026-05-25T20:34:28,21401fb20851c53f5bb437dec8ccc8f6d23b0a6f7ed52cce4ac5313aa2965597,ade281f96448459c7c71f7e46376361bbf5a7710366feb345a48295e3af29d5b,0,0,0,0,0,0,0,0,1,1,,
modified,rooms_objects,Town/Temple/EllonaBirthRoomDoor001.rpy,1681,1269,2026-05-27T17:52:58,2026-05-25T20:34:28,02eaafacaaedc4e98563b048add027d624cb8757d9ee36158e2b622fb3033d0f,d7baaa874b1c445a80125ce27cc4403ca2b06c8f6f20f559b9811372e0dbc980,0,0,0,0,0,0,1,1,0,0,,
modified,rooms_objects;schedules,Town/Temple/EllonaTemple.rpy,16441,16369,2026-06-02T10:53:31,2026-05-25T20:34:28,69399637bf1e023073fcd32e81edf19e4fc30867567017d280d7616ee2a26a3c,94306d8332adb0ff74df02456c8f227858bb736c74ce608acb0df4919d681ba3,0,0,2,2,0,0,9,9,5,5,,
modified,media_display_data;rooms_objects,Town/Temple/EllonaTempleMenu.rpy,14097,13936,2026-05-27T17:52:58,2026-05-25T20:34:28,aae5bb0a9541b2e4f110caa8c07a6295e22dc8c6f5ebc8bd15cabdb849f5ae30,1d4adc7e4b7b2b7c3e8d59acede76da3c8056ad7aebb4b22643f5bcedfa97bf4,0,0,0,0,0,0,0,0,4,4,,
modified,people_npc;player_state;rooms_objects,Town/Temple/GiveBirth.rpy,53655,53280,2026-05-27T17:52:58,2026-05-25T20:34:28,f6317ae6559e757161fa08bc475a4f19d2da677e4f479b663ed8c3e7b6b8008b,49128508075818b5ab72514469d57f4ce944f59f3bd9669639e7dfa55196a67e,0,0,0,0,0,0,5,5,3,3,,
modified,calendar_time;media_display_data;people_npc;rooms_objects,Town/Temple/GiveBirthFinish.rpy,5836,5470,2026-05-27T17:52:58,2026-05-25T20:34:28,89fe5c8ffdea274c32055150829fafb1d07b29eb392c71d596a89dd282ffabf8,f8aee21855ee96fb17640d60fed0ceddab51537ee0cbea88a62eb140f0eaba25,0,0,0,0,0,0,0,0,1,1,,
modified,media_display_data;people_npc;rooms_objects,Town/Temple/GiveBirthStep2.rpy,4277,3978,2026-05-27T17:52:58,2026-05-25T20:34:28,855d2714e790337fda86d14dce0e8d4c08b92237bc51139b1af6da542fbc2dc6,c0ca9f6e3ceee3053b2d9a1cfd30e26faa0ea814e311cff50853b3a9a9bbf013,0,0,0,0,0,0,0,0,1,1,,
modified,combat_enemies;items_inventory_clothes;rooms_objects,Town/TownRooms.rpy,795,383,2026-05-27T17:52:58,2026-05-25T20:34:28,adfecf795e7470c3c454bfdf9197327b80f28313de54b90b9f0539db11df020a,ca26871a092ff4472857d4d1d51e9a5843bb796aca72e5408973b5d42f38044a,0,0,1,1,0,0,0,0,0,0,,
modified,events_threads;media_display_data;rooms_objects;schedules,Town/WineStore.rpy,15434,15221,2026-06-07T03:26:30,2026-05-25T20:34:28,6f730c7117e3850ca4d0f2679c6c1b80b9649dececf2e3d0756ce9e8e30c9804,edf2ee46b68edad5761e26b81bd285f092bce5c604eb828105d678ae2a11cfdb,0,0,1,1,0,0,6,5,6,6,function:wine_store_clara_visible;function:wine_store_room_action_items;label:WineStoreRoomActions,function:wine_store_clara_shift;label:WineStoreBuildActions
modified,combat_enemies;other_structure;player_state;rooms_objects,TractirSaveSync.rpy,1445,944,2026-06-06T13:19:12,2026-05-25T20:34:28,0a92853cd8b29a73a1623772bc2367f160ff8ee7926afa38a7a71ea5c81a6a2a,4c217e1f7f0ba05aca7abc455e78d6770161345097ab1e4597da3d7131bc2bfe,0,0,1,1,1,1,4,4,2,2,,
modified,combat_enemies;events_threads,Utilities/Fight/EventFightSmall.rpy,13325,12877,2026-05-27T17:52:58,2026-05-25T20:34:28,0ecbc299b6a78213fde1002e5f2b2f751d0349590bf28928d8ca962ebb54d26e,53761c634f1d9640c7bb56813d50a0034a10a0ab45e2bae625bd83c9eff2f0d4,0,0,0,0,0,0,0,0,2,2,,
modified,combat_enemies,Utilities/Fight/FightResult.rpy,1838,1378,2026-05-27T17:52:58,2026-05-25T20:34:28,2e6e337d98a350d699be5e49035595a072165d9303741d6c95e8f6eb3c465580,cacf34b9840d4ee8537a90523040ecde9a5b92aa39574d69ebc109a8f88f8011,0,0,0,0,0,0,1,1,0,0,,
modified,combat_enemies;player_state;rooms_objects,Utilities/Fight/FightSystemRuntime.rpy,71455,64588,2026-06-02T11:19:04,2026-05-25T20:34:28,e9dbfed239c02ed0efa1f965ab33961ead046b22575101ac3e738bfc10bb2603,509a047f7421476f731ab7729b5ab6c21d48e3284976d1a3301027f8571db5b9,1,0,19,3,0,0,54,50,6,6,class:FightEnemyDefinition;default:FightEnemyId;default:FightEnemyParty;default:FightEnemyState;default:FightLevel;default:FightRetreatUsed;default:FightReturnPicture;default:FightReturnRoomCode;default:FightSideLog;default:FightStatusState;default:FightWeaponLoaded;default:ForestTrapRooms;default:ForestTrapState;default:HuntLastResult;default:HuntUnlocked;default:PlayerFightSupply;default:company_list;function:__init__;function:as_dict;function:fight_retreat_success;function:get,
modified,rooms_objects,Utilities/General/Classes/GameObjectTemplate.rpy,8931,8519,2026-05-27T17:52:59,2026-05-25T20:34:28,bdd14e51ed0474d6e3c8d08b3fff7d562be41270574a794eded255633d8b847e,df876704a99d692b9fc0b3d7f1433cb0a28b66dd18a00d69052c51f109799b05,3,3,0,0,0,0,20,20,0,0,,
modified,items_inventory_clothes;player_state;rooms_objects,Utilities/General/Classes/GameObjects.rpy,1083,672,2026-06-06T05:30:18,2026-05-25T20:34:28,9d9d5396b49833f5b74a62d63ce9c02c80f0a719a415a6d0a9b78c095ad290b3,55f711f2b61239f6b2d71cd563ce12498c6e5c52eeb6c1b84092cf965bae7ef9,0,0,0,0,0,0,0,0,0,0,,
modified,calendar_time;items_inventory_clothes;people_npc;player_state;rooms_objects,Utilities/General/Classes/ModuleRuntime.rpy,1723,1459,2026-05-27T17:52:59,2026-05-25T20:34:28,e27da8721b3b0a4b8b374645813ca548a7d41991ee7bd7413510fe8250b8845c,7f6f0ddcc5de94ddaf4933afb331f4e7f9f70071bc5a5259ac4c02e1298ee42c,0,0,5,5,0,0,2,2,2,2,,
modified,combat_enemies;items_inventory_clothes;rooms_objects,Utilities/General/Classes/RoomTemplate.rpy,18270,18002,2026-06-07T02:16:30,2026-05-25T20:34:28,3981f867c7837651abe4651dda4e336bdc7eef3bbd1e7b5574e697d9508b5c7b,d2a8ad86ae1486ee734e60efa6ada6196bbecdfa663e4e1161fa6509205bb98f,6,6,1,1,0,0,49,49,1,1,function:_minute_value,function:room_hour_in_ranges
modified,combat_enemies;events_threads;people_npc;rooms_objects;schedules,Utilities/General/Classes/StoryEventRuntime.rpy,65467,69374,2026-06-08T11:38:03,2026-05-25T20:34:28,5999007982abc5708b442f5af9db5b0ce4cfdb7ec59cd8b72cb30dc44b62de3f,4beaeba803ac2475a78c0a7af9137e421ddd5380985f210d3f52dafc827457b4,0,20,1,19,18,16,0,129,26,4,define:melissaThreadList;define:tavernThreadList;label:melissaClaraOverheard_0;label:melissaClaraOverheard_1;label:story_clara_market_booklet_0;label:story_clara_market_booklet_2;label:story_clara_market_booklet_2_direct_follow;label:story_clara_market_booklet_2_ignore;label:story_clara_market_booklet_3;label:story_clara_market_booklet_5;label:story_clara_market_booklet_6;label:story_clara_market_booklet_7;label:story_clara_market_booklet_8;label:story_clara_market_booklet_9;label:story_clara_market_booklet_city_guard_direct;label:story_clara_market_booklet_confront;label:story_clara_market_booklet_feed_mongol;label:story_clara_market_booklet_feed_mongol_direct;label:story_clara_market_booklet_follow;label:story_clara_market_booklet_ignore;label:story_clara_market_booklet_lockpicks_order;label:story_clara_market_booklet_lockpicks_order_direct;label:story_clara_market_booklet_release_mongol;label:story_clara_market_booklet_release_mongol_direct;label:story_clara_market_follow_cost;label:story_clara_market_restore_room_result,class:Event;class:LThreadData;class:LThreadInfo;class:RThreadData;class:RThreadInfo;class:StoryCondition;class:StoryConditionAborted;class:StoryConditionAt;class:StoryConditionCallable;class:StoryConditionCompleted;class:StoryConditionEnabled;class:StoryConditionExpression;class:StoryConditionNotAt;class:StoryConditionNotCompleted;class:StoryConditionNotProgress;class:StoryConditionProgress;class:ThreadData;class:ThreadInfo;class:UThreadData;class:UThreadInfo;default:ClaraMarketFollowExtraAdvance;default:active_event;default:availEvents;default:dayspassed;default:evalTime;default:eventItems;default:eventLocations;default:eventOptions;default:eventPath;default:eventPeople;default:eventProjectionRows;default:eventRouteHints;default:eventTalk;default:random_events;default:story_events;default:story_thread_levels;default:tavern_work_events;default:thread;function:__init__;function:__str__;function:_story_after_load_init;function:_story_condition_scope;function:_story_conditions_blocked;function:_story_conditions_met;function:_story_current_location;function:_story_delay_ready;function:_story_eval_condition;function:_story_event_person;function:_story_event_projection_location;function:_story_first_route_step;function:_story_get;function:_story_level_enabled;function:_story_location_is_open;function:_story_map_int;function:_story_marker_day;function:_story_named_callable;function:_story_named_number;function:_story_named_value;function:_story_num_day;function:_story_person_location;function:_story_project_available_events;function:_story_relationship_level;function:_story_room_neighbors;function:_story_split_enabler;function:_story_thread_lookup;function:_story_thread_step_lookup;function:_story_to_int;function:abort;function:adjustLen;function:advance;function:advanceTo;function:blocked;function:canTrigger;function:checkActive;function:checkBlocks;function:checkBlocksList;function:checkConditions;function:checkDay;function:checkEventTime;function:checkHour
modified,items_inventory_clothes;people_npc,Utilities/General/Clothes/ChangeDressTmp.rpy,1285,873,2026-05-27T17:52:59,2026-05-25T20:34:28,b512f53d1c67503677bbf0adc9440867ad3935344fdee51d716470558086b8b0,18596e082a5b1fed00e3717291bfe2d500bf97c375c7a03cc7d3294354137916,0,0,0,0,0,0,1,1,1,1,,
modified,items_inventory_clothes;player_state,Utilities/General/Clothes/CreateDressListMenu.rpy,2469,2058,2026-06-06T14:28:06,2026-05-25T20:34:28,09c9c1da4352d4cf52ea96630b862ced34523fb3bc68c025a6f9c33bc480e1de,efc857418d28c86313b50ea66cb0471b4c8be6754e02584245ad9946b80b9c5a,0,0,0,0,0,0,0,0,5,5,,
modified,items_inventory_clothes;people_npc,Utilities/General/Clothes/DressForNight.rpy,1439,1069,2026-05-27T17:52:59,2026-05-25T20:34:28,347986d55447f848a7fc705c9f98f69ad1076c7b9c46f3599acecc2117b19b3a,0c51d1485b964ecd9bfe741c0caf5c0d57f1d945f3ab8f9daf7db7b1aa48f2fe,0,0,0,0,0,0,0,0,2,2,,
modified,items_inventory_clothes;media_display_data;people_npc;rooms_objects,Utilities/General/Clothes/DressNoShow.rpy,7551,7158,2026-05-27T17:52:59,2026-05-25T20:34:28,a0fd6f8162ca2f2e04db413eef45260af369320679710f93feb9f3b36840a6c4,6eeb0d4106e80c3313cf07340f927ecf66d67456c67c8acc8f0e5ebc098f304b,0,0,0,0,0,0,4,4,2,2,,
modified,items_inventory_clothes;media_display_data;people_npc;player_state;rooms_objects,Utilities/General/Clothes/DressTry.rpy,11630,10856,2026-05-31T13:39:59,2026-05-25T20:34:28,c32563a4cc719cfaa9696f98ef7b1917a3f0558d235efca0615a93a7e91b578b,99adb4ce50c6aff06fe94b8607a99b4f6cc15e574dafed1bc1cc2d27e782bd5d,0,0,1,1,0,0,1,0,8,8,function:dress_try_display_name,
modified,items_inventory_clothes;people_npc,Utilities/General/Clothes/DressUp.rpy,9794,9298,2026-05-27T17:52:59,2026-05-25T20:34:28,8943351801ba252f40c879366c8a0e65f8f65edda4bfe20c52a6dc853dd7a960,633990e2949a09298d3270924a9819a3d99674e03723f3c1ab9fa48d436e2606,0,0,0,0,0,0,3,3,2,2,,
modified,items_inventory_clothes;player_state,Utilities/General/Clothes/HasThisDress.rpy,3232,2777,2026-06-06T14:31:47,2026-05-25T20:34:28,bd7bc08cc8447f933bc3e8d76a14532e62d6672becbddc6680487b5a03d28519,a9be7bf7c1e1251044dce9ab42d4e40d36c3875edff33d2c8a9f64b2b08e89ea,0,0,0,0,0,0,6,6,2,2,,
modified,rooms_objects,Utilities/General/Common/AchievementsEndings.rpy,12352,11969,2026-05-27T17:52:59,2026-05-25T20:34:29,8faae4a4966f5984ba38d153b815890ebe912a5298a58f0eca1449f35cfac6ac,f55edec1daa446600fa120e4265d53a6c1c732f42406a3ed418fc80740a6d3d9,0,0,6,6,3,3,9,9,4,4,,
modified,combat_enemies;rooms_objects,Utilities/General/Common/Actions.rpy,76187,77858,2026-06-06T16:28:31,2026-05-25T20:34:29,9003e686736fbbdb81f02062d0bbbd25511045ea04f984b7f137871fad528a87,f8c30fe443f7665c84113247c669fd14b7c9f226fbacd460a1bed87c3a10a3c4,0,0,1,1,0,0,65,67,28,26,function:_action_refresh_target_labels;function:current_room_object_menu_label;label:RefreshCurrentActionMenu;label:UseAleItem;label:UseBerriesItem;label:UseMushroomItem,function:_item_is_stackable_by_id;function:_room_normalize_game_items;function:make_examine_action;function:sync_item_runtime_state;label:Examine
modified,rooms_objects,Utilities/General/Common/AutosaveSupport.rpy,1679,1267,2026-05-27T17:52:59,2026-05-25T20:34:29,edb1915511c2e2c468c91ff3b3f605f4b727379a209b65416884e4cfaf106b17,99a25d720f22581d11f3f0710978ddbbd10c2b9da3d2a6418176115471a6c0f5,0,0,2,2,0,0,4,4,0,0,,
modified,calendar_time;events_threads;items_inventory_clothes;people_npc,Utilities/General/Common/CheckDailyEvent.rpy,11186,10899,2026-05-28T20:36:03,2026-05-25T20:34:29,186f1d1c4b64e3708f4bdcfe26f546026ee37dd76e33952f30e23a73acfc8373,70560a87cf886ad60266fd464bdb4b3fcf3f00abc372fdcf4e331139489050fc,0,0,1,0,0,0,12,12,3,3,default:DailyEventsList,
modified,calendar_time;events_threads;rooms_objects,Utilities/General/Common/DebugTools.rpy,78072,26170,2026-06-06T17:24:00,2026-05-25T20:34:29,a5eee0932b6e204de2df204b5bb9ce9393967f288cb1d4d831b8148c806e3ec2,d692c21b5a70e1f96214aba96bc8807aa62d0a9bc661776ed072fcf292c3c35a,0,0,1,0,1,0,45,17,38,11,default:DebugBuilderRepairNotesPath;define:DebugBuilderRoomObject;function:_dbg_calendar_set_fields;function:_dbg_calendar_set_weekday;function:debug_builder_correction_notes;function:debug_builder_escape_text;function:debug_builder_event_condition_report;function:debug_builder_event_probe_items;function:debug_builder_event_probe_report;function:debug_builder_feature_templates_text;function:debug_builder_main_items;function:debug_builder_main_text;function:debug_builder_media_sequence_report;function:debug_builder_picture_report;function:debug_builder_refresh_runtime;function:debug_builder_repair_document_text;function:debug_builder_room_keys;function:debug_builder_room_menu_report;function:debug_builder_room_report;function:debug_builder_schedule_report;function:debug_builder_schedule_room_items;function:debug_builder_schedule_room_report;function:debug_builder_set_time_slot;function:debug_builder_set_time_slot_control;function:debug_builder_step_chore;function:debug_builder_step_month;function:debug_builder_step_weekday;function:debug_builder_story_report;function:debug_builder_time_slot_lines;function:debug_builder_write_repair_document;label:DebugBuilderCards;label:DebugBuilderCorrectionNotes;label:DebugBuilderEventProbe;label:DebugBuilderEventProbes;label:DebugBuilderFireEvent;label:DebugBuilderInspectRoom;label:DebugBuilderMenuRoom;label:DebugBuilderMenuRooms;label:DebugBuilderPictures;label:DebugBuilderRepairDocumentPreview;label:DebugBuilderRoom;label:DebugBuilderRooms;label:DebugBuilderScheduleRoom;label:DebugBuilderScheduleRooms;label:DebugBuilderSchedules;label:DebugBuilderSequences;label:DebugBuilderShowPicture;label:DebugBuilderShowRoomPicture;label:DebugBuilderShowSequence;label:DebugBuilderStoryEvents;label:DebugBuilderWriteRepairNotes;label:DebugRoomBuilder;label:DebugTestRoomLegacy;label:RoomDebugBuilder;label:VisualDebugRoom;label:debug_builder_room;label:debug_room_builder,
modified,events_threads;people_npc,Utilities/General/Common/DeleteDailyEvent.rpy,693,313,2026-05-27T17:53:00,2026-05-25T20:34:29,7a28691aa7d217d71a7b06f787ec6758570b5e537ad8323fc398be759376be35,e320af600296d995dbe315385e6104e68caea88297dda623d1636162dce63ec4,0,0,0,0,0,0,0,0,2,2,,
modified,combat_enemies;events_threads;rooms_objects,Utilities/General/Common/DisplayTavernEventShort.rpy,3390,3956,2026-06-08T06:12:37,2026-05-25T20:34:29,bd8dd4943170485afb695805ce6cbf96b94632ac70d894127787081732bff93a,c5e1db965420f9a50af7806d39ced95c3d233c58ddf2eb48a4ab0ad6e26e8ae8,0,0,0,0,0,0,6,6,1,1,,
modified,calendar_time;events_threads;rooms_objects,Utilities/General/Common/DisplayTavernEventsSummary.rpy,1644,1042,2026-06-08T06:12:37,2026-05-25T20:34:29,711956216079bc5104d58c28e4a67137770d5fabf3796beb815fbad16e59d1e1,130a2083e05160d8a0510b0ee983b56df1a5ca8ab8c8a71b1f2177f21aa08a37,0,0,0,0,0,0,0,0,1,1,,
modified,other_structure,Utilities/General/Common/DynEvalCompat.rpy,1251,793,2026-05-27T17:53:00,2026-05-25T20:34:29,558770223036aff5ee7b67079fb54a2d887d559e3020c180a3289378f78f5b13,3ca081dcfc86b07691e8e72480ecf5b28f20b0d10a1dba359ddcc66edfe268dc,0,0,0,0,0,0,1,1,0,0,,
modified,events_threads,Utilities/General/Common/NarratorRuntime.rpy,1024,613,2026-05-27T17:53:00,2026-05-25T20:34:29,ab2cb1a27074a96a686ee0e55f80de54ab267d20438e60ba014dacb69b8d6594,f38a2cf5dad16e6d2727e96ef02de842b9eecdac5d039c9f9fee6a4b84c39029,0,0,0,0,2,2,1,1,1,1,,
modified,items_inventory_clothes;player_state,Utilities/General/Common/OtherFunctionsCode.rpy,7377,6934,2026-06-06T14:30:38,2026-05-25T20:34:29,d1d605a694733df154d8f3fd30a760656cab9a976447365351b445645d07e7c0,72ebab4c2e5744c560f78befb7d9308ce4f0ee094eb9a895b3c87a574f0a383e,0,0,0,0,0,0,2,2,3,3,,
web_only,events_threads;other_structure,Utilities/General/Common/RandomEngine.rpy,,3249,,2026-05-25T20:34:29,,4b1237c11f3d526d7ea89e7faa04fef8e48783208a49e3929c1f8a4261d6b288,0,0,0,0,0,0,0,11,0,0,,function:procedural_choice;function:procedural_index;function:procedural_randint;function:procedural_seed;function:rand_chance;function:rand_choice;function:rand_event;function:rand_float;function:rand_int;function:rand_list_pop;function:rand_roll
modified,events_threads;rooms_objects;schedules,Utilities/General/Common/RoomEnterPipeline.rpy,3071,2746,2026-05-28T21:57:41,2026-05-25T20:34:29,d1bcc8c051c6b935ca7e7865b13bf6b2c7356cd637523313d82c15c4a33afc53,f24228f83be75d97327a6dda5d9ca7ea3d959682ac0e2028b917cf26695699d7,0,0,3,3,0,0,3,3,1,1,,
modified,media_display_data;people_npc;player_state,Utilities/General/Common/RuntimeCompat.rpy,1186,930,2026-05-27T17:53:00,2026-05-25T20:34:29,8d355fdd747549fccc2ad5fccd8714527bbadaa97079b133da132fa6b5fdbdec,78b9e2ccfec6703993b4f3b729b4daf24cdfee225721e5c8f51d4935613fecd4,0,0,0,0,0,0,0,0,5,5,,
modified,other_structure,Utilities/General/Common/SaveReloadSafety.rpy,708,296,2026-05-27T17:53:00,2026-05-25T20:34:29,1ba60bd984459c7dc59ff3d8a29f147b49f32d67a13dd58dee871999327c3a4a,0703bc915b0a92d419ac2bab9c7b23ba7189bf94afda5e51d639472dcb6757eb,0,0,0,0,0,0,1,1,0,0,,
modified,other_structure,Utilities/General/Common/StringMatch.rpy,624,212,2026-05-27T17:53:00,2026-05-25T20:34:29,b3e32e8443d09fa57a5f878875c79e83297c2dbec9f70fd360664583f6799db9,ebcef9a68ced120e7aed84f150b80318b3682a1ca57bb54b50ef511056aae4a1,0,0,0,0,0,0,1,1,0,0,,
modified,events_threads;items_inventory_clothes;media_display_data;people_npc;player_state;rooms_objects,Utilities/General/Common/missing_functions.rpy,1394,982,2026-05-27T17:53:00,2026-05-25T20:34:29,67d8a921df2e488a42e19922fc61639770a53c9a128f803221ed1a347605340a,743a7b2bfd522ef7be1fc96e22fac8eefa1f4f2c94ec42a86ce34b970c26eb27,0,0,0,0,0,0,0,0,0,0,,
current_only,events_threads,Utilities/General/Events/conditions.rpy,19021,,2026-06-06T18:22:51,,8ae463fc584922d34dd493f849442c6168bb166efbcd09b05c685aed1c88dc8a,,11,0,0,0,0,0,60,0,0,0,class:StoryCondition;class:StoryConditionAborted;class:StoryConditionAt;class:StoryConditionCallable;class:StoryConditionCompleted;class:StoryConditionEnabled;class:StoryConditionExpression;class:StoryConditionNotAt;class:StoryConditionNotCompleted;class:StoryConditionNotProgress;class:StoryConditionProgress;function:__init__;function:__str__;function:_story_condition_scope;function:_story_conditions_blocked;function:_story_conditions_met;function:_story_current_location;function:_story_delay_ready;function:_story_eval_condition;function:_story_get;function:_story_level_enabled;function:_story_location_is_open;function:_story_map_int;function:_story_marker_day;function:_story_named_callable;function:_story_named_number;function:_story_named_value;function:_story_num_day;function:_story_relationship_level;function:_story_split_enabler;function:_story_thread_lookup;function:_story_thread_step_lookup;function:_story_to_int;function:blocked;function:checkBlocksList;function:checkEventTime;function:eval;function:makeCondition;function:makeConditionT;function:makeConditions;function:show,
current_only,events_threads;people_npc;rooms_objects,Utilities/General/Events/events.rpy,18364,,2026-06-06T18:22:51,,c2e60231a5162f318e86993099f53ca6313589e3fdad0d017eef3bd1d7ed369b,,1,0,16,0,0,0,29,0,3,0,class:Event;default:active_event;default:availEvents;default:evalTime;default:eventItems;default:eventLocations;default:eventOptions;default:eventPath;default:eventPeople;default:eventProjectionRows;default:eventRouteHints;default:eventTalk;default:random_events;default:story_events;default:story_thread_levels;default:tavern_work_events;default:thread;function:__init__;function:__str__;function:_story_after_load_init;function:_story_event_person;function:_story_event_projection_location;function:_story_first_route_step;function:_story_person_location;function:_story_project_available_events;function:_story_room_neighbors;function:add;function:auditChecks;function:canTrigger;function:checkBlocks;function:checkConditions;function:checkDay;function:checkHour;function:checkItem;function:checkNumDay;function:checkProb;function:checkReqs;function:findAvailableEvents;function:initConditions;function:initEvents;function:initStoryEventRuntime;function:story_event_available;function:story_event_location_has_signal;function:story_event_path_targets;function:story_event_projection_rows;function:story_thread_advance_current;label:before_main_menu;label:checkTriggers;label:preEvent,
current_only,events_threads,Utilities/General/Events/threads.rpy,14338,,2026-06-06T12:48:36,,e7e3f159ffbfc4764c332aee2b3560a932fa8bd1ac9efabad20972eee2325f0b,,8,0,0,0,0,0,44,0,0,0,class:LThreadData;class:LThreadInfo;class:RThreadData;class:RThreadInfo;class:ThreadData;class:ThreadInfo;class:UThreadData;class:UThreadInfo;function:__init__;function:abort;function:adjustLen;function:advance;function:advanceTo;function:checkActive;function:checkBlocks;function:checkConditions;function:complete;function:createThread;function:createThreads;function:currentTarget;function:enable;function:findBlockedThreads;function:forceEnable;function:getAvailableEvents;function:getTarget;function:getevent;function:initBlocks;function:initConditions;function:initThreads;function:loadThreadData;function:reactivate;function:reset;function:seen;function:setDay;function:statusText;function:story_sync_melissa_rat_solution_thread,
modified,people_npc,Utilities/General/NPC/AdjustOtkroven.rpy,2662,2554,2026-05-27T17:53:00,2026-05-25T20:34:29,c17b98cd034765c7a7fe945cec4a805ebab895bc9b63ecb9e6c17874f1c4d572,cd57ef098f96b9959159e1ed7512cda5e2af14df926dc33287d2b31aa770b5e5,0,0,0,0,0,0,1,1,0,0,,
modified,events_threads;people_npc;player_state;rooms_objects,Utilities/General/NPC/AmandaIntent_ren.py,27795,27064,2026-05-27T17:53:00,2026-05-25T20:34:29,11137d58f8393d8923951d449a23f0ba9acf77a9ceab5e3f8eade05238b4161f,cacd077c4774027bfa86687ffeab28bb16430fa86b76109a4c75fc4e9919dd28,0,0,0,0,0,0,20,20,0,0,,
modified,people_npc,Utilities/General/NPC/ChangeTommorowHallJob.rpy,1306,363,2026-06-07T08:20:50,2026-05-25T20:34:29,de4bcc5054ffb297c405fc1983eb9095f82a916767efe649cd4cb1f93bc40bb5,dd408a08ccbb1f58244b616da021c32d0f64d919528cc7348b9d7ae90578f06c,0,0,0,0,0,0,1,0,1,1,function:apply_tomorrow_hall_job,
modified,people_npc;rooms_objects,Utilities/General/NPC/ChangeTommorowWhoreJob.rpy,4139,3958,2026-06-07T04:27:33,2026-05-25T20:34:29,187cd0c618826221858c6f0169fa6541e7dc41241988c770097e0b1f11302868,e2e1aa12a38f2ec11671c94486f7bd979be55951752cf3b6d04df97a3f2c1693,0,0,0,0,0,0,4,4,2,2,,
modified,people_npc;player_state;rooms_objects,Utilities/General/NPC/CharacterActionHub.rpy,46200,4884,2026-06-07T03:21:36,2026-05-25T20:34:29,f000e6f5285b091fe491ea537034a9a366143ce59d7d9de2335f08ed5afdc513,189c1a8dfc608e47ff3227cd83bbf17fb19ef299b683ec2b1a8b8d8415a42313,0,0,9,1,0,0,45,8,13,1,default:action_menu_actions;default:action_menu_entity_data;default:action_menu_entity_id;default:action_menu_entity_type;default:action_menu_selected;default:action_menu_specs;default:action_menu_title;default:action_menu_where;function:DogActionLookState;function:DogActionTalkState;function:NpcActionTalkState;function:_character_action_call_label;function:_character_action_display_name;function:_character_action_entity_talk_args;function:_character_action_picture_files;function:_character_action_room_picture_tokens;function:_character_action_text;function:_entity_action_can_examine;function:_entity_unknown_title;function:_is_generic_unknown_name;function:_normalize_entity_action_data;function:_npc_explicit_picture;function:_unknown_role_name;function:action_menu_handle_back_state;function:action_menu_handle_look_state;function:action_menu_handle_talk_state;function:call_label_with_args;function:dog_action_data;function:entity_knows_mc;function:entity_presented_name;function:npc_action_data_for_room;function:npc_action_ids;function:npc_context_picture_path;function:npc_examine_label;function:npc_flirt_action_available;function:npc_gift_action_available;function:npc_meta;function:npc_picture_for_action;function:npc_room_interaction_visible;function:npc_social_actions_available_in_room;function:npc_talk_args;function:npc_unique_state;function:open_dog_action_menu_state;function:open_entity_action_menu_state;function:open_npc_action_menu_state;function:show_entity_examine_main_ui_state;function:show_npc_picture_main_ui_state;label:ActionMenuHandleBack;label:ActionMenuHandleLook;label:ActionMenuHandleTalk;label:NpcActionLook;label:NpcActionTalk;label:OpenEntityActionMenu;label:OpenNpcActionMenu;label:ShowAmandaCard;label:ShowBeckyCard;label:ShowClaraCard;label:ShowIrmaCard;label:ShowMelissaCard;label:ShowSandraCard,function:npc_capitalized_id;function:npc_visible_in_room
modified,items_inventory_clothes;people_npc,Utilities/General/NPC/CheckVisibility.rpy,2064,1283,2026-06-06T18:22:51,2026-05-25T20:34:29,1a830fef55c3122acb87bde2550bea3aae28f1b8f50bb5300185430f62e40a22,d487321085e534c1b8c91b7e3e374260a2dccbab55c391c2e56d874b955ac6b4,0,0,0,0,0,0,1,1,2,2,,
modified,calendar_time;events_threads;items_inventory_clothes;people_npc;rooms_objects,Utilities/General/NPC/DailySetstatdefault.rpy,5143,4555,2026-06-06T16:41:13,2026-05-25T20:34:29,0bdddbf8d9cab20bb24d3f6417cb54cb127ead317f037c8d8b06d29af01fc9e8,46a2e4923bcf4ba27f8f4fab65e5b98bc725944be878504fc42118d738cf63bc,0,0,0,0,0,0,0,0,1,1,,
modified,people_npc;player_state,Utilities/General/NPC/DescribeSkillIncrease.rpy,2073,1661,2026-05-27T17:53:01,2026-05-25T20:34:29,0bac86acfa8242755abc39318b8898016dfc9c798bf235826b1eb9d62236b133,3bbeb90429baa12586ae50a728bcc57cc57541e871529c21b6340580c69621de,0,0,0,0,0,0,2,2,1,1,,
modified,people_npc;player_state,Utilities/General/NPC/GirlDecisionModel.rpy,19600,19190,2026-05-27T17:53:01,2026-05-25T20:34:29,3d48eed20128919dbbce97079da8f97b36cbb92f321de398e2072fb8a64b200e,ac5758bf7a279a801d37bd903c3b206439dc67d8052ffcc387d3e2fb392ab501,0,0,1,1,0,0,21,21,0,0,,
web_only,calendar_time;people_npc;player_state;schedules,Utilities/General/NPC/GirlObjectRuntime.rpy,,35567,,2026-05-25T20:34:29,,6b8c227f012269b14044e30ed04e2f04aa7080819bbaeb6997e25629f13c9caf,0,2,0,8,0,0,0,43,0,0,,class:GirlData;class:GirlInfo;default:clara;default:clarissa;default:georgett;default:girls_data;default:girls_info;default:irma;default:melissa;default:sandra;function:__init__;function:add_corruption;function:add_friend;function:add_friendship;function:apply_relationships_to_maps;function:apply_to_maps;function:friend;function:friends;function:generate_morning_schedule;function:getLocation;function:girl_add_friendship;function:girl_add_openness;function:girl_bind_named_object;function:girl_hour_to_slot;function:girl_info_object;function:girl_object_after_load_update;function:girl_object_bool;function:girl_object_int;function:girl_object_key;function:girl_object_location;function:girl_reset_daily_interactions;function:girl_schedule_blank;function:girl_schedule_fill;function:girl_set_location;function:mark_flirted;function:mark_fucked;function:mark_gifted;function:mark_talked;function:missing_girl_objects;function:openness;function:record_sex_history;function:register_girl_object;function:relation_key;function:reset_daily;function:set_corruption;function:set_friend;function:slut_friends_increase;function:sync_from_maps;function:update
modified,events_threads;people_npc;player_state;rooms_objects,Utilities/General/NPC/HouseholdAI_ren.rpy,9719,10134,2026-05-27T17:53:01,2026-05-25T20:34:29,451ff67971843dd45bf48a5fab266ea85412a98223ab80c2e700a4d019c3f58d,3f3084d54ec843aaface239d24ddfd5c3b9f0316c0958558a85cdda501894450,0,0,3,3,0,0,16,17,0,0,,function:household_ai_active_npc_ids
modified,people_npc;rooms_objects,Utilities/General/NPC/IncreaseSkill.rpy,2185,1761,2026-05-27T17:53:01,2026-05-25T20:34:29,46c618644104d8c8dbd88707e2260478ae27ca9a37c139db5d617e7b2501b733,77357de3ca2f86d910452a165d08a0911f16b9168a2585944844977c917e658b,0,0,3,3,0,0,2,2,1,1,,
modified,people_npc,Utilities/General/NPC/JobMenuDesc.rpy,1160,748,2026-05-27T17:53:01,2026-05-25T20:34:29,75a5e035fa0a7211545de5550ff8bb96ba673b8bfba975593d5960c4b07150bd,58e7aaae40e3a2396d6473cddc1c7ff3e9a5ee7c490eefee6ef074cb50365b01,0,0,0,0,0,0,1,1,0,0,,
modified,people_npc,Utilities/General/NPC/NPCRelationshipLevels.rpy,6463,7401,2026-05-27T17:53:01,2026-05-25T20:34:29,30c8660199f027aa9173250ae193af256a65a33f41ee3d328a4adb03c8222c60,f0c903fe476afa9311425ae5bfdbb241f180a16edb93bc3fa8ba07b9ceb3ad11,0,0,1,1,0,0,14,21,0,0,,function:relationship_corruption_at_least;function:relationship_corruption_below;function:relationship_corruption_delta_points;function:relationship_corruption_max;function:relationship_corruption_min;function:relationship_corruption_step;function:relationship_corruption_threshold_points
modified,calendar_time;people_npc;schedules,Utilities/General/NPC/NPCScheduleModel.rpy,41314,23995,2026-06-08T09:04:58,2026-05-25T20:34:29,f46f1e89ceef881399607d939f9b7938a1bf80bc6ef1dd3ae1030d4356cae9e1,e5bb09829189ac1ff591163e4b4ae7df08fd1a90e4d0e9d6c396b99d94c59b02,2,1,8,5,0,0,69,44,0,0,class:NPCIntervalScheduleEntry;default:NPCIntervalScheduleLoadErrors;default:NPCIntervalScheduleLoaded;default:NPCIntervalSchedules;function:_npc_interval_schedule_store;function:npc_interval_condition_from_json;function:npc_interval_location_choices_from_json;function:npc_interval_schedule_entry_from_json;function:npc_interval_schedule_has_contract;function:npc_interval_schedule_list;function:npc_interval_schedule_load_all;function:npc_interval_schedule_load_file;function:npc_interval_schedule_set;function:npc_schedule_any_job_assigned;function:npc_schedule_becky_sandra_kitchen_visit_active;function:npc_schedule_eddie_absent_week;function:npc_schedule_georgett_church_visible;function:npc_schedule_georgett_portstreets_work_active;function:npc_schedule_liza_church_with_georgett_visible;function:npc_schedule_liza_portstreets_whore_active;function:npc_schedule_liza_portstreets_work_active;function:npc_schedule_minutes_to_time;function:npc_schedule_stable_index;function:npc_schedule_stable_percent;function:npc_schedule_tavern_whore_work_active;function:npc_schedule_time_to_minutes;function:selected_location,function:npc_daily_schedule_hour_ranges_for_slot;function:npc_hour_in_ranges
modified,people_npc,Utilities/General/NPC/NamesList.rpy,1689,1278,2026-05-28T21:08:03,2026-05-25T20:34:29,7fc2fcd322278e48492080a840b756b5c1f59fab50ba9dd66bd081e935f8487d,6b79cf80983da06ea2a0f44ce3fc138ca3128ec62b8a9118c113c29eabd058eb,0,0,0,0,0,0,1,1,0,0,,
modified,people_npc,Utilities/General/NPC/NamesSet.rpy,8783,8145,2026-06-01T03:14:12,2026-05-25T20:34:29,3e9fe17c17c3aa55a3d55249cb91fb7ee5c7924fec79568774f00206f4af68fb,bb3ec7a093777ba4f60b2608314e959f8444c7d50f6250d459a533f7d63bef09,0,0,0,0,0,0,4,4,1,1,,
modified,events_threads;people_npc;rooms_objects,Utilities/General/NPC/PartEventAfterHarrassment.rpy,5122,5037,2026-05-27T17:53:01,2026-05-25T20:34:29,d08c82cad1fd7deb115a71cb563bf7f53758d4a21c0e3b2d76c7d1a52a5e86c5,c601d8fa58139ba4b4a3f9623524d220758e7e616540187eadd27e8b9784adc1,0,0,0,0,0,0,0,0,1,1,,
modified,events_threads;people_npc;rooms_objects,Utilities/General/NPC/PartEventCustomerHarrassmentReaction.rpy,4576,4081,2026-05-27T17:53:01,2026-05-25T20:34:29,839845380c47b1da50690265e877cc21e6e642a33c058e461b6e682d14704fca,0f1a6757c2cfb068696437b4585b937e8b757275b3ace94ae3d9ab9babafcf4c,0,0,0,0,0,0,0,0,1,1,,
modified,events_threads;people_npc;rooms_objects,Utilities/General/NPC/PartEventYourFirstReaction.rpy,11159,12262,2026-06-01T22:31:31,2026-05-25T20:34:29,481aa47fb439d3cd78bb3724436eb64756f1d96862191fe7eab7afd4b1467ae1,6921c6099771feb9b6016f4c56a7955ef77e7dcc8df5bdc7a579556e883bb886,0,0,15,15,0,0,13,13,10,10,,
modified,people_npc;rooms_objects;schedules,Utilities/General/NPC/PeopleLocateOverlay.rpy,6310,6012,2026-06-02T19:23:38,2026-05-25T20:34:29,95d06ac0213bf58b4f8b2c158bb1808f978ee701abcd02eda8a29c617cc5d83f,03d3857f0bbf0cb24b91054f2cca460d8b93a6ff72029c9f782ef8107cca0be6,0,0,0,0,0,0,3,3,0,0,,
modified,items_inventory_clothes;people_npc;rooms_objects;schedules,Utilities/General/NPC/PeopleRuntime.rpy,26552,20278,2026-06-08T08:58:07,2026-05-25T20:34:29,3440bb1f6b5255f85c1b62b60732041ea4215a8b070b2250bb5c031c675388ec,cad961ea7693771c9546f74736b61f19232a21322c40fbd4505b3fafb4161e19,4,2,4,2,0,0,36,37,2,1,class:BaseNPC;class:Girl;default:girls;default:secondary_npcs;function:_register_people_lists;function:people_initial_location;function:promote_from_var;function:social_action_allowed;label:InitGameNPCs,function:canFlirt;function:canGift;function:canInteract;function:canTalk;function:friends;function:talkedToday
modified,people_npc,Utilities/General/NPC/RelationshipDesc1.rpy,946,534,2026-05-27T17:53:01,2026-05-25T20:34:29,33023356fc3ca9f8849f75aaea0979169fe9c2cbac4d3413c5d7afda5d032358,5a21ef505486e1768d4faae240a88efc17dbe4e4f6426bec51bcd335628ca6fb,0,0,0,0,0,0,1,1,0,0,,
modified,people_npc,Utilities/General/NPC/RelationshipDynamics.rpy,21107,22786,2026-05-27T17:53:01,2026-05-25T20:34:29,c9af149ff7468ee396cadb2c93afea871e9a8b67cca7d0cd0ca580be582adff9,9e91a988ee8e839bc56abb13763ec490e67050f37e39653776f530af0be337fe,0,0,2,2,0,0,24,31,0,0,,function:relationship_friend_at_least;function:relationship_friend_delta_points;function:relationship_friend_max;function:relationship_friend_min;function:relationship_friend_score;function:relationship_friend_step;function:relationship_friend_threshold_points
modified,people_npc;rooms_objects,Utilities/General/NPC/SetTavernServiceLevels.rpy,5836,5424,2026-05-27T17:53:02,2026-05-25T20:34:29,58fde0ef04c3c038de305e8a5c39264b5e3968205a0c1d22bb2c8dd51558547a,5099e3f0a8135bb9a9a899f8a498a4e74cad4b28b69673f76eda7f69bc6d68fc,0,0,0,0,0,0,1,1,1,1,,
modified,items_inventory_clothes;people_npc;player_state;rooms_objects,Utilities/General/NPC/SocialTalkTopics.rpy,51826,40135,2026-06-08T10:46:20,2026-05-25T20:34:29,c2dac47eba6ecf009ff6245742d78e973253bd1eb058284067c840bd0349d1ff,8b50b4249a3a504ee11cefe84f027c962822ab8ee10cc735e26afd09ef74d8ff,0,0,1,3,0,0,28,31,2,3,function:social_favorite_topic_ids;function:social_talk_positive_score_remaining;function:social_talk_positive_score_today,default:SocialTalkSessionGirl;default:SocialTalkSessionRemaining;function:social_apology_result;function:social_begin_talk_session;function:social_consume_talk_session_step;function:social_favorite_talk_topics;function:social_finish_talk_session;function:social_talk_state_score;label:SocialApologyApply
current_only,items_inventory_clothes;player_state,Utilities/General/Player/Player.rpy,32629,,2026-06-08T04:44:45,,45cde9628782e614f3c483b5b0ecffbf99805f985828ec08ff05f342d67eae1c,,12,0,2,0,0,0,91,0,0,0,class:Player;class:PlayerAppearance;class:PlayerChores;class:PlayerCombat;class:PlayerCondition;class:PlayerEconomy;class:PlayerEquipment;class:PlayerIdentity;class:PlayerIntimacy;class:PlayerInventory;class:PlayerStats;class:PlayerTavernManagement;default:mc;default:player;function:__init__;function:add;function:add_child_support;function:add_dress;function:add_item;function:add_money;function:add_party_member;function:age_daily;function:apply_to_store;function:change;function:change_stat;function:code_name;function:count;function:daily_maintenance;function:display_name;function:dress_age_days;function:ensure_item_life;function:ensure_nightwear;function:ensure_player_runtime;function:equip;function:has_dress;function:ids;function:increment_wash_days;function:is_naked;function:is_nightwear;function:item_count;function:item_default_life;function:mark_haircut;function:player_after_load_init;function:player_clamp_value;function:player_normalize_id_list;function:player_normalize_inventory;function:player_normalize_item_id;function:player_state;function:player_to_int;function:remove;function:remove_current_dress;function:remove_dress;function:remove_item;function:remove_party_member;function:set_sleep_layer;function:spend_money;function:sync_from_store;function:sync_player_state_from_store;function:sync_player_state_to_store;function:unequip;function:wash;function:wear_dress;function:weekly_child_support_money,
modified,other_structure,Utilities/General/Screens/NavigationOnlyMode.rpy,1541,1129,2026-05-27T17:53:02,2026-05-25T20:34:29,32d8d7af6cdf2e4bcd95004259b1de7010d1ae33ec73f78edd82da46fff14d3f,4f1e683540bf02eac9014d1d20181a047fa0d08b11e06bb9e6ef8142d8eb5629,0,0,1,1,0,0,4,4,0,0,,
modified,combat_enemies;items_inventory_clothes;player_state;rooms_objects,Utilities/General/Screens/PlayerCard.rpy,61891,60286,2026-06-06T14:26:25,2026-05-25T20:34:29,f3f0537c3fb55ba5bb3091ef23a0500984597d42badbb799c8b7b73d00372fee,79be5fd956ba228f6a60a06b8b4a4b66dd5328f2469d296e5fdcf5b405aca815,0,0,4,4,0,0,71,64,21,22,function:player_card_effective_exploration;function:player_card_equipped_armor;function:player_card_equipped_weapon;function:player_card_inventory_count;function:player_card_inventory_ids;function:player_card_owned_dresses;function:player_card_state,label:PlayerCardReturnToActiveTalk
current_only,events_threads;media_display_data;other_structure;rooms_objects,Utilities/General/Screens/SceneActionPanel.rpy,6718,,2026-06-06T15:57:34,,80726ee4e726e6f75d4ebe8b6196c951ab4430b929ec412e0986f408950abd4f,,0,0,0,0,0,0,7,0,2,0,function:scene_panel_add_item;function:scene_panel_call_item;function:scene_panel_item;function:scene_panel_jump_item;function:scene_panel_mutate;function:scene_panel_return_item;function:scene_panel_set_item;label:SceneActionPanel;label:SceneActionPanelApply,
modified,media_display_data,Utilities/General/Screens/ShowImage.rpy,20061,25640,2026-05-31T11:43:57,2026-05-25T20:34:29,a98b06995f88d40a3cde3fa1bb81ca303a9ebcf12ffce7c14c58d0b7e7895e52,d1629e2a80fa7cdf96c60c92c4d5e06f278f0cd687532ba01d484f14cb6e862d,0,0,0,0,0,0,23,24,2,2,,function:_media_casefold_lookup
modified,calendar_time;events_threads;people_npc,Utilities/General/Screens/StoryThreadBoard.rpy,21641,24094,2026-06-06T18:24:13,2026-05-25T20:34:29,e346431a442c43086e28f2fcd941ce55a1842bb73933a84c1a2ea81684e5be21,1d249e642d4e77c52b4224be07c273a4e8b8aae529208a835cff07a97a7d12c5,0,0,1,1,0,0,24,27,0,0,function:_hour_name;function:_hour_range_ok;function:story_board_condition_lines,function:_slot_name;function:story_board_abort;function:story_board_force_enable;function:story_board_reactivate;function:story_board_reset;function:story_board_show_scene
modified,rooms_objects,Utilities/General/Screens/build_room_action_items.rpy,2677,2229,2026-05-27T17:53:02,2026-05-25T20:34:29,d9809d485620def8550350f343e23f92cd6aa0bee0cba4ec9f125e53af64e529,7a39fcc77e25099ea007542fca8b4a3c52e68cc781ab9cd2ed12e06d805790cc,0,0,0,0,0,0,2,2,0,0,,
modified,events_threads;items_inventory_clothes;media_display_data;people_npc;player_state;rooms_objects,Utilities/General/Screens/main_layout.rpy,48907,41205,2026-06-08T08:46:11,2026-05-25T20:34:29,30af42c2c102300d5e608e2d3daaa96dd4d98708e306221b414ecb50bc58efb2,0582531f73d44b15406413c69a8492f24cc219d7995fa533e6b05e81f8f80276,0,0,15,15,0,0,13,13,3,1,function:main_ui_call_label;label:ActionMenuRunSpec,function:main_ui_action_items_with_entities
modified,items_inventory_clothes;player_state,Utilities/General/Screens/stat.rpy,25555,24294,2026-06-06T17:51:06,2026-05-25T20:34:29,b69bd10e6367e4bc8179045bf845555f03439cdc99b5ed0de576fd2012be2683,3c0cde4bd1cee055fdd8fb576a57dba2f6d431a0e85e10005823219666afa342,0,0,2,2,0,0,36,36,1,1,,
modified,people_npc;player_state,Utilities/General/Sex/AddOthersSperm.rpy,1823,1375,2026-05-27T17:53:02,2026-05-25T20:34:29,610b06eaf40e3e8db173d0c369e42c97346513326d7b2be60de3caea597b0ee4,c47d4196366a374573f792ed8978a117f3cea39f09113867f0038e41a98c162f,0,0,0,0,0,0,1,1,1,1,,
modified,items_inventory_clothes;player_state,Utilities/General/Sex/BodyInteractionModel.rpy,29793,29332,2026-05-27T17:53:02,2026-05-25T20:34:29,875e685ace6e4be7e7c391f508ae87c897c6863666d9fa3b564d4a458d6430b4,dce1d681f24847f0ec37b25a5291c9881d278498bddc5c30ebe7f2f91c0cb8b1,0,0,1,1,0,0,26,26,0,0,,
modified,people_npc;player_state,Utilities/General/Sex/CleanSpermRandom.rpy,2697,2165,2026-05-27T17:53:02,2026-05-25T20:34:29,e8e13528c16bad815f8efb4da73544f83d7cbc0c58b51066614004cb3b3255fb,d2fa44b384b8d12bbbe9f3a69177805111f1ad3927dbcf9943605ffefe58b554,0,0,0,0,0,0,1,1,1,1,,
modified,people_npc;player_state,Utilities/General/Sex/CockPosition.rpy,2117,1708,2026-05-27T17:53:02,2026-05-25T20:34:29,7e010a4dd21d5a11dede896a19d3eb9512ee5cd71144e43dc5b9d12a14aa5719,f789b706e22b47e4ed4b7d2f2f4a2a07b191a222c79043486eb4560af9110307,0,0,0,0,0,0,1,1,2,1,label:cock_position,
modified,items_inventory_clothes;media_display_data;people_npc;player_state;rooms_objects,Utilities/General/Sex/HarassShowImage.rpy,2760,4757,2026-06-08T12:26:22,2026-05-25T20:34:29,e8dd02a24a2c1ee4bf950b3bc44757c438eef0bf883eeeb847b4b75698e118b5,88adbf594ac06710ba00d12a2366a74cdf7ea46018e8c6853607759ed20bc332,0,0,0,0,0,0,0,2,1,1,,function:harass_image_path;function:harass_player_reaction_image_path
modified,player_state,Utilities/General/Sex/KidsFunctions.rpy,19852,19115,2026-06-08T04:44:56,2026-05-25T20:34:29,267b906d5dcb6784b5949f180fa3d49336f8522db3b375a0b6d5c5d66843b0c0,960c59fecc211953d9c747fc8c055f4cef120acab735fba7bd40619d4662f46c,0,0,0,0,0,0,27,27,2,2,,
modified,player_state,Utilities/General/Sex/KidsPeekSexCompat.rpy,3230,2806,2026-05-27T17:53:03,2026-05-25T20:34:29,abf252be0da8a9a36332226d1c2246c592e13d97b926cea3e1d67288c1a1054d,9f0c56c8c54870736d9b586f95cfac40e197eddf2375b6ebe03c1b8647143643,0,0,0,0,0,0,4,4,0,0,,
modified,calendar_time;items_inventory_clothes;player_state;rooms_objects,Utilities/General/Sex/PlayerIntimacyState.rpy,15632,16315,2026-06-06T14:34:04,2026-05-25T20:34:29,c59b01334c4c2281295424901c3fbf92f2415cace356177da9d47390e9d9b63d,9838f4cfbccf171107193d45e08eb4b44c5d4a6f4c2a6b7e048c39365b314e09,0,0,0,9,0,0,25,25,1,1,,default:LastDaySex;default:PlayerArousalReasons;default:PlayerLastCumDay;default:PlayerLastHelpResult;default:PlayerMorningArousalDay;default:PlayerObservedNakedNpcDay;default:PlayerRoomLightClosed;default:PlayerSleepBottomLayer;default:PlayerWakeStateNotice
modified,events_threads;people_npc;player_state;rooms_objects,Utilities/General/Sex/SexEventsTableCode.rpy,10447,9742,2026-05-27T23:49:46,2026-05-25T20:34:29,569d2e68c0104451e6c5fe9afca4f505deb7ce4d2a28521540b9aa1ffb938c20,28dc5c18ceaa34506a6e12a5bee1477ae70057609421d9a1c8d797a570edde80,0,0,3,0,0,0,31,31,1,1,default:GirlDance;default:TodaySexEvents;default:sex_history_by_girl,
modified,people_npc;player_state,Utilities/General/Sex/SexPort.rpy,1873,1574,2026-05-27T17:53:03,2026-05-25T20:34:29,6f4fb68c1033c08a93850d31d2663df814c1bc2df853e5b5226c9977deb5e14f,1a75f7446629058630d5794c97f690dd92a4e6746d8167bc731bd3300de452aa,0,0,0,0,0,0,0,0,1,1,,
modified,people_npc;player_state;rooms_objects,Utilities/General/Sex/SexProstTavern.rpy,1967,1672,2026-05-27T17:53:03,2026-05-25T20:34:29,e39d1afb8115dd1d09e43c65ed2343a6f8f6883b473b3f8447a5bb132a0e61f3,a5658eebee69acec19cdf3195eef5e50a4892ceedd8d30c51c0b95b8b6fc70fe,0,0,0,0,0,0,0,0,1,1,,
modified,people_npc;player_state;rooms_objects,Utilities/General/Sex/ShowCurrentSex.rpy,11531,11208,2026-05-27T17:53:03,2026-05-25T20:34:29,67d53b4db8f683c17aa56d035270b3758a16778897e313230bb68be9ad53fd0e,b8918666448802d127c28177ff043b25322897f05402b754aefda321012aecdc,0,0,0,0,0,0,1,1,1,1,,
modified,events_threads;media_display_data;people_npc;player_state,Utilities/General/Sex/StreetClients.rpy,11282,10894,2026-05-27T17:53:03,2026-05-25T20:34:29,b726072f00c2998359072edb449912d4a5d854e569aefbc0c21b5bee06b59292,89d8454e24b3ab97879445f37f69986b99df2e1a72d67574be8a3793a3dd3856,0,0,0,0,0,0,0,0,2,2,,
modified,calendar_time;events_threads;people_npc;player_state,Utilities/General/Sex/WhoreNextDayClients.rpy,3405,2712,2026-06-06T15:57:34,2026-05-25T20:34:29,753b239d3511282afbff4723e18747299b7ebe87e44824fafdba6370557ebe85,6d833a9eec0a1c46097179f7f5d8b6d1f90edd47317e661077939b52c3dc76c1,0,0,0,0,0,0,0,0,1,1,,
modified,calendar_time;combat_enemies;rooms_objects;schedules,Utilities/Time/AdvanceTime.rpy,1970,2080,2026-06-06T16:28:24,2026-05-25T20:34:29,c05f0712941f81c9beaa45429318186b23ece46d7ac1f7c3a0c85c006f558f16,c588598e1198f23ae1edac9f2a98238028945ef6abe52db1447de6ce5b46a97b,0,0,1,4,0,0,1,2,3,2,function:advance_time_runtime;label:AdvanceTimeAndRestore,default:LastAdvancedTimeSlots;default:LastTimeAdvanceKind;default:LastTimeAdvanceSource;function:advance_time_slot_runtime;function:mark_time_advance
modified,calendar_time,Utilities/Time/DayToText.rpy,678,260,2026-06-06T15:57:34,2026-05-25T20:34:29,bd7dcaba1bc7fa8332e689ceeda7a5b0a8184753d92f9365d4a28bacfe8df880,8629ad1908f0af06add677e725f987c7a0cae0d8ca94597d5036aab6bbd21189,0,0,0,0,0,0,0,0,1,1,,
modified,calendar_time;events_threads;items_inventory_clothes;player_state;rooms_objects,Utilities/Time/NextDay.rpy,16425,16274,2026-06-07T20:26:52,2026-05-25T20:34:29,1e1f86e8b76a3848239c07f7d469b8aac49324bd2e995fe3dd744ecda236e030,ddf404a2a3129d166550550a7a3391ccc09e34bbc4506bb1ffcb2dcee3bbb6b3,0,0,2,4,0,0,3,3,1,1,,default:SleepWakeHourOverride;default:SleepWakeMinuteOverride
modified,calendar_time;combat_enemies;events_threads;people_npc;player_state,Utilities/Time/NextDay_FinishDayEvents.rpy,9894,9181,2026-06-02T03:41:08,2026-05-25T20:34:29,da0a9198db2ea5518b643c991b630e70fec33fe30deeb6ce2a312b9c7a34f504,bcf69d805d37c232aa199ed34e521d43b0cfb4990d75edf536a0b3ab7ea0e1ce,0,0,0,0,0,0,2,2,1,1,,
modified,calendar_time;combat_enemies;events_threads;player_state;rooms_objects,Utilities/Time/NextDay_NewDayEvents.rpy,12972,12450,2026-06-08T05:20:34,2026-05-25T20:34:29,37564480e99620e20903973b85ba12ac1fb5c47dd1d8d98fa72be47fdfdf1d29,51a177a0da03d4ffb429a0b96c3b93c123ee83ed1d677a5f2e2eff5622d7caca,0,0,0,0,0,0,3,3,1,1,,
modified,calendar_time;combat_enemies;events_threads;people_npc;rooms_objects,Utilities/Time/NextDay_TavernDaily.rpy,8480,8314,2026-06-08T04:45:02,2026-05-25T20:34:29,d78401cd1d859cf50c84eaeef8ac2cd2954e37741dcf63aafa5c080520b61b26,4ddbe336f36ee6dd6e7115809450d93a2002727a1f2330844902a553547f5e70,0,0,0,0,0,0,0,0,1,1,,
modified,calendar_time;rooms_objects,Utilities/Time/TimeChangeMenu.rpy,6395,7207,2026-06-06T16:52:11,2026-05-25T20:34:29,a475473ae4f1eee3ebabd87f0884c0690c3dbbbf3c7dd96d5d02e8365f4d766d,95922d6f0ca1e97c7ac3456782b6a0addc76cf213f36af0119cbb09c12fd511a,0,0,0,0,0,0,6,6,3,5,function:_time_current_slot;label:ApplyTimePeriodChange,function:_time_label;label:ApplyHudTimeSkipDays;label:ApplyHudTimeSkipToSlot;label:ApplyTimeSlotChange
modified,calendar_time;rooms_objects,Utilities/Time/TimeTurnSystem.rpy,2690,2066,2026-06-06T17:22:57,2026-05-25T20:34:29,f6fd9c4577a0124872b425762ae231fe4794a040db51c6a3261ac18f95abbb98,61e36755a15a09331aaf77e88e497e229eb921cb2d8e6608136eea79eb05a435,0,0,1,0,0,0,3,3,1,1,default:BlockTimeAdvance,
modified,other_structure,gui.rpy,16879,16464,2026-05-27T16:22:45,2026-05-25T20:34:29,6c27bb73baeefdc9a4ae75ee67f0ad779b62ae9d3a8cf6bd0dc3a5e49fcf7f0c,d5130ec3c2218b0e9ef22f1fd3c98455d236d2bc02436774aab455cdc41ae0ac,0,0,0,0,135,135,2,2,0,0,,
modified,other_structure,gui/styles.rpy,1127,715,2026-05-27T17:53:04,2026-05-25T20:34:29,899a4a6a929648f29cbc12c4320bd8d3deda8d10c13b3c3df316b857df6ac9b2,5b1ad9e3fe053d7821ba9caf8ce223cfd30074c542818a67cd8b1b3725a0af34,0,0,0,0,0,0,0,0,0,0,,
modified,items_inventory_clothes;json_data;people_npc,json/intro_sequence.json,291,2753,2026-05-27T16:05:58,2026-05-25T20:34:34,8fa373d73c7227d2ea2dc272ab5810efaae02b6f16d44864532717fa8c59e619,afcde81d9840981c412550f219036f05a19ce8408a04663c9847e60b92e46440,0,0,0,0,0,0,0,0,0,0,,
modified,items_inventory_clothes;json_data;player_state;rooms_objects;schedules,json/npcs/amanda.json,3410,3418,2026-05-27T17:53:05,2026-05-25T20:34:34,e3f597ac4d9bab01c99fbb8059ab9d604ec5548b9b15652b8e6b40b530893e79,7a615e874c855c84c1429fcba97f73d252ddf508f8c4090018e80945d829b44e,0,0,0,0,0,0,0,0,0,0,,
modified,items_inventory_clothes;json_data;player_state;rooms_objects;schedules,json/npcs/georgett.json,1847,2538,2026-06-07T02:26:21,2026-05-25T20:34:34,f97382ba4cc7257234f9b554413b75a8c17a2f55dc1057634a983609c0f83342,2ac2efd831b0081472813958a88fe31e9faa3a6b363497c48aa4301250563a9d,0,0,0,0,0,0,0,0,0,0,,
modified,items_inventory_clothes;json_data;player_state;rooms_objects;schedules,json/npcs/liza.json,1635,2327,2026-06-07T02:32:57,2026-05-25T20:34:34,2dc9535a9c8279ec7f49f0dac7879da783ff30cdf70761e82ca60e535024c43e,f7a157ff12f0cc11439e3f27da9d9e05c64732386f5c7dea446505e07e90a691,0,0,0,0,0,0,0,0,0,0,,
modified,events_threads;json_data;player_state;rooms_objects,json/tavern_events.json,6489,6350,2026-05-27T17:53:05,2026-05-25T20:34:34,a0614fc1670efdb383f856fcdb53722f7830555efdc253d244e2a572d1ba0ea3,d22dd35a72ace4d48518a6265bbb8ad78327c5d7663f6ba9e0aa38ba80fe1050,0,0,0,0,0,0,0,0,0,0,,
modified,calendar_time;events_threads;player_state,options.rpy,8454,6980,2026-05-27T16:58:56,2026-05-25T20:34:34,b57bbd23a6bcc833ea3adeac7a9a2a2113409aabeab8484b0e13c95b66665e86,3df856dbf3579beff6aec9c5e31209d04bd86b90bb6571a629b36bf6743103eb,0,0,2,2,20,21,0,0,0,0,,
modified,calendar_time;events_threads;items_inventory_clothes;json_data;people_npc;player_state;rooms_objects,script.rpy,28540,26979,2026-06-08T05:20:29,2026-05-25T20:34:34,f31d21b2f594fe04ff69edd8b62b6bf1c445a453b2d311a1538e537df90dce7f,174decf47d14c03541e3831d7faf3d07341740ac32e42c1c11287810e3c8b814,1,1,167,1,0,0,27,43,6,6,class:Calendar;default:AmandaVar;default:Arousal;default:AskedToday;default:BeckyVar;default:Breastfeed;default:ChurchDonatedAmount;default:ClaraVar;default:ClientsDayTotal;default:CockInAss;default:CockInMouth;default:CockInPussy;default:CockInTits;default:CumFaceOthers;default:CumFaceYou;default:CumInsideOthers;default:CumInsideYou;default:CumTitsOthers;default:CumTitsYou;default:CurLoc;default:CurrentLoc;default:CursedByEllona;default:CursedByEllonaDays;default:DanceSponsor;default:DateOfBirth;default:DayLastOrgasmGiven;default:Drunk;default:EddieCockInMouth;default:EddieCockInPussy;default:EddieCockInTits;default:EquippedArmor;default:EquippedWeapon;default:FlirtedToday;default:Friends;default:FuckedToday;default:GeorgettVar;default:GiftPreferences;default:GiftedToday;default:GiveOrgasms;default:GloryHoleLook;default:GrupenSex;default:HadSex;default:HarassInstructions;default:IrmaVar;default:KidBirthPosobie;default:KidsPosobie;default:Lactate;default:LastDaySex;default:LickPussy;default:LizaVar;default:MelissaVar;default:PlayerArousalReasons;default:PlayerChoresWeek;default:PlayerDressDaySt;default:PlayerDressLifeDays;default:PlayerForestBanUntilDay;default:PlayerHaircutDaySt;default:PlayerItemLifeDays;default:PlayerLastCumDay;default:PlayerMorningArousalDay;default:PlayerObservedNakedNpcDay;default:PlayerWakeStateNotice;default:PregTotalSuspects;default:ProstitutesKids;default:PussyVisible;default:PussyWetStart;default:SandraVar;default:ShortSkirtNoPanties;default:SickDays;default:SleepWakeHourOverride;default:SleepWakeMinuteOverride;default:SloganFixed;default:TalkedToday;default:TavernGloryHole;default:TavernHole;default:TitsVisible;default:UI_chores;default:WeeklyChoresLastEvalStamp;default:WeeklyVisitorsTrack;default:YouCockInMouth,class:MoonCalendar;function:_cal_advance_date_one_day;function:_cal_apply_counters_and_names;function:_cal_days_before_cycle;function:_cal_days_before_month;function:_cal_days_in_cycle;function:_cal_days_in_month;function:_cal_increment_age_cycle;function:_cal_is_long_cycle;function:_cal_normalize_date;function:_cal_periods_before_cycle;function:_cal_periods_in_cycle;function:_cal_sync_hour_from_slot;function:_cal_sync_slot_from_hour;function:calendar_advance_days;function:calendar_advance_minutes;function:calendar_advance_slots;function:calendar_birth_matches_today;function:calendar_birth_record;function:calendar_birth_record_from_ordinal;function:calendar_clock_text;function:calendar_day_number_from_fields;function:calendar_day_number_to_parts;function:calendar_format_date_en;function:calendar_format_date_ru;function:calendar_make_birth_record;function:calendar_minutes_until_next_time_slot;function:calendar_set_from_fields;function:calendar_set_time_slot;function:calendar_sync_state;function:calendar_time_status_text;function:calendar_total_minutes_runtime;function:days_in_month;function:is_long_cycle;function:periods_in_cycle;function:slot_start_hour
