"Label"	"File"	"Line"	"Lines"	"Media"	"Text"	"Menu"	"Events"
"Forest"	"game\Forest\Forest.rpy"	"326"	"29"	""	"$ MainTxt = forest_build_entry_text(CurrentRoom) || $ CurLocDesc = MainTxt || $ MainTxt = MainTxt + ""\n\nСегодня здесь можно кое-что найти, если внимательно осмотреться."""	""	""
"ForestObjectMenu"	"game\Forest\Forest.rpy"	"355"	"37"	""	"$ MainTxt = _forest_object.description || $ CurLocDesc = MainTxt"	"current_action_items.append(MenuItem(_forest_action.label, Call(""ForestObjectText"", object_id, _forest_action.action_id))) || current_action_items.append(MenuItem(_forest_action.label, Call(_forest_action.target, *_forest_args))) || current_action_items.append(MenuItem(_forest_action.label, Jump(_forest_action.target)))"	""
"ForestObjectText"	"game\Forest\Forest.rpy"	"392"	"21"	""	"MainTxt = _forest_text || CurLocDesc = _forest_text"	""	""
"WerecatForestSearch"	"game\Forest\Forest.rpy"	"413"	"25"	"vscene werecat_info_picture_path()"	"$ MainTxt = str(_werecat_search.get(""text"", """") or """") || $ CurLocDesc = MainTxt"	""	""
"ForestSpawnedItemMenu"	"game\Forest\Forest.rpy"	"438"	"34"	"vscene _spawn_picture"	"$ MainTxt = str(_spawn_item.description or """") || $ CurLocDesc = MainTxt"	"MenuItem(""Подобрать ("" + str(_spawn_units) + "")"", Call(""ForestTakeSpawnedItem"", item_id)), || MenuItem(""Назад"", ["	""
"ForestTakeSpawnedItem"	"game\Forest\Forest.rpy"	"472"	"20"	""	"$ MainTxt = ""Вы подбираете: [(_taken_item.name)] x[(_taken_units)]."" || $ CurLocDesc = MainTxt"	""	""
"ForestSubroomExplore"	"game\Forest\Forest.rpy"	"492"	"19"	"call ShowImage("""", """", werecat_info_picture_path())"	"$ MainTxt = forest_room_saved_text(CurrentRoom) || $ MainTxt = str(MainTxt or """") + ""\n\n"" + str(_werecat_search.get(""text"", """") or """") || $ MainTxt = forest_room_saved_text(CurrentRoom) + ""\n\nВнимательно осмотревшись, вы замечаете, что здесь можно кое-что собрать."""	""	""
"ForestSubroomSpawnedItemMenu"	"game\Forest\Forest.rpy"	"511"	"29"	"vscene _spawn_picture"	"$ MainTxt = str(_spawn_item.description or """") || $ CurLocDesc = MainTxt"	"MenuItem(""Подобрать ("" + str(_spawn_units) + "")"", Call(""ForestSubroomTakeSpawnedItem"", item_id)), || MenuItem(""Назад"", [SetVariable(""current_action_title"", str(getattr(CurrentRoom, ""display_name"", ""Лес"") or ""Лес"")), SetVariable(""current_action_content"", None), SetVariable(""current_action_items"", forest_subroom_action_items()), Function(main_ui_restart_interaction)]),"	""
"ForestSubroomTakeSpawnedItem"	"game\Forest\Forest.rpy"	"540"	"22"	""	"$ MainTxt = ""Вы подбираете: [(_taken_item.name)] x[(_taken_units)]."" || $ CurLocDesc = MainTxt"	""	""
"ForestLakeBath"	"game\Forest\Forest.rpy"	"562"	"14"	""	"$ MainTxt = ""Вы раздеваетесь, заходите в прохладную воду и хорошенько смываете с себя дорожную пыль и пот. После купания вы чувствуете себя заметно свежее."" || $ CurLocDesc = MainTxt"	""	""
"ForestLakeWashHorse"	"game\Forest\Forest.rpy"	"576"	"15"	""	"$ MainTxt = ""Вы осторожно заводите %s в воду и тщательно смываете с него дорожную грязь и пыль. Конь фыркает, встряхивает гривой и выглядит заметно бодрее."" % player.horse.name || $ CurLocDesc = MainTxt"	""	""
"ForestCave"	"game\Forest\ForestCave.rpy"	"38"	"24"	""	"$ MainTxt = ForestCaveRoom.descriptions[0].text || $ CurLocDesc = MainTxt || $ MainTxt = MainTxt + ""\n\nДаже здесь можно отыскать кое-что съедобное или полезное."""	""	""
"ForestClearing"	"game\Forest\ForestClearing.rpy"	"34"	"29"	""	"$ MainTxt = ForestClearingRoom.descriptions[0].text || $ MainTxt = MainTxt + ""\n\nНа краю поляны вы замечаете Клариссу, явно вышедшую сюда прогуляться и подышать лесным воздухом."" || $ CurLocDesc = MainTxt"	""	""
"ForestDarkWoods"	"game\Forest\ForestDarkWoods.rpy"	"33"	"24"	""	"$ MainTxt = ForestDarkWoodsRoom.descriptions[0].text || $ CurLocDesc = MainTxt || $ MainTxt = MainTxt + ""\n\nВ тенях между стволами можно наткнуться на кое-что полезное."""	""	""
"ForestHiddenPath"	"game\Forest\ForestHiddenPath.rpy"	"32"	"24"	""	"$ MainTxt = ForestHiddenPathRoom.descriptions[0].text || $ CurLocDesc = MainTxt || $ MainTxt = MainTxt + ""\n\nВ зарослях у тропы можно кое-что собрать."""	""	""
"ForestLake"	"game\Forest\ForestLake.rpy"	"32"	"29"	""	"$ MainTxt = ForestLakeRoom.descriptions[0].text || $ MainTxt = MainTxt + ""\n\nУ воды вы замечаете Клариссу, которая, похоже, решила ненадолго скрыться от городской суеты."" || $ CurLocDesc = MainTxt"	""	""
"ForestSpring"	"game\Forest\ForestSpring.rpy"	"33"	"29"	""	"$ MainTxt = ForestSpringRoom.descriptions[0].text || $ MainTxt = MainTxt + ""\n\nУ родника вы замечаете Клариссу, которая явно наслаждается прохладой и тишиной этого места."" || $ CurLocDesc = MainTxt"	""	""
"ForestWaterfall"	"game\Forest\ForestWaterfall.rpy"	"33"	"24"	""	"$ MainTxt = ForestWaterfallRoom.descriptions[0].text || $ CurLocDesc = MainTxt || $ MainTxt = MainTxt + ""\n\nУ сырых камней можно заметить кое-какую лесную добычу."""	""	""
"Backyard"	"game\Inn\Backyard.rpy"	"161"	"19"	""	"$ MainTxt = backyard_dynamic_text() || $ CurLocDesc = MainTxt"	""	""
"BackyardObjectMenu"	"game\Inn\Backyard.rpy"	"180"	"46"	""	"$ MainTxt = str(display_text or """") || $ CurLocDesc = MainTxt || $ MainTxt = _yard_object.description"	"current_action_items.append(MenuItem(_yard_action.label, Call(""BackyardObjectText"", object_id, _yard_action.action_id))) || current_action_items.append(MenuItem(_yard_action.label, Call(_yard_action.target, *_yard_args))) || current_action_items.append(MenuItem(_yard_action.label, Jump(_yard_action.target)))"	""
"BackyardObjectText"	"game\Inn\Backyard.rpy"	"226"	"21"	""	"MainTxt = _yard_text || CurLocDesc = _yard_text"	""	""
"BackyardToiletExamine"	"game\Inn\Backyard.rpy"	"247"	"10"	""	"$ MainTxt = ""Дверца нужника заперта изнутри. Похоже, там сейчас занято."" || $ MainTxt = ""Дверца нужника приоткрыта. Сейчас внутри свободно, хотя заходить туда без нужды желания не возникает."" || $ CurLocDesc = MainTxt"	""	""
"BackyardWashAtBarrel"	"game\Inn\Backyard.rpy"	"257"	"9"	""	"$ MainTxt = ""Вы умываетесь и наскоро обмываетесь холодной дождевой водой из бочки. Это освежает и помогает привести себя в порядок."" || $ CurLocDesc = MainTxt"	""	""
"BackyardWashAtBarrelWithSoap"	"game\Inn\Backyard.rpy"	"266"	"21"	""	"$ MainTxt = ""У вас нет подходящего мыла."" || $ CurLocDesc = MainTxt || $ MainTxt = ""Вы тщательно моетесь у бочки, не жалея хорошего душистого мыла. Холодная вода бодрит, кожа пахнет чище, и выглядите вы заметно лучше."""	""	""
"BackyardInspectAshBarrel"	"game\Inn\Backyard.rpy"	"287"	"9"	""	"$ MainTxt = backyard_ash_barrel_description_text() or ""Зольной бочки здесь пока нет."" || $ CurLocDesc = MainTxt"	""	""
"BackyardInspectDogBooth"	"game\Inn\Backyard.rpy"	"296"	"9"	""	"$ MainTxt = ""Собачьей будки здесь пока нет."" || $ CurLocDesc = MainTxt"	""	""
"CreateTavernEvents"	"game\Inn\CreateTavernEvents.rpy"	"4"	"3"	""	""	""	""
"EventWineForDance"	"game\Inn\EventWineForDance.rpy"	"39"	"23"	""	"$ MainTxt = _wine_event_text || $ CurLocDesc = MainTxt"	"menu:"	""
"WineForDanceOutcome"	"game\Inn\EventWineForDance.rpy"	"62"	"35"	""	"$ MainTxt = ""Вы решили поддержать народные гуляния."" || $ MainTxt = ""Вы бы были и рады поддержать оные гуляния, но, к сожалению, у вас было недостаточно вина и продуктов для столь благородной затеи."" || $ MainTxt = ""Вы решили что ваши финансы не позволяют участвовать в такой затее."""	"menu:"	""
"HouseholdEvent_Try"	"game\Inn\HouseholdMiniEvents.rpy"	"3"	"19"	""	""	""	""
"HouseholdEvent_KitchenAmandaSandraSpark"	"game\Inn\HouseholdMiniEvents.rpy"	"22"	"43"	""	""	"menu:"	""
"HouseholdEvent_KitchenMelissaPracticalComplaint"	"game\Inn\HouseholdMiniEvents.rpy"	"65"	"33"	""	""	"menu:"	""
"HouseholdEvent_BreakfastSquirrelMockery"	"game\Inn\HouseholdMiniEvents.rpy"	"98"	"37"	""	""	"menu:"	""
"HouseholdEvent_AmandaPrivatePressure"	"game\Inn\HouseholdMiniEvents.rpy"	"135"	"31"	""	""	"menu:"	""
"HouseholdEvent_SandraPrivateCheck"	"game\Inn\HouseholdMiniEvents.rpy"	"166"	"26"	""	""	"menu:"	""
"HouseholdEvent_ThreeWomenConverge"	"game\Inn\HouseholdMiniEvents.rpy"	"192"	"26"	""	""	"menu:"	""
"HouseholdReturnCurrentRoom"	"game\Inn\HouseholdRuntimeEvents.rpy"	"358"	"10"	""	"call TavernKitchenBreakfastShowText(MainTxt, ""TavernKitchenBreakfastMenu"")"	""	""
"HouseholdSoapRequestEvent"	"game\Inn\HouseholdRuntimeEvents.rpy"	"368"	"40"	""	"$ MainTxt = ""Сандра перехватывает вас на минуту и, чуть понизив голос, признает, что хорошее мыло в доме уже распробовали все. \""Если опять надумаешь варить, отложи мне кусок получше. Мне бы что-нибудь %s. После того %s и на кухне приятнее, и самой будто легче дышится,\"" говорит она без обычной суровости."" % (_soap_preferred, _soap_last_label) || $ MainTxt = ""Мелисса, чуть смутившись, спрашивает, не найдется ли у вас еще хорошего мыла. \""После того куска я как-то совсем отвыкла от обычной серой дряни. Если снова сваришь, мне бы %s мыло... вроде того %s. Отложи мне один, ладно?\"""" % (_soap_preferred, _soap_last_label) || $ MainTxt = ""Аманда быстро переходит на заговорщический тон: \""Стефан, если у тебя опять будет %s мыло, не забудь про меня. После того %s и волосы лучше лежат, и сама чувствуешь себя совсем по-другому.\"""" % (_soap_preferred, _soap_last_label)"	"menu:"	""
"HouseholdSoapRequestGiveNow"	"game\Inn\HouseholdRuntimeEvents.rpy"	"408"	"20"	""	"$ MainTxt = ""У вас этого больше нет."" || $ CurLocDesc = MainTxt || $ MainTxt = ""{} принимает подарок сразу, не скрывая удовольствия. {}"".format(str(people_name(_soap_girl, 'nominative', _soap_girl) or _soap_girl), str(_soap_effect.get(""text"", """") or """").strip())"	""	""
"HouseholdBarberRequestEvent"	"game\Inn\HouseholdRuntimeEvents.rpy"	"428"	"30"	""	"$ MainTxt = ""За завтраком вы сами поднимаете разговор о Серджио и предлагаете Сандре сходить к цирюльнику. Она сперва щурится с привычным недоверием, а потом все же кивает: \""Если уж ты решил тянуть трактир вверх, дом тоже должен выглядеть аккуратнее. И да, для трактира это тоже не пустяк: ухоженная хозяйка кухни дому только на пользу.\"""" || $ MainTxt = ""За завтраком вы осторожно предлагаете Мелиссе сходить к Серджио. Она заметно смущается, но не отказывается: \""После хорошей стрижки и всех его притираний, наверное, даже чувствуешь себя иначе. И если я буду выглядеть аккуратнее, то и в зале, и по дому держаться проще.\"""" || $ MainTxt = ""За завтраком вы предлагаете Аманде заглянуть к Серджио. Она оживляется почти сразу: \""Это было бы отлично! Он не только стрижет, он еще знает кучу смешных историй про чулки, нижнее белье и всякие женские хитрости. После такого и в трактире выглядеть веселее, и гостей держать на себе проще.\"""""	"menu:"	""
"SandraDressInitiativeEvent"	"game\Inn\HouseholdRuntimeEvents.rpy"	"458"	"21"	""	"$ MainTxt = ""Сандра, улучив минуту без лишних ушей, задерживает вас у стола и вдруг говорит куда мягче обычного.\n\n\""Слушай, Стефан... после всех этих разговоров о Бекки я тут подумала. Если уж вдова может себе позволить иногда выглядеть поинтереснее, то, может, и мне пора перестать рядиться только в самое практичное. Не в девках ведь дело, а в том, чтобы и на меня иной раз посмотрели как на женщину. Если надумаешь, подбери мне у Ирмы что-нибудь посмелее обычного.\"""" || $ CurLocDesc = MainTxt || $ MainTxt = ""Вы киваете Сандре и обещаете, что в ближайшее время заглянете с ней к Ирме и подберете что-нибудь заметно смелее ее обычных платьев. Сандра делает вид, что это пустяк, но по довольной полуулыбке видно: такой ответ ей пришелся по душе."""	"menu:"	""
"MelissaDressRequestEvent"	"game\Inn\HouseholdRuntimeEvents.rpy"	"479"	"21"	""	"$ MainTxt = ""Мелисса, дождавшись пока вокруг станет потише, смущенно признается: \""Я видела, какой наряд ты выбрал для Сандры. Если уж ей можно что-то посмелее, может и мне когда-нибудь подберешь платье не только для работы, но и чтобы самой себе нравиться?\""\n\nСказав это, она тут же опускает глаза, но по голосу слышно, что мысль ей давно не дает покоя."" || $ CurLocDesc = MainTxt || $ MainTxt = ""Вы обещаете Мелиссе, что не забудете о ее просьбе и подберете у Ирмы что-нибудь похожее, но по ее характеру. Мелисса заметно оживляется и тихо благодарит вас."""	"menu:"	""
"AmandaDressRequestEvent"	"game\Inn\HouseholdRuntimeEvents.rpy"	"500"	"20"	""	"$ MainTxt = ""Аманда сама подскакивает к вам, едва улучив момент. \""Стефан, это нечестно! У Сандры теперь наряд посмелее, Мелиссе ты тоже обещаешь что-то красивое, а я что, хуже? Мне тоже хочется платье, чтобы ахнули, а не только подносы таскать!\""\n\nПохоже, увиденное окончательно раззадорило ее самолюбие."" || $ CurLocDesc = MainTxt || $ MainTxt = ""Вы соглашаетесь, что раз уж в доме одна за другой появляются новые наряды, то и Аманду обделять не стоит. Услышав это, девушка сияет так, будто обновка уже висит у нее в шкафу."""	"menu:"	""
"MelissaRoomPestsEvent"	"game\Inn\HouseholdRuntimeEvents.rpy"	"520"	"26"	""	"$ MainTxt = ""В комнате Мелиссы явно не все спокойно: в углах висит свежая паутина, под потолком шуршат летучие мыши, а сама она сердито косится то на темные балки, то на кровать. \""То крысы внизу, то пауки тут, то опять эти мерзкие крылатые твари над головой,\"" ворчит девушка. \""Ночью от них никакого покоя.\"""" || $ CurLocDesc = MainTxt || $ MainTxt = ""Вы быстро выметаете свежую паутину и наводите в комнате хоть какой-то порядок, но сразу понимаете, что настоящая беда никуда не делась. Под крышей по-прежнему шуршит и скребется вся та дрянь, с которой придется разбираться уже через чердак и щели под кровлей."""	"menu:"	""
"HouseholdMorningIssueCure"	"game\Inn\HouseholdRuntimeEvents.rpy"	"546"	"26"	""	"$ MainTxt = ""Без лечебного зелья тут пока не обойтись."" || $ CurLocDesc = MainTxt || $ MainTxt = ""%s с благодарностью принимает лечебное зелье. Через несколько минут ей заметно легчает, и она уже выглядит так, будто сможет вернуться к обычным делам."" % _action_display_name(_issue_girl)"	""	""
"HouseholdMorningIssueWarmDrink"	"game\Inn\HouseholdRuntimeEvents.rpy"	"572"	"28"	""	"$ MainTxt = ""Сандра сначала кривится на саму идею пряной настойки с утра, но все же делает несколько осторожных глотков. Напиток быстро разгоняет холод по телу, и хозяйка уже не так сурово ворчит, признавая, что от такого внимания ей и правда легче."" || $ MainTxt = ""Мелисса принимает пряную настойку обеими руками и пьет медленно, будто растягивает не столько тепло, сколько саму вашу заботу. Через несколько минут она выглядит живее, хотя и признает, что ей все равно лучше отлежаться еще немного."" || $ MainTxt = ""Аманда с готовностью хватается за пряную настойку и почти сразу оживляется. \""Ну вот, совсем другое дело,\"" заявляет она, явно наслаждаясь не только теплом в груди, но и самим поводом получить от вас чуть больше внимания."""	""	""
"HouseholdAmandaFakeSicknessWake"	"game\Inn\HouseholdRuntimeEvents.rpy"	"600"	"18"	""	"$ MainTxt = ""Вы не спорите у двери, а спокойно садитесь рядом и просите Аманду хотя бы раз сказать честно, плохо ей или просто не хочется вставать. Она сперва обиженно сопит, потом все же сдается: \""Ладно... больше лени, чем болезни.\"" Через несколько минут она уже нехотя натягивает платье и обещает выйти к общему столу."" || $ MainTxt = ""Вы резко пресекаете Амандину \""болезнь\"" и велите ей подниматься. Она фыркает, жалуется на жестокость и нарочно долго возится с одеждой, но все же встает. Похоже, сегодня это было скорее представление, чем настоящая слабость."" || $ CurLocDesc = MainTxt"	""	""
"HouseholdWakeSleepyGirl"	"game\Inn\HouseholdRuntimeEvents.rpy"	"618"	"55"	""	"$ MainTxt = ""Вы осторожно будите Сандру. Та сначала недовольно морщится, потом резко собирается, будто сама сердится не на вас, а на то, что дала себе лишнюю слабину."" || $ MainTxt = str(MainTxt or """") + ""\nПока Сандра поднималась, вы невольно успели заметить, что рубаха на ней сбилась куда выше приличного. Поймав ваш взгляд, она без лишней суеты поправляет ткань, но в ее лице на миг мелькает совсем не хозяйская, а женская неловкость."" || $ MainTxt = str(MainTxt or """") + ""\nСандра успевает заметить и вашу слишком уж явную выпуклость под одеждой. Вместо скандала она только сухо хмыкает: \""Вот и думай после этого, кто тут проспал по-настоящему.\"""""	""	""
"MelissaNightWakeEvent"	"game\Inn\HouseholdRuntimeEvents.rpy"	"673"	"24"	""	"$ MainTxt = ""Вы уже почти проваливаетесь в сон, когда в дверь осторожно, но настойчиво стучат. На пороге оказывается встревоженная Мелисса: то ли в ее комнате снова шуршит какая-то дрянь под потолком, то ли из темного угла опять выскочила крыса. Одной ей туда возвращаться совсем не хочется."" || $ CurLocDesc = MainTxt || $ MainTxt = ""Вы поднимаетесь вместе с Мелиссой, быстро прогоняете ночную дрянь из ее комнаты и помогаете ей успокоиться. На прощание она благодарит вас уже куда мягче обычного: видно, что такая помощь ей важна."""	"menu:"	""
"Intro"	"game\Inn\Intro.rpy"	"5"	"34"	""	"MainTxt = _intro_notice + ""\n\n"" + _intro_story"	"menu:"	""
"dev_after_report_checkpoint"	"game\Inn\Intro.rpy"	"39"	"6"	""	""	""	""
"Shed"	"game\Inn\Shed.rpy"	"144"	"25"	""	"$ MainTxt = build_shed_description(True, _shed_intro) || $ CurLocDesc = MainTxt"	""	""
"ShedStoreLumber"	"game\Inn\Shed.rpy"	"169"	"39"	""	"$ MainTxt = ""У вас нет бревен, которые можно сложить в сарае."" || $ CurLocDesc = MainTxt || $ MainTxt = build_shed_description(True, """")"	""	""
"ShedTakeChoppedWood"	"game\Inn\Shed.rpy"	"208"	"25"	""	"$ MainTxt = build_shed_description(True, """") || $ CurLocDesc = MainTxt"	""	""
"ShedExamine"	"game\Inn\Shed.rpy"	"233"	"12"	""	"$ MainTxt = ""Вы внимательно осматриваете сарай и, пошарив под старыми досками и тряпьем, находите крепкое хозяйственное ведро."" || $ MainTxt = build_shed_description(False, ""Вы внимательно осматриваете сарай."") || $ CurLocDesc = MainTxt"	""	""
"TavernAmandaRoom"	"game\Inn\TavernAmandaRoom.rpy"	"267"	"38"	"vscene _amanda_room_picture || vscene _amanda_room_picture"	"$ MainTxt = ""Дверь закрыта изнутри. За ней слышны приглушенные голоса, шорох и короткий смешок."" || $ CurLocDesc = MainTxt || $ MainTxt = tavern_amanda_room_main_text(_room, _amanda_sleep_dress)"	"$ current_action_items = [MenuItem(""Вернуться в коридор"", movement_actions(""TavernUpstairs""))]"	"if story_event_available(CurLoc, ""melissa_bats""): || call checkTriggers(CurLoc, ""melissa_bats"", 0)"
"TavernAmandaRoomDoor"	"game\Inn\TavernAmandaRoom.rpy"	"305"	"21"	""	"$ MainTxt = ""Вы стоите перед дверью комнаты Аманды."" || $ CurLocDesc = MainTxt"	"menu:"	""
"TavernAmandaRoomKnock"	"game\Inn\TavernAmandaRoom.rpy"	"326"	"41"	""	"$ MainTxt = ""Вы стучите в дверь комнаты Аманды, но ответа не слышно."" || $ CurLocDesc = MainTxt || $ MainTxt = ""Вы стучите в дверь. Через несколько секунд Аманда отвечает: \""Войдите.\"""""	"menu: || menu:"	""
"TavernAmandaRoomKnockAnswer"	"game\Inn\TavernAmandaRoom.rpy"	"367"	"26"	""	"$ MainTxt = ""Вы называете себя, но за дверью все равно тихо."" || $ CurLocDesc = MainTxt || $ MainTxt = ""Вы называете себя. За дверью слышится короткая возня, потом Аманда отвечает: \""Хорошо, входите.\"""""	"menu: || menu:"	""
"TavernAmandaRoomEnterWithoutKnock"	"game\Inn\TavernAmandaRoom.rpy"	"393"	"22"	""	"$ MainTxt = ""Вы открываете дверь без стука. Аманда сидит на кровати и торопливо пытается прикрыться, на лице у нее тяжелый румянец.\n\n\""Ох... доброе утро, мессир Стефан. В следующий раз вам стоит постучать,\"" выдыхает она, явно сбитая с толку."" || $ MainTxt = MainTxt + ""\n\n"" + _amanda_dress_text || $ CurLocDesc = MainTxt"	"menu:"	""
"TavernAmandaRoomApologizeForEntry"	"game\Inn\TavernAmandaRoom.rpy"	"415"	"9"	""	"$ MainTxt = ""Вы извиняетесь и отступаете к двери, давая Аманде возможность прийти в себя. Она все еще краснеет, но коротко кивает, принимая извинение."" || $ CurLocDesc = MainTxt"	""	""
"tavern_amanda_room_object_menu"	"game\Inn\TavernAmandaRoom.rpy"	"424"	"34"	""	"$ MainTxt = bedroom_door_object_text(_room_object) || $ CurLocDesc = MainTxt"	"current_action_items.append(MenuItem(_room_action.label, Call(""tavern_amanda_room_object_text"", object_id, _room_action.action_id))) || current_action_items.append(MenuItem(_room_action.label, Call(_room_action.target, *_room_args))) || current_action_items.append(MenuItem(_room_action.label, Jump(_room_action.target)))"	""
"tavern_amanda_room_object_text"	"game\Inn\TavernAmandaRoom.rpy"	"458"	"19"	""	"MainTxt = _room_text || CurLocDesc = _room_text"	""	""
"TavernAmandaRoomWindowLook"	"game\Inn\TavernAmandaRoom.rpy"	"477"	"9"	""	"$ MainTxt = tavern_amanda_room_window_scene_text() || $ CurLocDesc = MainTxt"	"$ current_action_items = [MenuItem(""Назад"", Call(""tavern_amanda_room_object_menu"", ""window""))]"	""
"TavernAmandaRoomMorningWindowEpisode"	"game\Inn\TavernAmandaRoom.rpy"	"486"	"35"	""	"$ MainTxt = ""Аманда не спит. Вы застаете ее у окна ровно в тот момент, когда она резко отдергивает руку от занавески и пытается сделать вид, будто просто смотрела во двор.\n\n\""Ну что, Аманда? Кто у нас теперь извращенец?\"" спрашиваете вы.\n\nОна вспыхивает, но не уходит от ответа: \""Ничего не могу поделать... иногда так зудит, что хоть на стену лезь.\"" Вы спокойно отвечаете: \""Могу помочь, если хочешь.\"""" || $ CurLocDesc = MainTxt || $ MainTxt = ""После этого Аманда уже не спорит насчет окна. Она только быстро приводит себя в порядок и, все еще краснея, просит не разносить эту сцену по всему дому."""	""	""
"story_amanda_room_grope_0"	"game\Inn\TavernAmandaRoom.rpy"	"521"	"5"	""	""	""	""
"TavernAmandaRoomGropeAction"	"game\Inn\TavernAmandaRoom.rpy"	"526"	"71"	"call ShowImage(""amanda"", ""room"", ""wakenaked"") || call ShowImage(""amanda"", ""room"", ""wakedress"")"	""	""	""
"TavernAtic"	"game\Inn\TavernAtic.rpy"	"86"	"17"	""	"$ MainTxt = TavernAticRoom.descriptions[0].text || $ CurLocDesc = MainTxt"	""	""
"TavernAticSearch"	"game\Inn\TavernAtic.rpy"	"103"	"15"	""	"$ MainTxt = ""Вы долго роетесь среди ящиков, тряпья и обломков мебели. В дальнем углу под кучей пыли находятся {b}очень старая книга с рецептами{/b}, {b}ржавая охотничья винтовка-арбалет{/b} и {b}старый кожаный кирас{/b}."" || $ MainTxt = ""Вы снова шевелите старый хлам, но больше ничего ценного не обнаруживаете."" || $ CurLocDesc = MainTxt"	""	""
"TavernAticSupplySearch"	"game\Inn\TavernAtic.rpy"	"118"	"13"	""	"$ MainTxt = ""Вы снова перетряхиваете старый хлам и в дальнем ящике находите завернутые в промасленную тряпку припасы: {b}дробь{/b} и {b}порох{/b}. Этого хватит примерно на пять хороших выстрелов. Вы сразу забираете находку с собой."" || $ MainTxt = ""После второго тщательного обыска чердак больше ничем полезным не радует."" || $ CurLocDesc = MainTxt"	""	""
"MelissaAtticColonySearch"	"game\Inn\TavernAtic.rpy"	"131"	"13"	"vscene ""images/player_room/player_room_attic_1.png"""	"$ MainTxt = ""Вы медленно обходите чердак вдоль стропил и почти сразу замечаете над той частью дома, где спит Мелисса, старые щели между досками и темные ходы в подгнившей обшивке. Значит, подозрение было верным: снизу она видела не просто трещины в потолке, а настоящий выход под самую крышу.\n\nЕще через пару шагов находится и главная причина ночного шума. Под самой кровлей набилось сухое гнездовое тряпье, комки мха, помет и целая дрянная колония, давно обжившая балки и пустоты под крышей. Теперь ясно, почему внизу по ночам все шуршит и пищит. Одним веником тут не обойтись: сначала эту пакость придется выкурить дымом, а потом уже по-настоящему заделывать щели и приводить крышу в порядок."" || $ CurLocDesc = MainTxt"	""	""
"MelissaAtticWindowPeek"	"game\Inn\TavernAtic.rpy"	"144"	"19"	""	"$ MainTxt = ""Раздвинув старое тряпье и осторожно пригнувшись, вы находите маленькое слуховое окно над стороной дома, где расположена комната Аманды. Сквозь мутное стекло и щели в раме открывается слишком уж ясный вид на соседний двор.\n\n"" + attic_neighbor_sex_scene_text() + "" Вы невольно задерживаетесь у окна дольше, чем следовало бы."" || $ CurLocDesc = MainTxt"	"menu:"	"call checkTriggers(""TavernAtic"", ""melissa_bats"", 0)"
"MelissaBurnAtticColony"	"game\Inn\TavernAtic.rpy"	"163"	"14"	""	"$ MainTxt = ""Вы раскладываете дымную смесь между балок, даете ей как следует разгореться и быстро отступаете. Чердак наполняется густым едким дымом из мха, лаванды и трав. Из-под крыши с писком и хлопаньем вырываются летучие мыши, а мышиная дрянь начинает в панике разбегаться по щелям.\n\nГнездовище вы наконец выкурили, но на одном дыме дело не закончится: пока крышу не заделают как следует, щели останутся и вся пакость со временем полезет обратно."" || $ CurLocDesc = MainTxt"	""	""
"MelissaOrderRoofRepair"	"game\Inn\TavernAtic.rpy"	"177"	"20"	""	"$ MainTxt = ""На починку крыши сейчас не хватает денег."" || $ CurLocDesc = MainTxt || $ MainTxt = ""Вы договариваетесь о починке старой крыши и отдаете за работу тысячу монет. Теперь остается только дождаться, пока мастера перетянут гнилые доски, забьют щели и приведут верх трактира в порядок. Обещают управиться за пару дней."""	""	"$ story_thread_advance_current()"
"MelissaCheckRoofRepair"	"game\Inn\TavernAtic.rpy"	"197"	"18"	""	"$ MainTxt = ""Теперь все видно сразу: крыша над комнатой Мелиссы наконец подлатана, щели закрыты, а прежнее гнездовище выжжено и вычищено. Похоже, на этот раз проблема действительно решена."" || $ CurLocDesc = MainTxt || $ MainTxt = ""Работа над крышей еще не закончена. Придется подождать еще примерно {} дн."".format(_days_left)"	""	""
"TavernAticObjectMenu"	"game\Inn\TavernAtic.rpy"	"215"	"39"	""	"$ MainTxt = str(_atic_item.description or """") || $ MainTxt = MainTxt + ""\n\nЗдесь лежит несколько одинаковых предметов: {}."".format(_room_item_count_by_id(TavernAticRoom, object_id)) || $ CurLocDesc = MainTxt"	"current_action_items.append(MenuItem(_atic_action.label, Call(""TavernAticObjectText"", object_id, _atic_action.action_id))) || current_action_items.append(MenuItem(_atic_action.label, Call(_atic_action.target, *_atic_args))) || current_action_items.append(MenuItem(_atic_action.label, Jump(_atic_action.target)))"	""
"TavernAticObjectText"	"game\Inn\TavernAtic.rpy"	"254"	"16"	""	"MainTxt = _atic_text || CurLocDesc = _atic_text"	""	""
"BedroomDoorInspect"	"game\Inn\TavernBedroomDoors.rpy"	"71"	"10"	""	"$ MainTxt = bedroom_door_status_text(room_code, owner_name) || $ CurLocDesc = MainTxt"	""	""
"TavernEmptyRoom"	"game\Inn\TavernEmptyRoom.rpy"	"73"	"15"	""	"$ MainTxt = TavernEmptyRoomRoom.descriptions[0].text || $ CurLocDesc = MainTxt"	""	""
"TavernEmptyRoomObjectMenu"	"game\Inn\TavernEmptyRoom.rpy"	"88"	"28"	""	"$ MainTxt = TavernEmptyRoomPeepholeObject.description || $ CurLocDesc = MainTxt"	"current_action_items.append(MenuItem(_peephole_action.label, Jump(_peephole_action.target))) || current_action_items.append(MenuItem(_peephole_action.label, Call(_peephole_action.target, *tuple(getattr(_peephole_action, ""args"", ()) or ())))) || current_action_items.append(MenuItem(""Назад"", ["	""
"TavernEmptyRoomPeekClient"	"game\Inn\TavernEmptyRoom.rpy"	"116"	"9"	""	""	""	"call checkTriggers(""TavernEmptyRoom"", ""tavern_client_room"", 0)"
"TavernEmptyRoomPeekEmpty"	"game\Inn\TavernEmptyRoom.rpy"	"125"	"8"	""	"$ MainTxt = ""Вы осторожно проверяете потайное окошко, но в комнате сейчас никого нет. Остается только вернуться позже, когда кто-нибудь из посетителей уединится наверху."" || $ CurLocDesc = MainTxt"	"$ current_action_items = [MenuItem(""Вернуться в комнату"", [SetVariable(""current_action_title"", str(TavernEmptyRoomRoom.display_name or ""Пустая комната"")), SetVariable(""current_action_content"", None), SetVariable(""current_action_items"", tavern_empty_room_action_items()), Function(main_ui_restart_interaction)])]"	""
"TavernGloryHole"	"game\Inn\TavernGloryHole.rpy"	"26"	"277"	"call ShowImage(""gloryhole"", """", ""glory1"") || call ShowImage(""gloryhole"", """", ""gloryclient"") || call ShowImage(""amanda"", ""gloryfirst"", ""ambush"")"	""	"menu:"	""
"TavernHelp"	"game\Inn\TavernHelp.rpy"	"47"	"19"	""	""	""	""
"TavernHelpReadPage"	"game\Inn\TavernHelp.rpy"	"66"	"36"	""	"$ CurLocDesc = _help_pages[int(TavernHelpRoom.state.get(""page"", 0) or 0)] || $ CurLocDesc = CurLocDesc + ""\n"" + _stash_text || $ MainTxt = CurLocDesc"	"menu:"	""
"TavernKitchen"	"game\Inn\TavernKitchen.rpy"	"359"	"59"	""	"$ MainTxt = tavern_kitchen_saved_text() || $ MainTxt = ""Вы все еще сидите за общим утренним столом."" || $ CurLocDesc = MainTxt"	""	""
"TavernKitchenShareTeaWithSandraAndBecky"	"game\Inn\TavernKitchen.rpy"	"418"	"17"	""	"$ MainTxt = ""Сейчас для этого не время."" || $ CurLocDesc = MainTxt || $ MainTxt = Sandra.apply_kitchen_tea_with_becky()"	""	""
"TavernKitchenDepositMenu"	"game\Inn\TavernKitchen.rpy"	"435"	"18"	""	"$ MainTxt = ""Вы прикидываете, что из лесной добычи и запасов можно отнести в кладовую для кухонного хозяйства."" || $ MainTxt = str(MainTxt or """") + ""\nСейчас в кладовой уже лежат: %s."" % tavern_kitchen_food_stock_summary() || $ CurLocDesc = MainTxt"	"current_action_items.append(MenuItem(str(_deposit_row.get(""caption"", """") or """"), Call(""TavernKitchenDepositApply"", str(_deposit_row.get(""item_id"", """") or """")))) || current_action_items.append(MenuItem(""Назад"", [SetVariable(""current_action_title"", str(TavernKitchenRoom.display_name or ""Кухня"")), SetVariable(""current_action_content"", None), SetVariable(""current_action_items"", tavern_kitchen_action_items()), Function(main_ui_restart_interaction)]))"	""
"TavernKitchenDepositApply"	"game\Inn\TavernKitchen.rpy"	"453"	"20"	""	"$ MainTxt = ""Нечего отдавать."" || $ MainTxt = ""Вы относите в кладовую %s x%s."" % (_kitchen_item_name, _kitchen_deposited) || $ MainTxt = str(MainTxt or """") + ""\nСандра деловито осматривает припасы у кладовой, одобрительно кивает и сразу начинает прикидывать, как лучше пустить их в дело."""	""	""
"TavernKitchenAskSandraBreakfasts"	"game\Inn\TavernKitchen.rpy"	"473"	"18"	""	"$ MainTxt = ""Сейчас не лучший момент для такого разговора."" || $ CurLocDesc = MainTxt || $ MainTxt = Sandra.apply_kitchen_regular_breakfast_request(_kitchen_used_item)"	""	""
"TavernKitchenAskSandraClients"	"game\Inn\TavernKitchen.rpy"	"491"	"18"	""	"$ MainTxt = ""Сейчас не лучший момент для такого разговора."" || $ CurLocDesc = MainTxt || $ MainTxt = Sandra.apply_kitchen_client_manners_request(_kitchen_used_item)"	""	""
"TavernKitchenBreakfast"	"game\Inn\TavernKitchenBreakfast.rpy"	"1014"	"78"	"vscene tavern_kitchen_breakfast_picture()"	"$ MainTxt = ""Сегодня вы уже завтракали."" || $ CurLocDesc = MainTxt || MainTxt = ""\n\n"".join([row for row in _breakfast_lines if str(row or """").strip()])"	""	""
"TavernKitchenBreakfastMenu"	"game\Inn\TavernKitchenBreakfast.rpy"	"1092"	"75"	""	""	"menu:"	""
"TavernKitchenBreakfastShowText"	"game\Inn\TavernKitchenBreakfast.rpy"	"1167"	"8"	""	"label TavernKitchenBreakfastShowText(text=""""): || $ MainTxt = str(text or """") || $ CurLocDesc = MainTxt"	""	""
"TavernKitchenBreakfastHearDialogue"	"game\Inn\TavernKitchenBreakfast.rpy"	"1175"	"20"	""	"$ MainTxt = str(_banter_text or """") || $ MainTxt = ""За столом на миг воцаряется обычная утренняя болтовня без чего-то особенно примечательного."" || $ MainTxt = str(MainTxt or """") + ""\nЭтот разговор слишком легко цепляет и вас самих: утреннее возбуждение только сильнее мешает делать вид, будто вы слушаете все это совсем спокойно."""	""	""
"TavernKitchenBreakfastAmandaAltCure1"	"game\Inn\TavernKitchenBreakfast.rpy"	"1195"	"11"	""	"$ MainTxt = ""За общим столом Аманда сегодня на редкость притихла. Несколько раз она украдкой встречается с вами взглядом, потом криво улыбается и будто невзначай касается вашей ноги под столом. Колкость про Мелиссу так и не срывается с ее языка.\n\nЧерез пару минут ее ступня уже гладит вас куда смелее, а сама она наклоняется ближе и почти беззвучно шепчет, что после той неловкой истории с окном ей почему-то самой теперь труднее делать вид, будто ничего такого в доме не бывает.\n\nПока остальные заняты едой и разговорами, Аманда незаметно скользит ниже под край стола и решает загладить свою дерзость способом куда приятнее обычных извинений."" || $ MainTxt = ""Когда все заканчивается, Аманда так же тихо возвращается на свое место, поправляет волосы и берется за ложку так невинно, будто под столом только что не происходило ничего предосудительного. На вас она смотрит уже без прежней насмешки: скорее с довольным сговором, чем с привычным желанием поддеть."" || call TavernKitchenBreakfastShowText(MainTxt)"	""	""
"TavernKitchenBreakfastAmandaAtticMock"	"game\Inn\TavernKitchenBreakfast.rpy"	"1206"	"18"	""	"$ MainTxt = ""Стоит за завтраком снова всплыть слову \""чердак\"", Аманда тут же цепляет вас взглядом и слишком невинно спрашивает, не собираетесь ли вы опять падать туда, куда приличные люди хотя бы стучатся."" || $ CurLocDesc = MainTxt"	"menu:"	""
"TavernKitchenBreakfastAmandaAtticExpose"	"game\Inn\TavernKitchenBreakfast.rpy"	"1224"	"11"	""	"$ MainTxt = ""Вы спокойно отвечаете, что если Аманда так любит шутить про чердак, можно сразу рассказать всем, откуда она сама высматривала тот же двор. За столом становится тише. Аманда краснеет, дергает плечом и больше к этой теме за завтраком не возвращается."" || $ CurLocDesc = MainTxt || call TavernKitchenBreakfastShowText(MainTxt)"	""	""
"TavernKitchenBreakfastMelissaAmandaGerhard"	"game\Inn\TavernKitchenBreakfast.rpy"	"1235"	"15"	""	"$ MainTxt = ""Завтрак еще не успевает толком начаться, как Сандра снова заводит про кладовую.\n\n\""Крысы лезут к мешкам, будто им там ярмарку открыли,\"" ворчит она. \""Еще пара таких ночей, и мы будем кормить не гостей, а хвостатую сволочь.\""\n\nМелисса тут же подхватывает, злая и невыспавшаяся: \""Крысы снизу, летучие мыши сверху, по крыше шуршит, по стенам скребет. Я ночью уже не знаю, то ли одеялом накрываться, то ли метлой отбиваться.\""\n\nАманда усмехается в миску. \""Так заведите кошечку. Только не простую. Клариссу, например. Пусть эта благородная киска в кладовой помурлычет, может, крысы от стыда сами уйдут.\""\n\nМелисса фыркает слишком громко, а Аманда смотрит на нее так, будто специально ждет грязной догадки. Сандра тут же хлопает ладонью по столу.\n\n\""Хватит мне ваших кошечек, кисок и ночных воздыханий,\"" срезает она. \""Пальцы из пизд вынули обе и слушайте старших. Самоуспокоение закончится тем, что брат Герхард устроит вам дьявольское покаяние, а этого в доме никто не хочет. Крысы, мыши и чердак — вот о чем речь, а не о ваших мокрых фантазиях.\"""" || $ CurLocDesc = MainTxt"	"menu:"	""
"TavernKitchenBreakfastMelissaAmandaGerhardNatural"	"game\Inn\TavernKitchenBreakfast.rpy"	"1250"	"13"	""	"$ MainTxt = ""Вы обрываете спор и говорите, что сначала надо разобраться с настоящей грязью: крысы в кладовой, летучие мыши под крышей, щели на чердаке. Остальное за столом можно оставить для тех часов, когда дом не трещит по углам.\n\nСандра хмуро кивает. \""Вот это дело. Сначала хозяйство, потом девичьи смешки. Мелисса, хватит ныть — покажешь, где сильнее всего шуршит. Аманда, хватит мяукать про Клариссу — пойдешь помогать, если надо будет таскать тряпки и доски.\""\n\nАманда закатывает глаза, но спорить уже не решается. Мелисса бурчит себе под нос, зато видно: ей стало легче от того, что проблему наконец назвали вслух, а не превратили в очередную кухонную шутку.\n\nСандра под конец все равно добавляет, не удержавшись: \""И чтоб я ночью не слышала, как кто-то вместо сна себя утешает. Я вам не монастырь держу, но если брат Герхард услышит такие стоны, дьявола он будет искать не на чердаке.\"""" || $ CurLocDesc = MainTxt || call TavernKitchenBreakfastShowText(MainTxt)"	""	""
"TavernKitchenBreakfastAmandaAtticStop"	"game\Inn\TavernKitchenBreakfast.rpy"	"1263"	"10"	""	"$ MainTxt = ""Вы наклоняетесь ближе и коротко говорите Аманде, что эту шутку пора оставить при себе. Она еще секунду держит дерзкий вид, потом опускает глаза к тарелке и тихо фыркает: \""Ладно. Поняла.\"" После этого тема чердака за столом глохнет сама собой."" || $ CurLocDesc = MainTxt || call TavernKitchenBreakfastShowText(MainTxt)"	""	""
"TavernKitchenBreakfastTease"	"game\Inn\TavernKitchenBreakfast.rpy"	"1273"	"51"	"vscene _breakfast_tease_picture"	"$ MainTxt = ""{} приходит к завтраку настолько по-домашнему небрежной, что это уже похоже не на случайность, а на проверку ваших границ. Ночная ткань или плохо запахнутый домашний наряд оставляют слишком много поводов для взгляда, и она прекрасно видит, что вы это заметили."".format(people_name(_tease_girl, 'nominative', _tease_girl)) || $ MainTxt = str(MainTxt or """") + ""\n\nПосле историй о Клариссиных листках эта поза читается еще прямее: как будто кто-то нарочно примеряет на себя одну из тех непристойных сцен, только делает вид, что речь всего лишь о завтраке."" || $ MainTxt = ""{} ловит ваш взгляд, чуть меняет позу за столом и дает понять, что сегодня под платьем у нее куда меньше защиты, чем принято показывать за завтраком. Это длится всего миг, но она явно рассчитывала, что вы заметите."".format(people_name(_tease_girl, 'nominative', _tease_girl))"	"menu:"	""
"TavernKitchenBreakfastTeasePrivate"	"game\Inn\TavernKitchenBreakfast.rpy"	"1324"	"13"	""	"$ MainTxt = ""{} понимает ваш намек про {} без лишних объяснений. Пока за столом еще шумят ложками и спорят о работе, она только коротко улыбается: этот разговор явно можно будет продолжить там, где никто не станет мешать."".format(people_name(_tease_private_girl, 'nominative', _tease_private_girl), _tease_private_place) || $ CurLocDesc = MainTxt || call TavernKitchenBreakfastShowText(MainTxt)"	""	""
"TavernKitchenBreakfastTalkAbsent"	"game\Inn\TavernKitchenBreakfast.rpy"	"1337"	"12"	""	"$ MainTxt = str(_absence_prompt or """") + ""\n"" + tavern_breakfast_absent_talk_text() || $ MainTxt = tavern_breakfast_absent_talk_text() || $ CurLocDesc = MainTxt"	""	""
"TavernKitchenBreakfastMorningIssue"	"game\Inn\TavernKitchenBreakfast.rpy"	"1349"	"27"	""	"$ MainTxt = tavern_breakfast_morning_issue_text(_breakfast_issue_girl) || $ CurLocDesc = MainTxt"	"menu:"	""
"TavernKitchenBreakfastMarketTalk"	"game\Inn\TavernKitchenBreakfast.rpy"	"1376"	"11"	""	"$ MainTxt = tavern_breakfast_market_story_text() || $ CurLocDesc = MainTxt || call TavernKitchenBreakfastShowText(MainTxt)"	""	""
"TavernKitchenBreakfastMotivation"	"game\Inn\TavernKitchenBreakfast.rpy"	"1387"	"10"	""	"$ MainTxt = tavern_breakfast_motivation_text() || $ CurLocDesc = MainTxt || call TavernKitchenBreakfastShowText(MainTxt)"	""	""
"TavernKitchenBreakfastPerkMenu"	"game\Inn\TavernKitchenBreakfast.rpy"	"1397"	"30"	""	""	"menu:"	""
"TavernKitchenBreakfastLookAtGirl"	"game\Inn\TavernKitchenBreakfast.rpy"	"1427"	"13"	"vscene _breakfast_look_picture"	"$ MainTxt = tavern_breakfast_look_text(_breakfast_look_girl) || $ CurLocDesc = MainTxt || call TavernKitchenBreakfastShowText(MainTxt)"	""	""
"TavernKitchenBreakfastPerkFood"	"game\Inn\TavernKitchenBreakfast.rpy"	"1440"	"9"	""	"$ MainTxt = tavern_breakfast_apply_food_perk(_breakfast_food_choice) || $ CurLocDesc = MainTxt || call TavernKitchenBreakfastShowText(MainTxt)"	""	""
"TavernKitchenBreakfastPerkDrink"	"game\Inn\TavernKitchenBreakfast.rpy"	"1449"	"9"	""	"$ MainTxt = tavern_breakfast_apply_drink_perk(_breakfast_drink_choice) || $ CurLocDesc = MainTxt || call TavernKitchenBreakfastShowText(MainTxt)"	""	""
"TavernKitchenBreakfastPerkLewdSeries"	"game\Inn\TavernKitchenBreakfast.rpy"	"1458"	"8"	""	"$ MainTxt = tavern_breakfast_apply_lewd_series_perk() || $ CurLocDesc = MainTxt || call TavernKitchenBreakfastShowText(MainTxt)"	""	""
"TavernKitchenBreakfastPerkAppearance"	"game\Inn\TavernKitchenBreakfast.rpy"	"1466"	"8"	""	"$ MainTxt = tavern_breakfast_apply_appearance_perk() || $ CurLocDesc = MainTxt || call TavernKitchenBreakfastShowText(MainTxt)"	""	""
"TavernKitchenBreakfastServeSpicyDrink"	"game\Inn\TavernKitchenBreakfast.rpy"	"1474"	"11"	""	"$ MainTxt = tavern_kitchen_spicy_tincture_apply(tavern_breakfast_present_ids()) || $ CurLocDesc = MainTxt || call TavernKitchenBreakfastShowText(MainTxt)"	""	""
"TavernKitchenBreakfastBlindPirateStory"	"game\Inn\TavernKitchenBreakfast.rpy"	"1485"	"14"	""	"$ MainTxt = tavern_breakfast_blind_pirate_story_text() || $ CurLocDesc = MainTxt || call TavernKitchenBreakfastShowText(MainTxt)"	""	""
"TavernKitchenBreakfastAnnounceGeorgetteLiza"	"game\Inn\TavernKitchenBreakfast.rpy"	"1499"	"23"	""	"$ MainTxt = ""Вы даете за столом договорить всем до конца, а затем коротко объявляете, что Жоржетта с Лизеттой отныне будут жить и работать у вас в трактире.\n\nКогда по кухне проходит первый тяжелый шум, вы тут же пресекаете его и холодно напоминаете, чем закончилась судьба «Слепого Пирата». Если кому-то из присутствующих хочется проверить, не ждет ли ее галера, долговая яма или продажа в блудный дом, вы не станете никого удерживать. Но пока дом держится на вас, порядок здесь решаете вы.\n\nПосле этих слов разговор за столом резко остывает."" || $ MainTxt = str(MainTxt or """") + ""\n\nСандра первая берет себя в руки. Она явно недовольна, но вместо скандала только сухо замечает, что тогда новых баб надо сразу встраивать в хозяйственный распорядок и следить, чтобы они не развалили дом изнутри."" || $ MainTxt = str(MainTxt or """") + ""\n\nМелисса заметно бледнеет от вашей жесткости, но спорить не решается. По ее лицу видно, что она поняла сказанное слишком хорошо и теперь старается только не выдать своего страха лишним словом."""	""	""
"TavernKitchenBreakfastDanceMenu"	"game\Inn\TavernKitchenBreakfast.rpy"	"1522"	"19"	""	""	"menu:"	""
"TavernKitchenFinishBreakfastEvent"	"game\Inn\TavernKitchenBreakfast.rpy"	"1541"	"18"	"vscene _kitchen_scene"	"$ MainTxt = build_kitchen_description() || $ CurLocDesc = MainTxt"	""	""
"TavernKitchenSundayDinnerMenu"	"game\Inn\TavernKitchenBreakfast.rpy"	"1559"	"21"	""	""	"menu:"	""
"TavernKitchenSundayDinner"	"game\Inn\TavernKitchenBreakfast.rpy"	"1580"	"37"	"vscene tavern_kitchen_sunday_dinner_picture()"	"$ MainTxt = ""Сегодня вы уже сидели за воскресным обедом."" || $ CurLocDesc = MainTxt || MainTxt = ""\n\n"".join([row for row in _sunday_lines if str(row or """").strip()])"	""	""
"TavernKitchenCauldronMenu"	"game\Inn\TavernKitchenCauldron001.rpy"	"34"	"23"	""	"$ MainTxt = tavern_kitchen_cauldron_description() || $ CurLocDesc = MainTxt"	"current_action_items.append(MenuItem(_cauldron_label, Call(""TavernKitchenCauldronText"", _cauldron_action.action_id))) || current_action_items.append(MenuItem(_cauldron_label, Call(_cauldron_action.target, *_cauldron_args))) || current_action_items.append(MenuItem(_cauldron_label, Jump(_cauldron_action.target)))"	""
"TavernKitchenCauldronText"	"game\Inn\TavernKitchenCauldron001.rpy"	"57"	"13"	""	"MainTxt = _cauldron_text || CurLocDesc = _cauldron_text"	""	""
"TavernKitchenHearthMenu"	"game\Inn\TavernKitchenHearth001.rpy"	"77"	"26"	""	"$ MainTxt = tavern_kitchen_hearth_description() || $ CurLocDesc = MainTxt"	"current_action_items.append(MenuItem(_hearth_label, Call(""TavernKitchenHearthText"", _hearth_action.action_id))) || current_action_items.append(MenuItem(_hearth_label, Call(_hearth_action.target, *_hearth_args))) || current_action_items.append(MenuItem(_hearth_label, Jump(_hearth_action.target)))"	""
"TavernKitchenHearthText"	"game\Inn\TavernKitchenHearth001.rpy"	"103"	"15"	""	"MainTxt = _hearth_text || CurLocDesc = _hearth_text"	""	""
"TavernKitchenHearthDepositWood"	"game\Inn\TavernKitchenHearth001.rpy"	"118"	"12"	""	"$ MainTxt = ""У вас больше нет колотых дров."" || $ CurLocDesc = MainTxt || $ MainTxt = ""Вы складываете колотые дрова рядом с очагом. Теперь у очага лежит {b}%s{/b} шт."" % str(tavern_kitchen_hearth_wood_stock())"	""	""
"TavernMain"	"game\Inn\TavernMain.rpy"	"209"	"165"	""	"$ MainTxt = _tavern_main_base_desc || $ CurLocDesc = _tavern_main_base_desc || MainTxt = _tavern_main_base_desc"	""	"call checkTriggers(""TavernMain"", ""tavern_work"", 0)"
"TavernMainObjectMenu"	"game\Inn\TavernMain.rpy"	"374"	"52"	""	"$ MainTxt = tavern_main_fireplace_description() || $ MainTxt = str(_tavern_object.description or """") || $ CurLocDesc = MainTxt"	"current_action_items.append(MenuItem(_tavern_label, Call(""TavernMainObjectText"", object_id, _tavern_action.action_id))) || current_action_items.append(MenuItem(_tavern_label, Call(_tavern_action.target, *_tavern_args))) || current_action_items.append(MenuItem(_tavern_label, Jump(_tavern_action.target)))"	""
"TavernMainObjectText"	"game\Inn\TavernMain.rpy"	"426"	"20"	""	"MainTxt = _tavern_text || CurLocDesc = _tavern_text"	""	""
"TavernMainBarInviteMenu"	"game\Inn\TavernMainBar001.rpy"	"62"	"16"	""	"$ MainTxt = ""У стойки сейчас можно спокойно перекинуться парой слов и разделить по кружке эля."" || $ CurLocDesc = MainTxt || MainTxt = ""Сейчас рядом нет никого, кого стоило бы звать к стойке, или на сегодня вы уже угощали всех, кого могли."""	"current_action_items.append(MenuItem(""Позвать %s выпить"" % _caption, Call(""TavernMainBarInviteApply"", _npc_id))) || current_action_items.append(MenuItem(""Назад"", Call(""TavernMainObjectMenu"", ""bar_001"")))"	""
"TavernMainBarInviteApply"	"game\Inn\TavernMainBar001.rpy"	"78"	"32"	""	"$ MainTxt = ""На угощение сейчас не хватает денег."" || $ CurLocDesc = MainTxt || $ MainTxt = ""Вы зовете %s к стойке и ставите по кружке эля. Разговор быстро становится свободнее и теплее обычного."" % _action_display_name(_bar_target)"	""	""
"TavernMainBarListenEvent"	"game\Inn\TavernMainBar001.rpy"	"110"	"15"	""	"MainTxt = _bar_events[_bar_index] || CurLocDesc = MainTxt"	""	"call checkTriggers(""TavernMain"", ""clara_tavern_visit"", 0)"
"TavernMainFireplaceDepositWood"	"game\Inn\TavernMainFireplace001.rpy"	"69"	"12"	""	"$ MainTxt = ""У вас больше нет колотых дров."" || $ CurLocDesc = MainTxt || $ MainTxt = ""Вы складываете колотые дрова рядом с камином. Теперь у камина лежит {b}%s{/b} шт."" % str(tavern_main_fireplace_wood_stock())"	""	""
"TavernMelissaRoom"	"game\Inn\TavernMelissaRoom.rpy"	"82"	"26"	"vscene scene_image"	"$ MainTxt = TavernMelissaRoomRoom.descriptions[0].text || $ MainTxt = str(MainTxt or """") + ""\n\n"" + str(_melissa_room_notice or """") || $ MainTxt = str(MainTxt or """") + ""\n\n"" + str(_melissa_temp_room_notice or """")"	""	""
"TavernMelissaRoomObjectMenu"	"game\Inn\TavernMelissaRoom.rpy"	"108"	"37"	""	"$ MainTxt = bedroom_door_object_text(_room_object) || $ CurLocDesc = MainTxt"	"current_action_items.append(MenuItem(_room_action.label, Call(""TavernMelissaRoomObjectText"", object_id, _room_action.action_id))) || current_action_items.append(MenuItem(_room_action.label, Call(_room_action.target, *_room_args))) || current_action_items.append(MenuItem(_room_action.label, Jump(_room_action.target)))"	""
"TavernMelissaRoomObjectText"	"game\Inn\TavernMelissaRoom.rpy"	"145"	"19"	""	"MainTxt = _room_text || CurLocDesc = _room_text"	""	""
"TavernMyRoom"	"game\Inn\TavernMyRoom.rpy"	"160"	"25"	""	"$ MainTxt = _my_room_text || $ CurLocDesc = _my_room_text"	""	""
"TavernMyRoomObjectMenu"	"game\Inn\TavernMyRoom.rpy"	"185"	"54"	""	"$ MainTxt = str(display_text or """") || $ CurLocDesc = MainTxt || $ MainTxt = str(_room_object.description or """")"	"current_action_items.append(MenuItem(_room_action.label, Call(""TavernMyRoomObjectText"", object_id, _room_action.action_id))) || current_action_items.append(MenuItem(_room_action.label, Call(_room_action.target, *_room_args))) || current_action_items.append(MenuItem(_room_action.label, Jump(_room_action.target)))"	""
"TavernMyRoomObjectText"	"game\Inn\TavernMyRoom.rpy"	"239"	"19"	""	"MainTxt = _room_text || CurLocDesc = _room_text"	""	""
"TavernMyRoomTakeFloorItem"	"game\Inn\TavernMyRoom.rpy"	"258"	"10"	""	"$ MainTxt = str((_take_result or {}).get(""text"", """") or ""Вы забираете вещь."") || $ CurLocDesc = MainTxt"	""	""
"TavernMyRoomOpenChest"	"game\Inn\TavernMyRoom.rpy"	"268"	"40"	""	"$ MainTxt = ""Вы открываете ларь. Внутри хранится ваша одежда."" || $ CurLocDesc = MainTxt || MainTxt = ""В ларе пока пусто."""	"current_action_items.append(MenuItem(""Надеть "" + _short, Call(""TavernMyRoomWearDress"", _dress))) || current_action_items.append(MenuItem(""Порвать "" + _short + "" на лоскуты"", Call(""TavernMyRoomTearDressToCloth"", _dress))) || current_action_items.append(MenuItem(""Снять "" + _short, Call(""TavernMyRoomRemoveDress"", _dress)))"	""
"TavernMyRoomCloseChest"	"game\Inn\TavernMyRoom.rpy"	"308"	"17"	""	"$ MainTxt = _my_room_text || $ CurLocDesc = _my_room_text"	""	""
"TavernMyRoomSleepAction"	"game\Inn\TavernMyRoom.rpy"	"325"	"6"	""	""	""	""
"TavernMyRoomSetSleepLayer"	"game\Inn\TavernMyRoom.rpy"	"331"	"16"	""	"$ MainTxt = ""Вы надеваете ночную рубашку из ларя. Для сна этого достаточно."" || $ MainTxt = ""В ларе нет ночной рубашки. Придется спать без нее."" || $ MainTxt = ""Вы снимаете одежду и оставляете ее в ларе. Для сна так удобно, но дальше второго этажа в таком виде идти нельзя."""	""	""
"TavernMyRoomTableMenu"	"game\Inn\TavernMyRoom.rpy"	"347"	"40"	""	"$ MainTxt = ""Вам сейчас нечем здесь заняться."" || $ CurLocDesc = MainTxt || $ MainTxt = ""На столе уже лежит старая книга с рецептами. Здесь можно спокойно читать записи и сразу пробовать что-нибудь мастерить."""	"$ current_action_items = [MenuItem(""Назад"", [ || $ current_action_items.append(MenuItem(""Читать книгу рецептов"", Call(""TavernMyRoomTableRead""))) || $ current_action_items.append(MenuItem(""Создать предмет"", Call(""TavernMyRoomTableCraftMenu"")))"	""
"TavernMyRoomTableRead"	"game\Inn\TavernMyRoom.rpy"	"387"	"40"	""	"$ MainTxt = ""Вы раскрываете записи на столе, но пока не можете разобрать ни одного полезного рецепта."" || $ CurLocDesc = MainTxt || $ MainTxt = recipe_book_page_text(_table_recipe_id)"	"$ current_action_items = [MenuItem(""Назад к столу"", Call(""TavernMyRoomTableMenu""))] || current_action_items.append(MenuItem(_title, Call(""TavernMyRoomTableRead"", _recipe_id))) || current_action_items.append(MenuItem(""Достать тонкую вкладку между страницами"", Call(""RecipeBookFindTinyNote"", ""TavernMyRoom"", ""recipe_book_001"", ""table"")))"	""
"TavernMyRoomTableCraftMenu"	"game\Inn\TavernMyRoom.rpy"	"427"	"28"	""	"$ MainTxt = ""Вы раскладываете на столе все, что может пригодиться для работы, и прикидываете, что можно сделать прямо сейчас."" || $ CurLocDesc = MainTxt || $ MainTxt = MainTxt + ""\n\nСейчас ни один рецепт не готов полностью. Откройте нужную запись, чтобы проверить, чего не хватает."""	"current_action_items.append(MenuItem(""Сделать: "" + recipe_result_display_name(_recipe_id), Call(""TavernMyRoomTableCraftItem"", _recipe_id))) || $ current_action_items.append(MenuItem(""Назад к столу"", Call(""TavernMyRoomTableMenu"")))"	""
"TavernMyRoomTableCraftItem"	"game\Inn\TavernMyRoom.rpy"	"455"	"25"	""	"$ MainTxt = str(_craft_result.get(""text"", """") or ""Вы мастерите новую вещь по рецепту."") || $ MainTxt = str(_craft_result.get(""text"", """") or ""Сейчас для этого дела не хватает нужных вещей."") || $ CurLocDesc = MainTxt"	"MenuItem(""Продолжить работу"", Call(""TavernMyRoomTableCraftMenu"")), || MenuItem(""Читать записи"", Call(""TavernMyRoomTableRead"", _table_recipe_id)), || MenuItem(""Назад к столу"", Call(""TavernMyRoomTableMenu"")),"	""
"TavernMyRoomWearDress"	"game\Inn\TavernMyRoom.rpy"	"480"	"18"	""	"$ MainTxt = ""Вы надели [_short]. "" + _desc || $ MainTxt = ""Вы надели [_short]."" || $ MainTxt = ""Этой одежды уже нет в ларе."""	""	""
"TavernMyRoomRemoveDress"	"game\Inn\TavernMyRoom.rpy"	"498"	"15"	""	"$ MainTxt = ""Вы сняли [_short] и положили в ларь."" || $ CurLocDesc = MainTxt || $ MainTxt = ""Сейчас эта одежда на вас не надета."""	""	""
"TavernMyRoomTearDressToCloth"	"game\Inn\TavernMyRoom.rpy"	"513"	"6"	""	"$ MainTxt = str((_tear_result or {}).get(""text"", """") or ""Вы откладываете одежду в сторону."") || $ CurLocDesc = MainTxt"	""	""
"TavernMyRoomAtticHatchSearch"	"game\Inn\TavernMyRoomAtticHatch001.rpy"	"47"	"11"	""	"$ MainTxt = ""Пока вы слишком плохо ориентируетесь в хозяйстве трактира, чтобы заметить здесь что-то полезное."" || $ MainTxt = ""Вы подтаскиваете табурет, ощупываете потолочную балку и понимаете, что люк на чердак держится на простом крюке. Теперь вы знаете, как его открыть."" || $ MainTxt = ""Вы уже разобрались, как открыть этот люк на чердак."""	""	""
"TavernMyRoomWindowLookBackyard"	"game\Inn\TavernMyRoomWindow001.rpy"	"23"	"23"	""	""	""	""
"TavernProstClients"	"game\Inn\TavernProstClients.rpy"	"4"	"21"	""	"$ MainTxt = ""Вы зашли в соседнюю комнату, где у вас было оборудовано специальное потайное окошко. Через него вам открылся прекрасный вид."" || $ CurLocDesc = MainTxt"	"menu:"	""
"TavernProstClientsWatch"	"game\Inn\TavernProstClients.rpy"	"25"	"72"	""	"$ MainTxt = ""Вы видите юную мулатку отсасывающей у какого-то старика. Однако похотливый старикашка не удовлетворяется минетом и просит Лизетту лечь на кровать. Когда же девушка его послушалась, старый козел не колеблясь задрал ей платьице, стащил панталончики и загнал свой член в юную податливую плоть. Однако девчонке, судя по всему, такое пришлось по нраву - она начала с энтузиазмом подмахивать своему годящемуся ей в деды любовнику. Ее усилия не пропали даром - она вскоре кончила. А следом за ней кончил и старик. Мулаточка посмотрела на капающую из нее сперму и на ее мордашке отразилась озабоченность возможными последствиями."" || $ MainTxt = ""Вы видите как матрос-негр сел на край кровати и расстегнул штаны, высвобождая свой действительно огромный член. По лицу девочки пробежала тень сомнения, быстро сменившаяся решимостью. Лизетта скинула панталончики, задрала юбочку и села прямо на черный кол. Сначала в девочку вошла только головка, но постепенно в ней оказалась вся жердь. Затем она начинает сначала медленно, а затем все быстрее подниматься и опускаться. Негр не выдерживает ее скачки и начинает накачивать ее семенем. Вслед за ним кончает и Лизетта."" || $ MainTxt = ""Вы видите как юная Лизетта в очередной раз делает минет почтенному отцу семейства, мессиру Легаре. Виноторговец сначала спокойно сидит на краешке кровати, но вскоре входит в раж, хватает девочку за косички и начинает буквально трахать ее рот. Когда он кончает, мулатка чуть было не давится хлынувшей ей в горло спермой."""	"menu:"	""
"TavernWorkEventTrigger"	"game\Inn\TavernRandomEvents.rpy"	"293"	"9"	""	"$ MainTxt = _tavern_work_event_text || $ CurLocDesc = MainTxt"	""	""
"TavernSandraRoom"	"game\Inn\TavernSandraRoom.rpy"	"96"	"31"	"vscene scene_image"	"$ MainTxt = ""Дверь в комнату Сандры заперта. Пока она не начала вам по-настоящему доверять, лезть туда рано."" || $ CurLocDesc = MainTxt || $ MainTxt = TavernSandraRoomRoom.descriptions[0].text"	""	""
"TavernSandraRoomObjectMenu"	"game\Inn\TavernSandraRoom.rpy"	"127"	"31"	""	"$ MainTxt = bedroom_door_object_text(_room_object) || $ CurLocDesc = MainTxt"	"current_action_items.append(MenuItem(_room_action.label, Call(""TavernSandraRoomObjectText"", object_id, _room_action.action_id))) || current_action_items.append(MenuItem(_room_action.label, Call(_room_action.target, *_room_args))) || current_action_items.append(MenuItem(_room_action.label, Jump(_room_action.target)))"	""
"TavernSandraRoomObjectText"	"game\Inn\TavernSandraRoom.rpy"	"158"	"19"	""	"MainTxt = _room_text || CurLocDesc = _room_text"	""	""
"TavernSandraLedgerScene"	"game\Inn\TavernSandraRoom.rpy"	"177"	"24"	"vscene _sandra_ledger_picture"	"MainTxt = _ledger_stories[_ledger_idx] || CurLocDesc = MainTxt"	""	""
"TavernShowImage"	"game\Inn\TavernShowImage.rpy"	"6"	"32"	"call ShowImage("""", """", _melissa_kitchen_pics[rand_int(0, len(_melissa_kitchen_pics) - 1)]) || call ShowImage(""amanda"", ""tavern"", ""waitress"" + str(rand_int(1, 5))) || call ShowImage(""sandra"", ""tavern"", ""waitress"" + str(rand_int(1, 4)))"	""	""	""
"TavernStable"	"game\Inn\TavernStable.rpy"	"155"	"23"	""	"$ MainTxt = tavern_stable_scene_text() || $ CurLocDesc = MainTxt"	""	""
"tavern_stable_object_menu"	"game\Inn\TavernStable.rpy"	"178"	"29"	""	"$ MainTxt = tavern_stable_scene_text() || $ CurLocDesc = MainTxt || $ MainTxt = str(_room_object.description or """")"	"current_action_items.append(MenuItem(_room_action.label, Call(""tavern_stable_object_text"", object_id, _room_action.action_id))) || current_action_items.append(MenuItem(_room_action.label, Call(_room_action.target))) || current_action_items.append(MenuItem(_room_action.label, Jump(_room_action.target)))"	""
"tavern_stable_object_text"	"game\Inn\TavernStable.rpy"	"207"	"19"	""	"MainTxt = _room_text || CurLocDesc = _room_text"	""	""
"TavernStableHorseExamine"	"game\Inn\TavernStable.rpy"	"226"	"9"	""	"$ MainTxt = ""Вы подходите к %s и внимательно его осматриваете. Конь выглядит вполне бодрым и уже стоит под седлом."" % str(player.horse.name) || $ MainTxt = ""Вы подходите к %s и внимательно его осматриваете. Конь выглядит вполне бодрым."" % str(player.horse.name) || $ CurLocDesc = MainTxt"	""	""
"TavernStableSaddleHorse"	"game\Inn\TavernStable.rpy"	"235"	"13"	""	"$ MainTxt = tavern_stable_scene_text() || $ CurLocDesc = MainTxt || $ MainTxt = ""Вы подтягиваете подпругу, проверяете ремни и оседлываете %s."" % player.horse.name"	""	""
"TavernStableUnsaddleHorse"	"game\Inn\TavernStable.rpy"	"248"	"13"	""	"$ MainTxt = tavern_stable_scene_text() || $ CurLocDesc = MainTxt || $ MainTxt = ""Вы снимаете с %s седло и аккуратно развешиваете сбрую на стене."" % player.horse.name"	""	""
"TavernStableRideToKunidell"	"game\Inn\TavernStable.rpy"	"261"	"14"	"call ShowImageSeq(""general"", """", ""vorota"", 2)"	"$ MainTxt = tavern_stable_scene_text() || $ CurLocDesc = MainTxt || $ MainTxt = ""С утра пораньше вы, 200 мараведи и %s отправились к Бекки. Навьючив мешки с овощами на бедную лошадь, вы отправились в путь."" % player.horse.name"	""	""
"TavernStableWalkToKunidell"	"game\Inn\TavernStable.rpy"	"275"	"10"	"call ShowImageSeq(""general"", """", ""vorota"", 2)"	"$ MainTxt = tavern_stable_scene_text() || $ CurLocDesc = MainTxt"	""	""
"TavernStorage"	"game\Inn\TavernStorage.rpy"	"73"	"25"	""	"$ MainTxt = tavern_storage_text() || $ CurLocDesc = MainTxt"	"_storage_items.append(MenuItem(_storage_exit.label, movement_actions(_storage_exit.target)))"	""
"TavernUpstairs"	"game\Inn\TavernUpstairs.rpy"	"55"	"20"	""	"$ MainTxt = TavernUpstairsRoom.descriptions[0].text || $ CurLocDesc = MainTxt"	""	""
"InitDressDesc"	"game\Items\Clothes\InitDressDesc.rpy"	"177"	"2"	""	""	""	""
"ReadRecipeBook"	"game\Items\Core\CraftingRecipes.rpy"	"509"	"21"	""	"$ MainTxt = recipe_book_read_text() || $ CurLocDesc = MainTxt || $ MainTxt = recipe_book_page_text(recipe_book.selected_id)"	""	""
"RecipeBookFindTinyNote"	"game\Items\Core\CraftingRecipes.rpy"	"530"	"26"	""	"$ MainTxt = ""Вы еще раз просматриваете переплет и края страниц, но ничего нового не находите."" || $ MainTxt = ""Вы осторожно вытаскиваете из сгиба тонкую вкладку. Когда я согрета и пьяна, сможешь читать меня,как открытую книгу и видеть все мои тайные места"""	"$ current_action_items.append(MenuItem(""Достать тонкую вкладку между страницами"", Call(""RecipeBookFindTinyNote"", where_id, object_id or ""recipe_book_001"", ""table""))) || $ current_action_items.append(MenuItem(""Нагреть пергамент и смазать вином"", Call(""RecipeBookRevealHiddenRecipes"", where_id, object_id or ""recipe_book_001"", ""table""))) || $ current_action_items.append(MenuItem(""Вернуться к записям"", Call(""TavernMyRoomTableRead"", recipe_book.selected_id)))"	""
"RecipeBookRevealHiddenRecipes"	"game\Items\Core\CraftingRecipes.rpy"	"556"	"44"	""	"$ MainTxt = ""Пока вы не понимаете, что именно нужно искать на этих страницах."" || $ MainTxt = ""Скрытые строки уже проявлены. Теперь их можно читать как обычные рецепты."" || $ MainTxt = ""Для опыта нужен хотя бы глоток вина из запасов трактира. Без него старые поля остаются пустыми."""	"$ current_action_items.append(MenuItem(""Читать проявленный рецепт"", Call(""TavernMyRoomTableRead"", recipe_book.selected_id))) || $ current_action_items.append(MenuItem(""Продолжить работу"", Call(""TavernMyRoomTableCraftMenu""))) || $ current_action_items.append(MenuItem(""Достать тонкую вкладку между страницами"", Call(""RecipeBookFindTinyNote"", where_id, object_id or ""recipe_book_001"", ""table"")))"	""
"RecipeBookCraftMenu"	"game\Items\Core\CraftingRecipes.rpy"	"600"	"23"	""	"$ MainTxt = ""Вы проверяете записи и откладываете в сторону только те рецепты, для которых сейчас есть все нужное."" || $ CurLocDesc = MainTxt || $ MainTxt = ""Сейчас ни один рецепт не готов полностью. Прочитайте нужную страницу, чтобы увидеть, чего не хватает."""	"current_action_items.append(MenuItem(""Сделать: "" + recipe_result_display_name(_recipe_id), Call(""RecipeBookCraftItem"", _recipe_id, where_id, object_id or ""recipe_book_001""))) || $ current_action_items.append(MenuItem(""Читать книгу"", Call(""ReadRecipeBook"", ""recipe_book_001"", where_id, """", object_id or ""recipe_book_001"", recipe_book.selected_id))) || $ current_action_items.append(MenuItem(""Закрыть книгу"", Call(""RecipeBookClose"", where_id, object_id or ""recipe_book_001"")))"	""
"RecipeBookCraftItem"	"game\Items\Core\CraftingRecipes.rpy"	"623"	"25"	""	"$ MainTxt = ""Вы пока не выбрали рецепт."" || $ CurLocDesc = MainTxt || $ MainTxt = str(_craft_result.get(""text"", """") or ""Вы создаете новый предмет по рецепту."") + ""\n\n"" + str(recipe_book_page_text(_recipe_id) or """")"	""	""
"RecipeBookClose"	"game\Items\Core\CraftingRecipes.rpy"	"648"	"4"	""	""	""	""
"AtticInventoryMenu"	"game\Items\Crafting\SoapCraftAndAtticItems.rpy"	"1267"	"18"	""	"MainTxt = ""Сейчас у вас нет найденных на чердаке вещей при себе."" || CurLocDesc = MainTxt"	"current_action_items.append(MenuItem(attic_item_menu_caption(_item_id), Call(""AtticInventoryItemMenu"", _item_id, return_context, room_code))) || current_action_items.append(MenuItem(""Назад"", Call(""TavernMyRoomOpenChest""))) || current_action_items.append(MenuItem(""Назад"", [SetVariable(""current_action_title"", str(TavernAticRoom.display_name or ""Чердак"")), SetVariable(""current_action_content"", None), SetVariable(""current_action_items"", tavern_atic_action_items()), Function(main_ui_restart_interaction)]))"	""
"AtticInventoryItemMenu"	"game\Items\Crafting\SoapCraftAndAtticItems.rpy"	"1285"	"48"	""	"$ MainTxt = runtime_item_description_text(_item_id) + ""\n\n"" + str(_status_text or """") || $ MainTxt = runtime_item_description_text(_item_id) || $ MainTxt = str(MainTxt or """") + ""\n\n"" + ""\n"".join(rusty_hunter_rifle_status_lines())"	"$ current_action_items.append(MenuItem(""Прочитать"", Call(""AtticInventoryReadItem"", _item_id, return_context, room_code))) || $ current_action_items.append(MenuItem(""Использовать мыло"", Call(""AtticInventoryUseSoap"", _item_id, return_context, room_code))) || $ current_action_items.append(MenuItem(""Использовать пробку"", Call(""AtticInventoryUseCork"", _item_id, return_context, room_code)))"	""
"AtticInventoryReadItem"	"game\Items\Crafting\SoapCraftAndAtticItems.rpy"	"1333"	"9"	""	"$ MainTxt = recipe_book_read_text() || $ CurLocDesc = MainTxt"	""	""
"AtticInventoryEquipItem"	"game\Items\Crafting\SoapCraftAndAtticItems.rpy"	"1342"	"20"	""	"$ MainTxt = ""Вы берете при себе "" + runtime_item_display_name(_item_id) + ""."" || $ MainTxt = ""Вы надеваете "" + runtime_item_display_name(_item_id) + ""."" || $ MainTxt = ""Сейчас это нельзя надеть."""	""	""
"AtticInventoryUnequipItem"	"game\Items\Crafting\SoapCraftAndAtticItems.rpy"	"1362"	"20"	""	"$ MainTxt = ""Вы убираете "" + str(_item_obj.name or _item_id) + ""."" || $ MainTxt = ""Вы снимаете "" + str(_item_obj.name or _item_id) + ""."" || $ MainTxt = ""Сейчас это и так не надето."""	""	""
"AtticInventoryDropItem"	"game\Items\Crafting\SoapCraftAndAtticItems.rpy"	"1382"	"21"	""	"$ MainTxt = ""Вы оставляете здесь "" + str(_item_obj.name or _item_id) + ""."" || $ MainTxt = str(_drop_result.get(""text"", """") or ""Вы оставляете предмет здесь."") || $ MainTxt = str(_drop_result.get(""text"", """") or ""У вас этого нет."")"	""	""
"AtticInventoryUseSoap"	"game\Items\Crafting\SoapCraftAndAtticItems.rpy"	"1403"	"19"	""	"$ MainTxt = ""У вас больше не осталось мыла."" || $ CurLocDesc = MainTxt || $ MainTxt = ""Вы тщательно моетесь душистым домашним мылом. Кожа становится чище, запах приятнее, а выглядите вы заметно лучше. Чистота и свежесть еще какое-то время будут работать на ваш вид."""	""	""
"AtticInventoryUseCork"	"game\Items\Crafting\SoapCraftAndAtticItems.rpy"	"1422"	"18"	""	"$ MainTxt = ""У вас сейчас нет пробки."" || $ CurLocDesc = MainTxt || $ MainTxt = ""Пробку пока не к чему применить. У вас нет под рукой подходящей бутылки."""	""	""
"AtticInventoryRifleCleanRust"	"game\Items\Crafting\SoapCraftAndAtticItems.rpy"	"1440"	"15"	""	"$ MainTxt = ""Вы уже счистили основную ржавчину с механизма."" || $ MainTxt = ""Вы долго скоблите металл, снимаете рыжий налет и понемногу приводите механизм в порядок. Оружие уже не выглядит совсем уж мертвым."" || $ CurLocDesc = MainTxt"	""	""
"AtticInventoryRifleOil"	"game\Items\Crafting\SoapCraftAndAtticItems.rpy"	"1455"	"20"	""	"$ MainTxt = ""Сначала нужно счистить ржавчину, иначе толку от масла будет мало."" || $ MainTxt = ""Механизм уже смазан и ходит заметно мягче."" || $ MainTxt = ""У вас нет оружейного масла."""	""	""
"AtticInventoryRifleLoadAmmo"	"game\Items\Crafting\SoapCraftAndAtticItems.rpy"	"1475"	"19"	""	"$ MainTxt = ""Сейчас оружие нельзя так зарядить."" || $ CurLocDesc = MainTxt || $ MainTxt = ""Вы заряжаете оружие {} и осторожно ставите механизм наготове."".format(rusty_hunter_rifle_ammo_name(_ammo_code))"	""	""
"AtticInventoryRifleUnload"	"game\Items\Crafting\SoapCraftAndAtticItems.rpy"	"1494"	"19"	""	"$ MainTxt = ""Оружие и так уже разряжено."" || $ CurLocDesc = MainTxt || $ MainTxt = ""Вы осторожно разряжаете оружие и убираете заряд."""	""	""
"UpstairsRoomSearch"	"game\Items\Crafting\SoapCraftAndAtticItems.rpy"	"1513"	"14"	""	"$ MainTxt = upstairs_room_search_text(_up_room_code) || $ CurLocDesc = MainTxt"	""	"if story_event_available(_up_room_code, ""room_search""): || call checkTriggers(_up_room_code, ""room_search"", 0)"
"BackyardCookSoap"	"game\Items\Crafting\SoapCraftAndAtticItems.rpy"	"1527"	"15"	""	"$ MainTxt = ""У вас нет необходимых ингредиентов, чтобы сварить мыло."" || $ CurLocDesc = MainTxt || $ MainTxt = str(_soap_craft_result.get(""text"", """") or ""Вы варите мыло."")"	""	""
"ShootingPracticeMenu"	"game\Items\Crafting\SoapCraftAndAtticItems.rpy"	"1542"	"33"	""	"$ MainTxt = ""Сейчас вам нечем как следует потренироваться в стрельбе."" || $ CurLocDesc = MainTxt || $ MainTxt = shooting_practice_intro_text(_shoot_room_code)"	"$ current_action_items.append(MenuItem(""Сделать пробный выстрел ({})"".format(rusty_hunter_rifle_ammo_name(rusty_hunter_rifle_loaded_ammo())), Call(""ShootingPracticeFire"", _shoot_room_code))) || $ current_action_items.append(MenuItem(""Зарядить стрелой"", Call(""ShootingPracticeLoadAmmo"", ""arrows"", _shoot_room_code))) || $ current_action_items.append(MenuItem(""Зарядить дробью"", Call(""ShootingPracticeLoadAmmo"", ""droplets"", _shoot_room_code)))"	""
"ShootingPracticeLoadAmmo"	"game\Items\Crafting\SoapCraftAndAtticItems.rpy"	"1575"	"19"	""	"$ MainTxt = ""Сейчас оружие нельзя так зарядить."" || $ CurLocDesc = MainTxt || $ MainTxt = ""Вы спокойно заряжаете оружие {} для тренировки."".format(rusty_hunter_rifle_ammo_name(_ammo_code))"	""	""
"ShootingPracticeUnload"	"game\Items\Crafting\SoapCraftAndAtticItems.rpy"	"1594"	"19"	""	"$ MainTxt = ""Оружие и так уже разряжено."" || $ CurLocDesc = MainTxt || $ MainTxt = ""Вы снимаете заряд и снова оставляете оружие разряженным."""	""	""
"ShootingPracticeFire"	"game\Items\Crafting\SoapCraftAndAtticItems.rpy"	"1613"	"19"	""	"$ MainTxt = ""Сначала нужно зарядить оружие."" || $ CurLocDesc = MainTxt || $ MainTxt = shooting_practice_fire_text(_loaded_ammo, room_code)"	""	""
"UseHoneyCombItem"	"game\Items\Resources\HoneyCombItem.rpy"	"36"	"15"	""	"$ MainTxt = ""Медовых сот у вас при себе не осталось."" || $ CurLocDesc = MainTxt || $ MainTxt = ""Вы разламываете соты и с удовольствием жуете сладкий мед. Это быстро поднимает и силы, и настроение."""	""	""
"Chop"	"game\Items\Resources\LumberItem.rpy"	"40"	"60"	"call ShowImage("""", """", _chop_picture)"	"$ MainTxt = str(_chop_block.get(""text"", """") or fallback_text or ""Сейчас это не получится."") || $ CurLocDesc = MainTxt || $ MainTxt = ""Непонятно, что именно вы собираетесь рубить."""	""	""
"OldAxeTake"	"game\Items\Resources\OldAxeItem.rpy"	"53"	"18"	""	"$ MainTxt = ""Здесь уже нет старого топора."" || $ CurLocDesc = MainTxt || $ MainTxt = build_shed_description(True, """")"	""	""
"OldAxeEquip"	"game\Items\Resources\OldAxeItem.rpy"	"71"	"18"	""	"$ MainTxt = ""Старого топора у вас нет."" || $ CurLocDesc = MainTxt || $ MainTxt = ""Вы заткнули старый топор за пояс."""	""	""
"OldAxeUnequip"	"game\Items\Resources\OldAxeItem.rpy"	"89"	"21"	""	"$ MainTxt = ""Старого топора у вас нет."" || $ CurLocDesc = MainTxt || $ MainTxt = ""Вы убрали старый топор в сумку."""	""	""
"OldAxeDropToShed"	"game\Items\Resources\OldAxeItem.rpy"	"110"	"30"	""	"$ MainTxt = ""Повесить топор на место можно только в сарае."" || $ CurLocDesc = MainTxt || $ MainTxt = ""Старого топора у вас нет."""	""	""
"UseBandageItem"	"game\Items\Shops\HunterClubItems.rpy"	"419"	"21"	""	"$ MainTxt = ""При себе у вас больше нет бинтов."" || $ CurLocDesc = MainTxt || $ MainTxt = ""Сейчас ваши раны уже перевязаны настолько хорошо, насколько это возможно."""	""	""
"UseHealingPotionItem"	"game\Items\Shops\HunterClubItems.rpy"	"440"	"14"	""	"$ MainTxt = ""При себе у вас больше нет лечебного зелья."" || $ CurLocDesc = MainTxt || $ MainTxt = ""Вы выпиваете лечебное зелье. Горечь быстро сменяется ощущением, что силы возвращаются."""	""	""
"AfterDanceLegare"	"game\NPC\Girls\Amanda\AfterDanceLegare.rpy"	"4"	"70"	""	""	"menu: || menu: || menu:"	""
"AfterDanceLegare_Fight"	"game\NPC\Girls\Amanda\AfterDanceLegare.rpy"	"74"	"57"	"call ShowImageSeq(""alber"", ""fight"", ""streetwon"", 3) || call ShowImageSeq(""alber"", ""fight"", ""streetlost"", 2) || call ShowImage(""alber"", ""fight"", ""streetdraw"")"	""	"menu: || menu: || menu:"	""
"AfterDanceLegare_Police"	"game\NPC\Girls\Amanda\AfterDanceLegare.rpy"	"131"	"59"	""	""	"menu: || menu: || menu:"	""
"AfterDanceSexLegare"	"game\NPC\Girls\Amanda\AfterDanceSexLegare.rpy"	"92"	"260"	"call ShowImage(""amanda"", ""albersex"", ""kiss"") || call ShowImage(""amanda"", ""alberseduce"", ""showcock"") || call ShowImage(""amanda"", ""alberseduce"", ""suck"")"	""	"menu: || menu: || menu:"	""
"AmandaAtGloryHoleEventEntry"	"game\NPC\Girls\Amanda\AmandaAtGloryHole.rpy"	"10"	"8"	""	""	""	"call checkTriggers(""TavernGloryHole"", ""amanda_gloryhole_try"", 0)"
"story_amanda_gloryhole_try_0"	"game\NPC\Girls\Amanda\AmandaAtGloryHole.rpy"	"18"	"5"	""	""	""	""
"AmandaAtGloryHole"	"game\NPC\Girls\Amanda\AmandaAtGloryHole.rpy"	"23"	"6"	""	""	""	""
"AmandaAtGloryHole_menu"	"game\NPC\Girls\Amanda\AmandaAtGloryHole.rpy"	"29"	"278"	"call ShowImageSeq(""amanda"", ""gloryfirst"", ""minet"", 3) || call ShowImageSeq(""amanda"", ""gloryfirst"", ""minet"", 3) || call ShowImage(""amanda"", ""gloryfirst"", ""cummouth"")"	""	"menu: || menu:"	""
"AmandaAtHomeCode"	"game\NPC\Girls\Amanda\AmandaAtHomeCode.rpy"	"4"	"4"	""	""	""	""
"CodeAmandaKickFromRoom"	"game\NPC\Girls\Amanda\AmandaAtHomeCode.rpy"	"8"	"28"	""	""	""	""
"CodeAmandaListScold"	"game\NPC\Girls\Amanda\AmandaAtHomeCode.rpy"	"36"	"13"	""	""	""	""
"CodeAmandaSorryChoices"	"game\NPC\Girls\Amanda\AmandaAtHomeCode.rpy"	"49"	"57"	""	""	"menu:"	""
"CodeAmandaSexStart"	"game\NPC\Girls\Amanda\AmandaAtHomeCode.rpy"	"106"	"58"	""	""	"menu:"	""
"CodeAmandaSexBedUndress"	"game\NPC\Girls\Amanda\AmandaAtHomeCode.rpy"	"164"	"26"	""	""	"menu: || menu: || menu:"	""
"CodeAmandaSexBedDeflower"	"game\NPC\Girls\Amanda\AmandaAtHomeCode.rpy"	"190"	"88"	""	""	"menu: || menu: || menu:"	""
"CodeAmandaSexScene"	"game\NPC\Girls\Amanda\AmandaAtHomeCode.rpy"	"278"	"18"	""	""	"menu:"	""
"CodeAmandaSexPush"	"game\NPC\Girls\Amanda\AmandaAtHomeCode.rpy"	"296"	"49"	""	""	""	""
"CodeAmandaSexAgreeLeave"	"game\NPC\Girls\Amanda\AmandaAtHomeCode.rpy"	"345"	"21"	"call ShowImageSeq(""amanda"", ""sexroom"", ""minet"", 12)"	""	"menu:"	""
"story_amanda_legare_dance_0"	"game\NPC\Girls\Amanda\AmandaLegareDanceSequence.rpy"	"86"	"8"	"vscene ""images/market/LocFridayDance.jpg"""	""	""	""
"story_amanda_legare_dance_1"	"game\NPC\Girls\Amanda\AmandaLegareDanceSequence.rpy"	"94"	"15"	"vscene ""images/market/LocFridayDance.jpg"" || call ShowImage(""amanda"", ""dance"", ""legare_step_0"")"	""	""	""
"story_amanda_legare_dance_2"	"game\NPC\Girls\Amanda\AmandaLegareDanceSequence.rpy"	"109"	"16"	"vscene ""images/market/LocFridayDance.jpg"" || call ShowImage(""amanda"", ""dance"", ""legare_step_0"")"	""	""	""
"story_amanda_legare_dance_3"	"game\NPC\Girls\Amanda\AmandaLegareDanceSequence.rpy"	"125"	"17"	"vscene ""images/market/LocFridayDance.jpg"" || call ShowImage(""amanda"", ""dance"", ""legare_step_0"")"	""	""	""
"story_amanda_legare_dance_4"	"game\NPC\Girls\Amanda\AmandaLegareDanceSequence.rpy"	"142"	"12"	"vscene ""images/market/LocFridayDance.jpg"""	""	""	""
"AmandaLegareDanceSequence"	"game\NPC\Girls\Amanda\AmandaLegareDanceSequence.rpy"	"154"	"65"	""	""	""	""
"LegareAmandaGoMenu"	"game\NPC\Girls\Amanda\AmandaLegareDanceSequence.rpy"	"219"	"19"	""	""	"menu:"	""
"LegareAmandaLetGoCode"	"game\NPC\Girls\Amanda\AmandaLegareDanceSequence.rpy"	"238"	"4"	""	""	""	""
"story_amanda_tavern_seduction_0"	"game\NPC\Girls\Amanda\AmandaLegareStreetEvents.rpy"	"42"	"20"	"call ShowImage(""amanda"", """", ""portrait"")"	""	"menu:"	""
"story_amanda_legare_tavern_visit_0"	"game\NPC\Girls\Amanda\AmandaLegareStreetEvents.rpy"	"62"	"24"	"call ShowImage(""alber"", """", ""portrait"")"	""	"menu:"	""
"story_amanda_street_legare_sighting_0"	"game\NPC\Girls\Amanda\AmandaLegareStreetEvents.rpy"	"86"	"25"	"call ShowImage(""amanda"", """", ""portrait"")"	""	"menu:"	""
"story_amanda_street_lover_encounter_0"	"game\NPC\Girls\Amanda\AmandaLegareStreetEvents.rpy"	"111"	"16"	"call ShowImage(""amanda"", """", ""portrait"")"	""	"menu:"	""
"story_amanda_liza_talk_work_0"	"game\NPC\Girls\Amanda\AmandaLizaGloryEvents.rpy"	"49"	"14"	""	"$ MainTxt = _amanda_liza_work_text || $ CurLocDesc = MainTxt"	""	""
"AmandaLoverSex"	"game\NPC\Girls\Amanda\AmandaLoverSex.rpy"	"6"	"123"	""	""	"menu: || menu: || menu:"	""
"amanda_lover_show_sex_scene"	"game\NPC\Girls\Amanda\AmandaLoverSex.rpy"	"129"	"97"	""	""	"menu: || menu:"	""
"amanda_lover_ask_shy_code"	"game\NPC\Girls\Amanda\AmandaLoverSex.rpy"	"226"	"14"	""	""	""	""
"amanda_lover_ask_cum_code"	"game\NPC\Girls\Amanda\AmandaLoverSex.rpy"	"240"	"16"	""	""	""	""
"amanda_lover_ask_minet_agree"	"game\NPC\Girls\Amanda\AmandaLoverSex.rpy"	"256"	"24"	""	""	"menu:"	""
"amanda_lover_ask_sex_agree"	"game\NPC\Girls\Amanda\AmandaLoverSex.rpy"	"280"	"20"	""	""	"menu:"	""
"story_amanda_give_birth_0"	"game\NPC\Girls\Amanda\AmandaPregnancyEvents.rpy"	"6"	"3"	""	""	""	""
"AmandaAfterDanceMC"	"game\NPC\Girls\Amanda\AmandaSexDanceStreet.rpy"	"6"	"17"	"vscene ""images/market/LocFridayDance.jpg"""	""	"menu:"	""
"AmandaAfterDanceMCMakeOut"	"game\NPC\Girls\Amanda\AmandaSexDanceStreet.rpy"	"23"	"18"	"call ShowImage(""amanda"", ""dance"", ""YouKiss"")"	""	"menu:"	""
"AmandaAfterDanceMCWalkHome"	"game\NPC\Girls\Amanda\AmandaSexDanceStreet.rpy"	"41"	"11"	"call ShowImage(""amanda"", ""dance"", ""YouInvite1"")"	""	""	""
"AmandaAfterDanceMCReturn"	"game\NPC\Girls\Amanda\AmandaSexDanceStreet.rpy"	"52"	"7"	"call ShowImage(""amanda"", ""dance"", ""wait1"")"	""	""	""
"AmandaAfterDanceMCFinish"	"game\NPC\Girls\Amanda\AmandaSexDanceStreet.rpy"	"59"	"6"	""	""	""	""
"AmandaSexDanceStreet"	"game\NPC\Girls\Amanda\AmandaSexDanceStreet.rpy"	"65"	"31"	""	""	"menu:"	""
"AmandaTalkWorkTipEvent"	"game\NPC\Girls\Amanda\AmandaTalkEvents.rpy"	"21"	"12"	"vscene ""images/amanda/tavern/waitress1.jpeg"""	"$ MainTxt = ""Вы спрашиваете Аманду, что сейчас сильнее всего влияет на настроение девочек в трактире.\n\nАманда сперва фыркает, будто ответ очевиден, потом все же говорит тише: \""Когда в доме есть нормальная еда, мед к чаю и мясо после охоты, все становятся мягче. Даже Сандра меньше пилит. А если еще дать девочке почувствовать, что она не просто служанка с подносом, а красивая часть дома, тогда она сама начинает стараться.\"""" || $ CurLocDesc = MainTxt"	""	""
"AmandaTalkLookOpinionEvent"	"game\NPC\Girls\Amanda\AmandaTalkEvents.rpy"	"33"	"22"	"vscene ""images/amanda/tavern/waitress3.jpeg"""	"$ MainTxt = ""Аманда задерживается рядом после обычных слов и неожиданно расправляет платье на бедрах.\n\n\""Скажи честно, Стефан. Я сегодня выгляжу как уставшая трактирная девка или как девушка, на которую стоит смотреть дольше?\"""" || $ CurLocDesc = MainTxt || $ MainTxt = ""Аманда улыбается слишком быстро, чтобы скрыть, как ей понравился ответ.\n\n\""Вот так и говори иногда. А то от одной работы можно забыть, что на тебя вообще смотрят как на девушку.\"""""	"menu:"	""
"EventAmandaLegareCreateDance"	"game\NPC\Girls\Amanda\EventAmandaLegareCreateDance.rpy"	"40"	"3"	""	""	""	""
"EventAmandaLizettTalk"	"game\NPC\Girls\Amanda\EventAmandaLizettTalk.rpy"	"4"	"74"	"call ShowImage(""amanda"", ""tavern"", ""lizatalk{}"".format(procedural_randint(1, 2, key=""procedural:NPC/Girls/Amanda/EventAmandaLizettTalk.rpy:procedural_randint:41:5"")))"	""	"menu:"	""
"EventAmandaLizettTalk2"	"game\NPC\Girls\Amanda\EventAmandaLizettTalk2.rpy"	"4"	"59"	""	""	"menu:"	""
"InitAmanda"	"game\NPC\Girls\Amanda\InitAmanda.rpy"	"943"	"10"	""	""	""	""
"InitAmandaLizaTalkItems"	"game\NPC\Girls\Amanda\InitAmandaLizaTalkItems.rpy"	"313"	"2"	""	""	""	""
"story_amanda_friday_dance_mc_0"	"game\NPC\Girls\Amanda\IntAmandaDance.rpy"	"8"	"11"	"vscene ""images/market/LocFridayDance.jpg"" || call ShowImage(""amanda"", ""dance"", ""wait"" + str(procedural_randint(1, 2, key=""procedural:NPC/Girls/Amanda/IntAmandaDance.rpy:procedural_randint:14:1"")))"	""	""	""
"story_amanda_friday_dance_legare_0"	"game\NPC\Girls\Amanda\IntAmandaDance.rpy"	"19"	"17"	"vscene ""images/market/LocFridayDance.jpg"" || call ShowImage(""amanda"", ""dance"", ""legare_step_0"")"	""	""	""
"IntAmandaDance"	"game\NPC\Girls\Amanda\IntAmandaDance.rpy"	"36"	"256"	"call ShowImage(GirlNameIAD, ""dance"", ""YouInvite1"") || call ShowImage(GirlNameIAD, ""dance"", ""YouInvite2"") || call ShowImage(GirlNameIAD, ""dance"", ""YouInvite1"")"	""	""	""
"IntAmandaDressChange"	"game\NPC\Girls\Amanda\IntAmandaDressChange.rpy"	"53"	"21"	""	""	"menu:"	""
"IntAmandaOfferNoBra"	"game\NPC\Girls\Amanda\IntAmandaDressChange.rpy"	"74"	"38"	""	"$ MainTxt = '""Амандочка, милашка, а зачем же ты ходишь в лифчике?"" - неожиданно спросили вы Аманду. ""Ведь если начистоту, то он тебе пока не нужен, более того, он скрывает твою хоть и небольшую, но красивую и упругую грудь. Если ты будешь ходить без него, то платье лучше подчеркнет все ее изумительные изгибы если оно будет надето на голое тело,"" начали вы вешать ей лапшу на уши.' || $ CurLocDesc = MainTxt"	""	""
"IntAmandaOfferNoPanties"	"game\NPC\Girls\Amanda\IntAmandaDressChange.rpy"	"112"	"44"	""	"$ MainTxt = '""Аманда, а чего ты в панталонах-то ходишь?"" - поинтересовались вы как бы между делом у Аманды. ""Они только тебя стесняют, без них ты и работу будешь сноровистей выполнять, да и сама себя будешь ощущать сексуальнее.' || $ CurLocDesc = MainTxt"	""	""
"IntAmandaShameNoBra"	"game\NPC\Girls\Amanda\IntAmandaDressChange.rpy"	"156"	"26"	""	"$ MainTxt = '""Аманда, а не стыдно тебе без лифа ходить?"" - пристыдили вы Аманду. ""Половина посетителей на тебя пялится!""' || $ CurLocDesc = MainTxt"	""	""
"IntAmandaShameNoPanties"	"game\NPC\Girls\Amanda\IntAmandaDressChange.rpy"	"182"	"26"	""	"$ MainTxt = '""Аманда, мне показалось что у тебя под юбкой ничего нет?"" - пожурили вы Аманду. ""И не стыдно?""' || $ CurLocDesc = MainTxt"	""	""
"IntAmandaOfferBuyDress"	"game\NPC\Girls\Amanda\IntAmandaDressChange.rpy"	"208"	"11"	""	"$ MainTxt = '""Амандочка, а хочешь я тебе обновку куплю?"" - задали вы Аманде вопрос, хотя уже заранее знали на него ответ.\n""Конечно хочу!"" Аманда даже подпрыгнула от радости и еле удержалась, чтобы не захлопать в ладоши.\n""Ну тогда завтра, с утра пораньше, дуй к Ирме Фараго, я буду тебя там ждать, вместе и выберем!"" заверили вы Аманду.' || $ CurLocDesc = MainTxt"	""	""
"IntAmandaSex"	"game\NPC\Girls\Amanda\IntAmandaSex.rpy"	"28"	"456"	"call ShowImage(GirlNameASDS, ""sexroom"", ""kissnaked"") || call ShowImage(GirlNameASDS, ""sexroom"", ""kiss"") || call ShowImage(GirlNameASDS, ""sexroom"", ""grope2"")"	""	"menu: || menu:"	""
"AmandaTalkHubEventEntry"	"game\NPC\Girls\Amanda\IntAmandaTalk.rpy"	"12"	"8"	""	""	""	"call checkTriggers(""talk"", ""amanda"", 0)"
"story_amanda_talk_hub_0"	"game\NPC\Girls\Amanda\IntAmandaTalk.rpy"	"20"	"5"	""	""	""	""
"story_amanda_dress_change_0"	"game\NPC\Girls\Amanda\IntAmandaTalk.rpy"	"25"	"5"	""	""	""	""
"IntAmandaTalk"	"game\NPC\Girls\Amanda\IntAmandaTalk.rpy"	"30"	"200"	""	"$ MainTxt = ""Аманда смотрит на вас с привычным любопытством, ожидая продолжения разговора."" || $ CurLocDesc = MainTxt || $ MainTxt = ""Вы подошли к Аманде и извинились за то, что были к ней несколько невнимательны и грубы последнее время. В свое оправдание вы заметили, что уберечь трактир от разорения очень сложно и всем вам нужно дружно работать вместе, чтобы преуспеть."""	"menu:"	"call checkTriggers(""talk_amanda"", ""dress_change"", 0)"
"ShowAmandaPortrait"	"game\NPC\Girls\Amanda\ShowAmandaPortrait.rpy"	"4"	"7"	"vscene _amanda_portrait_picture"	""	""	""
"BeckyEddieJoinFirst"	"game\NPC\Girls\Becky\BeckyEddieJoinFirst.rpy"	"6"	"72"	"vscene scene_image || vscene scene_image || vscene scene_image"	""	"menu: || menu:"	""
"BeckyEddieJoinFirst_EddieFailureCode"	"game\NPC\Girls\Becky\BeckyEddieJoinFirst.rpy"	"78"	"17"	"vscene scene_image"	""	""	""
"BeckyEddieJoinFirst_EddieFirstCumCode"	"game\NPC\Girls\Becky\BeckyEddieJoinFirst.rpy"	"95"	"17"	""	""	""	""
"becky_eddie_black_eye"	"game\NPC\Girls\Becky\BeckyEvents.rpy"	"48"	"50"	""	"$ MainTxt = ""Эдди вернулся с синяком под глазом и распухшим ухом. Он явно получил хорошую взбучку где-то за городом.\n\n"" || $ CurLocDesc = MainTxt"	""	"# Wire the daily quest offer (in real engine this goes through daily_events.rows / CheckDailyEvent)"
"becky_blackwood_quest_start"	"game\NPC\Girls\Becky\BeckyEvents.rpy"	"98"	"70"	""	"$ MainTxt = ""«Стефан, я вижу ты человек надежный, тебе можно доверять,» неожиданно обратилась к вам Бекки, прервав ваше глубокомысленное разглядывание выложенных на продажу огурцов и прочей репы.\n\n"" || $ CurLocDesc = MainTxt || $ CurLocDesc = MainTxt"	"menu:"	""
"becky_blackwood_talk_reveal"	"game\NPC\Girls\Becky\BeckyEvents.rpy"	"168"	"47"	""	"$ MainTxt = ""«Дорожка в Куниделл, случаем не через Шервудский лес проходит?» невинно осведомились вы.\n\n"" || $ CurLocDesc = MainTxt"	""	""
"robin_mongol_vouch_safe_passage"	"game\NPC\Girls\Becky\BeckyEvents.rpy"	"215"	"37"	""	"$ MainTxt = ""Когда вы подходите к группе в зелёных трико, один из бандитов узнаёт вас и дёргает Робина за рукав.\n\n"" || $ CurLocDesc = MainTxt"	""	""
"zimmer_bandit_camp_choice"	"game\NPC\Girls\Becky\BeckyEvents.rpy"	"252"	"59"	""	"$ MainTxt = ""Вы добрались до лагеря обездоленных на вырубке. Несколько десятков человек в зелёных трико. Робин в центре.\n\n"" || $ CurLocDesc = MainTxt"	"menu:"	""
"zimmer_guard_mission_update"	"game\NPC\Girls\Becky\BeckyEvents.rpy"	"311"	"46"	""	"$ MainTxt = ""Вы возвращаетесь к десятнику Циммерману в городскую стражу.\n\n"" || $ CurLocDesc = MainTxt"	""	""
"story_becky_home_front_inga_0"	"game\NPC\Girls\Becky\BeckyHomeEvents.rpy"	"7"	"48"	"vscene scene_image || vscene scene_image"	""	"menu:"	""
"story_becky_home_front_peek_0"	"game\NPC\Girls\Becky\BeckyHomeEvents.rpy"	"55"	"67"	"vscene scene_image || vscene scene_image || vscene scene_image"	""	"menu:"	""
"story_becky_home_front_share_0"	"game\NPC\Girls\Becky\BeckyHomeEvents.rpy"	"122"	"31"	"vscene scene_image"	""	"menu:"	""
"story_becky_home_front_ignore_0"	"game\NPC\Girls\Becky\BeckyHomeEvents.rpy"	"153"	"16"	""	""	"menu:"	""
"story_becky_home_front_suggest_approach_0"	"game\NPC\Girls\Becky\BeckyHomeEvents.rpy"	"169"	"37"	""	""	"menu: || menu:"	""
"story_becky_home_front_watch_0"	"game\NPC\Girls\Becky\BeckyHomeEvents.rpy"	"206"	"48"	"vscene scene_image"	""	"menu:"	""
"story_becky_home_front_approach_0"	"game\NPC\Girls\Becky\BeckyHomeEvents.rpy"	"254"	"39"	""	""	"menu:"	""
"story_becky_home_visit_0"	"game\NPC\Girls\Becky\BeckyHomeEvents.rpy"	"293"	"69"	"vscene scene_image || vscene scene_image"	""	"menu: || menu:"	""
"story_becky_home_from_dances_0"	"game\NPC\Girls\Becky\BeckyHomeEvents.rpy"	"362"	"18"	"vscene scene_image"	""	""	""
"story_becky_home_from_dinner_0"	"game\NPC\Girls\Becky\BeckyHomeEvents.rpy"	"380"	"24"	"vscene scene_image"	""	""	""
"story_becky_home_svalnyi_greh_0"	"game\NPC\Girls\Becky\BeckyHomeEvents.rpy"	"404"	"17"	"vscene scene_image"	""	""	""
"BeckyInviteHome"	"game\NPC\Girls\Becky\BeckyInviteHome.rpy"	"8"	"10"	""	""	""	""
"BeckyLoversInStore"	"game\NPC\Girls\Becky\BeckyLoversInStore.rpy"	"6"	"41"	""	"$ CurLocDesc = MainTxt"	""	""
"BeckyQuestInit"	"game\NPC\Girls\Becky\BeckyQuestInit.rpy"	"8"	"26"	""	""	"menu: || menu: || menu:"	""
"GeorgettBeckyVisit"	"game\NPC\Girls\Becky\GeorgettBeckyVisit.rpy"	"6"	"146"	"vscene scene_image || vscene scene_image || vscene scene_image"	""	"menu:"	""
"InitBecky"	"game\NPC\Girls\Becky\InitBecky.rpy"	"339"	"10"	""	""	""	""
"story_becky_church_after_sermon"	"game\NPC\Girls\Becky\IntBeckyAfterCermon.rpy"	"6"	"15"	"vscene ""images/church/confessionEntry.png"""	"$ MainTxt = MainTxt + ""\n\nВы заметили, как миссис Блэнкеншип направилась было к кабинке для исповеди, но отец Герхард взял ее за руку и повел к неприметной двери, которую он отпер висящим у него на поясе ключом. Как только вдова проследовала за ним, дверь захлопнулась и послышался стук задвигаемого засова. Хотя вы можете попробовать посмотреть, что там происходит через замочную скважину."" || $ CurLocDesc = MainTxt"	"menu:"	""
"story_becky_church_after_sermon_look"	"game\NPC\Girls\Becky\IntBeckyAfterCermon.rpy"	"21"	"135"	"vscene scene_image || vscene scene_image || vscene scene_image"	"$ MainTxt = ""Посмотрев в замочную скважину вы, как и ожидали, увидели Ребекку Блэнкеншип и отца Герхарда."" || $ MainTxt = MainTxt + ""\n\n\""Приветствую тебя, дочь моя,\"" смиренно сказал жрец. \""Что-то ты давно на исповедь не захаживала, а ведь грех это, исповедь пропускать.\""\n\""Знаю, падре, знаю.\"""" || $ MainTxt = MainTxt + ""\n\n\""Уверен, за все то время, что прошло с нашей прошлой встречи, ты не смогла удержаться от греха,\"" напористо заявил святой отец, \""не правда ли? И помни, что самый большой грех - это лгать на исповеди.\"""""	"menu: || menu: || menu:"	""
"story_becky_friday_dance_mc_0"	"game\NPC\Girls\Becky\IntBeckyDance.rpy"	"6"	"10"	"vscene ""images/market/LocFridayDance.jpg"" || call ShowImage(""becky"", ""dance"", ""wait"")"	""	""	""
"int_becky_dance"	"game\NPC\Girls\Becky\IntBeckyDance.rpy"	"16"	"235"	"vscene scene_image || vscene scene_image || vscene scene_image"	""	"menu:"	""
"becky_accept_home_invitation"	"game\NPC\Girls\Becky\IntBeckyDance.rpy"	"251"	"5"	""	""	""	""
"IntBeckyDressChange"	"game\NPC\Girls\Becky\IntBeckyDressChange.rpy"	"60"	"138"	""	""	"menu:"	""
"IntBeckyGuest"	"game\NPC\Girls\Becky\IntBeckyGuest.rpy"	"6"	"248"	"vscene scene_image || vscene scene_image || vscene scene_image"	""	"menu:"	"if dinnertime == 5 and story_event_available(""BeckyHome"", ""georgett_home_visit""): || call checkTriggers(""BeckyHome"", ""georgett_home_visit"", 0) || if dinnertime == 5 and story_event_available(""BeckyHome"", ""georgett_home_visit""):"
"BeckyGuestKidsWatchStepsCode"	"game\NPC\Girls\Becky\IntBeckyGuest.rpy"	"254"	"10"	""	""	""	""
"IntBeckySex"	"game\NPC\Girls\Becky\IntBeckySex.rpy"	"48"	"443"	"call ShowImage(GirlNameIBS, ""sex"", ""kiss"") || call ShowImage(GirlNameIBS, ""sex"", _becky_grope_pic) || call ShowImage(GirlNameIBS, ""sex"", ""gropetits"")"	""	"menu: || menu: || menu:"	""
"IntBeckyTalk"	"game\NPC\Girls\Becky\IntBeckyTalk.rpy"	"4"	"91"	"vscene grocery_store_grocer_picture(""becky"") || vscene _becky_picture"	"$ MainTxt = ""За прилавком стоит сама Бекки Блэнкеншип. Это высокая рыжая женщина с полной грудью, ей на вид немного меньше сорока. Ее муж умер от болезни примерно за год до того, как ваш отец купил \""Дикого Жеребца\""."" || $ CurLocDesc = MainTxt || $ MainTxt = ""Бекки внимательно смотрит на вас, ожидая, что вы захотите обсудить."""	"menu:"	"""Спросить Бекки про дочку с женихом"" if story_event_available(""talk_becky"", ""becky_talk_inga1""): || call checkTriggers(""talk_becky"", ""becky_talk_inga1"", 0) || ""Распросить еще про дочку"" if story_event_available(""talk_becky"", ""becky_talk_inga2""):"
"story_becky_sherwood_offer_0"	"game\NPC\Girls\Becky\IntBeckyTalkSherwood.rpy"	"6"	"12"	""	"$ MainTxt = ""\""Ага передумал,\"" радостно воскликнула вдова. \""Так я и знала, что жадность твою лень пересилит! Рада, что в тебе не ошиблась.\"""" || $ CurLocDesc = MainTxt"	""	""
"story_becky_sherwood_elves_0"	"game\NPC\Girls\Becky\IntBeckyTalkSherwood.rpy"	"18"	"12"	""	"$ MainTxt = ""\""Так я торговала,\"" отозвалась вдовушка. \""Но вот лошадь наша недавно издохла, а на новую у меня сейчас денег нет. Вот и решила, чтоб не дать подработать хорошему человеку.\"""" || $ CurLocDesc = MainTxt"	""	""
"story_becky_sherwood_fingal_0"	"game\NPC\Girls\Becky\IntBeckyTalkSherwood.rpy"	"30"	"10"	""	"$ MainTxt = ""\""Ээ, ну нет, в общем-то нет,\"" быстро отозвалась Ребекка, слегка покраснев."" || $ CurLocDesc = MainTxt"	""	""
"story_becky_sherwood_warn_0"	"game\NPC\Girls\Becky\IntBeckyTalkSherwood.rpy"	"40"	"10"	""	"$ MainTxt = ""\""Да, ничего особенного, все нормально будет,\"" с наигранной беспечностью отозвалась Ребекка."" || $ CurLocDesc = MainTxt"	""	""
"story_becky_sherwood_road_0"	"game\NPC\Girls\Becky\IntBeckyTalkSherwood.rpy"	"50"	"16"	""	"$ MainTxt = ""\""Дорожка в Куниделл, случаем не через Шервудский лес проходит?\"" невинно осведомились вы."" || $ CurLocDesc = MainTxt"	""	""
"story_becky_sherwood_lied_0"	"game\NPC\Girls\Becky\IntBeckyTalkSherwood.rpy"	"66"	"9"	""	"$ MainTxt = ""\""Так я ж не нарочно. Ну, вернее, думала что ты и так справишься, ты ж смышленный, что тебя раньше времени пугать?\"""" || $ CurLocDesc = MainTxt"	""	""
"story_becky_sherwood_robbed_0"	"game\NPC\Girls\Becky\IntBeckyTalkSherwood.rpy"	"75"	"11"	""	"$ MainTxt = ""\""Ой беда-то какая!\"" заохала вдова. \""Это тебя Робин ограбил? Я уж думала он не шалит больше, а оно вот как обернулось. Он, Сирик этакий, Эдди моего ведь тоже ограбил. Даже избил. А тебе вишь, повезло, он тебя и не тронул. Так что можно считать легко отделался.\"""" || $ CurLocDesc = MainTxt"	""	""
"story_becky_sherwood_howto_0"	"game\NPC\Girls\Becky\IntBeckyTalkSherwood.rpy"	"86"	"10"	""	"$ MainTxt = ""\""Ох, значит Робин этот окаянный там еще. Может ты чего придумаешь? Как бы с ним договориться, больно хорошие деньги эльфы за огурцы платят. А эта их, леди Минетуэль, мне даже сказала как-то, что мол без твоих огурцов я и не знаю, чтобы делала. Все мужики кругом, мол, - эльфы, только огурцы и выручают. До сих пор голову ломаю, что это она в виду имела.\"""" || $ CurLocDesc = MainTxt"	""	""
"story_becky_sherwood_warned_0"	"game\NPC\Girls\Becky\IntBeckyTalkSherwood.rpy"	"96"	"7"	""	"$ MainTxt = ""\""Так не виноватая я. Ты и не спрашивал-то особо. А я думала что ты и так справишься, ты ж смышленный, что тебя раньше времени расстраивать? А может энтово Робина там и нет уже? Может он ушел кудайсь? Могло же такое быть? Могло. Вот я и решила тебя не пугать. Ты уж прости меня, дуру.\"""" || $ CurLocDesc = MainTxt"	""	""
"_int_becky_talk_smalltalk"	"game\NPC\Girls\Becky\IntBeckyTalkTopics.rpy"	"7"	"11"	""	""	""	""
"_int_becky_talk_personal"	"game\NPC\Girls\Becky\IntBeckyTalkTopics.rpy"	"18"	"11"	""	""	""	""
"story_becky_talk_inga_0"	"game\NPC\Girls\Becky\IntBeckyTalkTopics.rpy"	"29"	"11"	""	""	""	""
"story_becky_talk_inga_1"	"game\NPC\Girls\Becky\IntBeckyTalkTopics.rpy"	"40"	"12"	""	""	""	""
"story_becky_talk_lucas_0"	"game\NPC\Girls\Becky\IntBeckyTalkTopics.rpy"	"52"	"11"	""	""	""	""
"story_becky_talk_husband_0"	"game\NPC\Girls\Becky\IntBeckyTalkTopics.rpy"	"63"	"11"	""	""	""	""
"story_becky_talk_husband_1"	"game\NPC\Girls\Becky\IntBeckyTalkTopics.rpy"	"74"	"11"	""	""	""	""
"story_becky_talk_husband_2"	"game\NPC\Girls\Becky\IntBeckyTalkTopics.rpy"	"85"	"11"	""	""	""	""
"story_becky_talk_husband_3"	"game\NPC\Girls\Becky\IntBeckyTalkTopics.rpy"	"96"	"11"	""	""	""	""
"story_becky_talk_eddie_0"	"game\NPC\Girls\Becky\IntBeckyTalkTopics.rpy"	"107"	"11"	""	""	""	""
"story_becky_talk_eddie_georgett_0"	"game\NPC\Girls\Becky\IntBeckyTalkTopics.rpy"	"118"	"23"	""	""	""	""
"story_becky_home_invite_talk_0"	"game\NPC\Girls\Becky\IntBeckyTalkTopics.rpy"	"141"	"54"	""	""	""	""
"story_becky_talk_pregnancy_0"	"game\NPC\Girls\Becky\IntBeckyTalkTopics.rpy"	"195"	"10"	""	"$ MainTxt = DaddyAskBuildPhrase(girl_name) || $ CurLocDesc = MainTxt"	""	""
"story_becky_home_last_visit_talk_0"	"game\NPC\Girls\Becky\IntBeckyTalkTopics.rpy"	"205"	"42"	""	""	""	""
"story_becky_talk_eddie_behavior_0"	"game\NPC\Girls\Becky\IntBeckyTalkTopics.rpy"	"247"	"20"	""	""	""	""
"story_becky_talk_eddie_georgett_1"	"game\NPC\Girls\Becky\IntBeckyTalkTopics.rpy"	"267"	"20"	""	""	""	""
"story_becky_talk_eddie_reaction_0"	"game\NPC\Girls\Becky\IntBeckyTalkTopics.rpy"	"287"	"27"	""	""	""	""
"story_becky_talk_eddie_reaction_1"	"game\NPC\Girls\Becky\IntBeckyTalkTopics.rpy"	"314"	"49"	""	""	""	""
"story_becky_talk_eddie_after_sex_0"	"game\NPC\Girls\Becky\IntBeckyTalkTopics.rpy"	"363"	"19"	""	""	""	""
"ShowBeckyPortrait"	"game\NPC\Girls\Becky\ShowBeckyPortrait.rpy"	"4"	"11"	"call ShowImage(GirlName, ""portraits"", ""naked"" + str(procedural_randint(1, 3, key=""procedural:NPC/Girls/Becky/ShowBeckyPortrait.rpy:procedural_randint:12:1""))) || call ShowImage(GirlName, ""portraits"", ""nakedtits"" + str(procedural_randint(1, 2, key=""procedural:NPC/Girls/Becky/ShowBeckyPortrait.rpy:procedural_randint:14:2""))) || call ShowImage(GirlName, ""portraits"", ""nakedpussy"" + str(procedural_randint(1, 2, key=""procedural:NPC/Girls/Becky/ShowBeckyPortrait.rpy:procedural_randint:16:3"")))"	""	""	""
"story_clara_market_booklet_0"	"game\NPC\Girls\Clara\ClaraBookletMarketThread.rpy"	"15"	"22"	"vscene ""images/clara/market_day.png"""	"$ MainTxt = ""Днем на рынке снова мелькает фигура в легком плаще. Вы узнаете Клариссу раньше, чем она успевает скрыть лицо. Девушка замечает вас, поспешно натягивает капюшон и идет быстрее, будто совершенно не хочет, чтобы ее здесь окликали.\n\nЕсли уж вы хотите узнать, чем она занимается, сейчас самое время попробовать проследить за ней."" || $ MainTxt = ""На дневном рынке среди покупателей вы замечаете фигуру в плаще. Сначала это просто случайный силуэт в толпе, но затем вы узнаете Клариссу, дочку своего винного поставщика.\n\nВы уже собираетесь окликнуть ее, но Кларисса, едва встретившись с вами взглядом, поспешно набрасывает на голову капюшон и сразу идет быстрее между рядами лавок. Похоже, у нее здесь какие-то совсем частные дела, и узнавать себя она сейчас не хочет."" || $ CurLocDesc = MainTxt"	"menu:"	""
"story_clara_market_booklet_ignore"	"game\NPC\Girls\Clara\ClaraBookletMarketThread.rpy"	"37"	"16"	"vscene ""images/clara/market_day.png"""	"$ MainTxt = ""Вы решаете не вмешиваться и позволяете Клариссе скрыться среди торговых рядов."" || $ CurLocDesc = MainTxt"	""	""
"story_clara_market_booklet_follow"	"game\NPC\Girls\Clara\ClaraBookletMarketThread.rpy"	"53"	"30"	"vscene ""images/clara/market_day.png"" || vscene ""images/clara/market_bookletDeal.png"""	"$ MainTxt = ""Вы стараетесь не отстать, но дневной рынок слишком шумный и тесный. Стоит вам замешкаться на пару шагов, как Кларисса ускользает между рядами и будто растворяется среди чужих спин.\n\nПохоже, без лучшей сноровки в слежке вы просто потеряете ее снова."" || $ CurLocDesc = MainTxt || $ MainTxt = ""На этот раз вы не теряете Клариссу в толпе. Держась в стороне, вы видите, как она сворачивает к неприметному торговцу, которого почти не видно с центральных рядов. Обмен короткий и явно привычный: Кларисса по одной передает ему тонкие книжечки, похожие на небольшие буклеты, а тот быстро сует их в сумку и так же быстро отсчитывает ей деньги.\n\nТеперь уже ясно, что речь идет не о простой прогулке по рынку. Кларисса что-то сбывает через этого таинственного торговца."""	"menu:"	""
"story_clara_market_booklet_follow_success_leave"	"game\NPC\Girls\Clara\ClaraBookletMarketThread.rpy"	"83"	"11"	""	""	""	""
"story_clara_market_booklet_confront"	"game\NPC\Girls\Clara\ClaraBookletMarketThread.rpy"	"94"	"28"	"vscene ""images/clara/market_bookletDeal.png"""	"$ MainTxt = ""Вы выходите из-за лотка без лишней суеты и даете Клариссе понять, что уже видели похожие непристойные рисунки у Мелиссы. На секунду она белеет, но, заметив ваш бандитский костюм и поняв, что вы не собираетесь устраивать сцену, быстро берет себя в руки.\n\nКларисса коротко просит не устраивать разговор прямо здесь, а таинственный торговец запоминает вас уже без прежней враждебности. Похоже, с этого дня он готов показывать вам свой особый товар не чаще раза в месяц, а сама Кларисса становится с вами заметно откровеннее."" || $ MainTxt = ""Вы подходите ближе и спокойно даете понять Клариссе, что уже видели похожие непристойные рисунки и догадываетесь, чем она тут занимается. Девушка сразу напрягается, но, услышав, что вы не собираетесь ее выдавать, все же выдыхает.\n\nБез долгих разговоров Кларисса просит не поднимать шум на рынке. Торговец рядом молча запоминает вас взглядом. Похоже, теперь и он будет считать вас своим человеком, а сама Кларисса станет откровеннее лишь если решит, что вам действительно можно доверять."" || $ CurLocDesc = MainTxt"	""	""
"story_clara_market_booklet_2"	"game\NPC\Girls\Clara\ClaraBookletMarketThread.rpy"	"122"	"18"	"vscene ""images/clara/market_night.png"""	"$ MainTxt = ""Вечером рынок закрыт, и площадь выглядит почти пустой. У закрытых лавок задержались лишь несколько человек, поэтому фигура в плаще сразу бросается в глаза. Когда она проходит ближе к фонарю, вы узнаете Клариссу.\n\nСтоит ей заметить ваш взгляд, как девушка глубже натягивает капюшон и быстро уходит в сторону закутка у конного торга. Хм. Очень интересно, что она делает здесь в такое время.\n\nПохоже, на этот раз дело идет уже не о книжечках, а о чем-то более грязном."" || $ CurLocDesc = MainTxt"	"menu:"	""
"story_clara_market_booklet_2_ignore"	"game\NPC\Girls\Clara\ClaraBookletMarketThread.rpy"	"140"	"14"	"vscene ""images/clara/market_night.png"""	"$ MainTxt = ""Вы не рискуете ходить за Клариссой по закрытому рынку. Если здесь и происходит что-то грязное, сегодня вы предпочитаете не лезть в темный закуток без подготовки."" || $ CurLocDesc = MainTxt"	""	""
"story_clara_market_booklet_2_follow"	"game\NPC\Girls\Clara\ClaraBookletMarketThread.rpy"	"154"	"27"	"vscene ""images/clara/market_night.png"""	"$ MainTxt = ""Закрытый вечерний рынок куда опаснее для слежки, чем дневная толпа. Стоит вам задеть чью-то корзину и чуть замешкаться, как Кларисса вместе с Монголом растворяются в темном закутке между пустеющими рядами. Без лучшей сноровки здесь их не удержать."" || $ CurLocDesc = MainTxt"	""	""
"story_clara_market_booklet_3"	"game\NPC\Girls\Clara\ClaraBookletMarketThread.rpy"	"181"	"24"	"vscene ""images/clara/mongolTalk.png"""	"$ MainTxt = ""На этот раз вы держитесь достаточно далеко и не выдаете себя ни шагом, ни тенью. Кларисса уводит вас к самому краю рынка, где ее уже ждет Монгол. Разговор идет быстро и вполголоса, но вы успеваете разобрать главное.\n\nКларисса велит ему взять не первую попавшуюся клячу, а хорошую лошадь, чтобы потом продать ее с наваром. Деньги она требует делить честно, потому что именно она нашла покупателя и подсказала, где можно взять товар так, чтобы шум поднялся не сразу. Монгол в ответ ухмыляется, обещает свою долю и, будто нарочно, поддевает ее, что в ее любимом бандитском костюме она выглядела бы среди его людей вовсе как своя.\n\nТеперь уже ясно, что Кларисса не просто прячет от вас книжечки. Она сознательно полезла в настоящую грязь."" || $ CurLocDesc = MainTxt"	"menu:"	""
"story_clara_market_booklet_4"	"game\NPC\Girls\Clara\ClaraBookletMarketThread.rpy"	"205"	"33"	"vscene ""images/clara/mongolTalk.png"""	"$ MainTxt = ""Вы дожидаетесь удобного момента и без окриков говорите Клариссе, что видели ее вечерний разговор с Монголом. Девушка сначала белеет, потом зло сжимает губы, но быстро понимает, что вы пришли не сдавать ее отцу.\n\n\""Да, это я его подбила,\"" признается она наконец. \""Мне нужны деньги. Отец уже подбирает мне старого хрыча в столице, и весь этот брак будет не для меня, а для его торговли. Я не собираюсь ехать туда смирной куклой.\"" Она нервно усмехается и добавляет, что книжечки, рисунки и все разговоры про свободу для нее давно перестали быть просто романтической чушью. \""Хочется хоть раз жить не по чужому счету. А Монгол обещал, что если я соберу достаточно денег, то в его тайном кругу мне найдут место. Хоть кем. Хоть рисовальщицей, хоть этой их девкой для сценок. Знаю, звучит грязно. Но это все равно лучше, чем лечь под старого вонючего дурака по приказу отца.\""\n\nСказав это, Кларисса смотрит на вас уже не как на случайного покупателя, а как на человека, который теперь знает слишком много."" || $ CurLocDesc = MainTxt"	"menu:"	""
"story_clara_market_booklet_5"	"game\NPC\Girls\Clara\ClaraBookletMarketThread.rpy"	"238"	"25"	"vscene ""images/general/hunter_store_catInfo.png"""	"$ MainTxt = ""Едва вы входите в охотничий клуб, как из угла до вас доносится горячий пересказ свежей городской новости. Охотники с явным удовольствием обсуждают, как стража наконец-то сцапала конокрада, слишком уж долго крутившегося вокруг рынка и конного торга.\n\n\""Сидит теперь у караулки в колодках, вместе с парой таких же голодранцев,\"" хмыкает один. \""Пусть народ посмотрит, может поумнеют.\"" Другой замечает, что десятник Циммерман теперь ходит важный, как будто сам лично всю шайку выволок за шкирку.\n\nСудя по обрывкам слов, речь идет о Монголе."" || $ CurLocDesc = MainTxt"	"menu:"	""
"story_clara_market_booklet_6"	"game\NPC\Girls\Clara\ClaraBookletMarketThread.rpy"	"263"	"25"	"vscene ""images/mongolStock.png"""	"$ MainTxt = ""На рыночной площади, возле караулки, стоят тяжелые колодки. В них вместе с еще парой помятых головорезов сидит и Монгол. От прежней ярмарочной ухмылки в нем мало что осталось: губа разбита, рубаха грязная, но глаза все еще бегают живо.\n\nЗаметив вас, он дергается и шипит сквозь зубы: \""Стефан, брат, не губи. Я тут с голоду загнусь раньше, чем меня судить начнут. Принеси ночью пожрать, а там, может, и поговорим. Я добро помню. И про Клариссу тоже помню.\"""" || $ CurLocDesc = MainTxt"	"menu:"	""
"story_clara_market_booklet_7"	"game\NPC\Girls\Clara\ClaraBookletMarketThread.rpy"	"288"	"20"	"vscene ""images/mongolStock.png"""	"$ MainTxt = ""Ночью у караулки тихо, только где-то внутри переговариваются сонные стражи. Монгол в колодках шевелится и, увидев вас, сразу подается вперед.\n\n\""Ну что, принес чего-нибудь?\"" шепчет он. \""Я тут второй день на одной воде. Помоги сейчас, и я потом не забуду.\"""" || $ CurLocDesc = MainTxt"	"menu:"	""
"story_clara_market_booklet_feed_mongol"	"game\NPC\Girls\Clara\ClaraBookletMarketThread.rpy"	"308"	"20"	"vscene ""images/mongolStock.png"""	"$ MainTxt = ""Вы незаметно протягиваете Монголу завернутую в тряпицу еду из трактирной кухни. Тот жадно хватается за нее обеими руками, давится первыми кусками и тут же начинает шептать благодарности.\n\n\""Вот это по-людски, Стефан. Еще бы отмычки добыть, да стражу чем-нибудь отвлечь... Тогда я не просто вылезу, а еще и твой долг запомню. Если потом занесет к людям Робина, скажу им, кто ты такой.\"""" || $ CurLocDesc = MainTxt"	""	""
"story_clara_market_booklet_8"	"game\NPC\Girls\Clara\ClaraBookletMarketThread.rpy"	"328"	"20"	"vscene ""images/draupnir/dwarf1.jpg"""	"$ MainTxt = ""Вы находите Драупнира за верстаком и, не мудрствуя лукаво, объясняете, что вам нужны очень тонкие отмычки. Гном сперва косится на вас с подозрением, потом только фыркает.\n\n\""Ничего не знаю и знать не хочу, для какой двери тебе такая железяка,\"" ворчит он. \""Но если работа тонкая и молчаливая, то это ко мне. За сорок мараведи сделаю хороший набор, который и в сапог спрятать не стыдно.\"""" || $ CurLocDesc = MainTxt"	"menu:"	""
"story_clara_market_booklet_lockpicks_order"	"game\NPC\Girls\Clara\ClaraBookletMarketThread.rpy"	"348"	"20"	"vscene ""images/draupnir/dwarf1.jpg"""	"$ MainTxt = ""Драупнир быстро прячет деньги, вытаскивает из ящика тонкий кожаный сверток и сует его вам почти не глядя.\n\n\""Вот. Только если с этим полезешь куда не надо, не вздумай потом ссылаться на меня,\"" бурчит гном. Судя по тяжести свертка, набор отмычек у вас теперь есть."" || $ CurLocDesc = MainTxt"	""	""
"story_clara_market_booklet_9"	"game\NPC\Girls\Clara\ClaraBookletMarketThread.rpy"	"368"	"20"	"vscene ""images/mongolStock.png"""	"$ MainTxt = ""Следующей ночью вы возвращаетесь к караулке уже подготовленным. Монгол сразу понимает это по вашему лицу и только сильнее вжимается в колодки, чтобы не привлекать лишних взглядов.\n\nТеперь все упирается в одно: если вы хотите вытащить его отсюда, надо сперва умаслить стражу и отвлечь ее чем-то приятнее ночного дежурства."" || $ CurLocDesc = MainTxt"	"menu:"	""
"story_clara_market_booklet_release_mongol"	"game\NPC\Girls\Clara\ClaraBookletMarketThread.rpy"	"388"	"21"	"vscene ""images/mongolStock.png"""	"$ MainTxt = ""Вы заранее посылаете к караулке кувшин вина и хороший ужин из трактира с вежливой припиской: мол, \""Дикий Жеребец\"" благодарит городскую стражу за поимку конокрадов. Стража мгновенно добреет к такой заботе. Сам десятник Циммерман замечает, что вот это уже разговор с уважаемым трактирщиком, который умеет ценить порядок в городе.\n\nКогда угощение делает свое дело и дежурные окончательно расслабляются, вы выбираете момент, приседаете к колодкам и пускаете в ход заказанные у Драупнира отмычки. Замок поддается не сразу, но все же тихо щелкает. Монгол выскальзывает из дерева, как уж, шепотом сыплет вам благодарностями и обещает, что люди Робина в Шервуде узнают, кому он обязан свободой.\n\nЕще до рассвета его и след простыл."" || $ CurLocDesc = MainTxt"	""	""
"story_clara_paintings_melissa_0"	"game\NPC\Girls\Clara\ClaraPaintingsThread.rpy"	"9"	"18"	""	"$ MainTxt = ""Вы осторожно спрашиваете Мелиссу о листках, найденных под ее кроватью. Она сначала делает вид, будто не понимает, о чем речь, но быстро сдается и смотрит на дверь, проверяя, не слышит ли вас Аманда.\n\n\""Это не мои рисунки,\"" тихо отвечает она. \""Кларисса дала их мне. Иногда она такое рисует... не для всех, не за просто так, и не потому что ей скучно. Но если ты хочешь знать больше, спрашивай не меня. Я и так сказала больше, чем должна была.\""\n\nТеперь ясно, что ниточка ведет к Клариссе и ее странным делам на рынке."" || $ CurLocDesc = MainTxt"	""	""
"story_clara_paintings_cellar_1"	"game\NPC\Girls\Clara\ClaraPaintingsThread.rpy"	"27"	"13"	""	"$ MainTxt = ""Из дальнего подвала винной лавки доносится резкий голос Легаре. Вы останавливаетесь у стеллажей и слышите, как он отчитывает Клариссу за проваленную затею с Мелиссой и Амандой. Его слова звучат не как отцовская забота, а как холодный расчет человека, который привык распоряжаться чужими слабостями.\n\nПотом раздается короткий хлопок ладони по ткани, и Кларисса сдавленно выдыхает. Легаре зло напоминает ей, что уже много раз говорил: в нужный момент благовоспитанные дамы должны выглядеть так, будто лишняя скромность им только мешает.\n\nВы можете ворваться сейчас, но тогда Легаре точно станет вашим врагом. Можно отступить и поговорить с Клариссой позже, когда она сама сможет сказать больше."" || $ CurLocDesc = MainTxt"	"menu:"	""
"story_clara_paintings_confront_legare"	"game\NPC\Girls\Clara\ClaraPaintingsThread.rpy"	"40"	"17"	""	"$ MainTxt = ""Вы выходите из-за стеллажей и прямо говорите Легаре, что его семейные распоряжения перестали быть только семейным делом. Легаре быстро закрывает подвал за спиной Клариссы и встречает вас уже без торговой улыбки.\n\nДрака выходит короткой и злой: несколько ударов, сбитая бутылка, хруст стекла под сапогом. Легаре отступает первым, но по его лицу ясно, что теперь вы для него не помеха, а враг. Перед уходом он почти спокойно бросает, что раз вы вмешиваетесь в его дом, он займется вашим домом куда настойчивее.\n\nПохоже, он ускорит свои попытки добраться до Аманды."" || $ CurLocDesc = MainTxt"	""	""
"story_clara_paintings_wait_comfort"	"game\NPC\Girls\Clara\ClaraPaintingsThread.rpy"	"57"	"9"	""	"$ MainTxt = ""Вы сдерживаете первый порыв и отходите от подвала. Сейчас Кларисса слишком зажата между вами и отцом, а Легаре слишком хорошо умеет превращать чужой протест в свою пользу.\n\nЕсли поговорить с ней позже без свидетелей, можно узнать больше и не закрыть ей путь к откровенности."" || $ CurLocDesc = MainTxt"	""	""
"story_clara_paintings_comfort_2"	"game\NPC\Girls\Clara\ClaraPaintingsThread.rpy"	"66"	"11"	""	"$ MainTxt = ""Утром Кларисса держится за прилавком слишком ровно. Вы не давите, просто говорите, что слышали достаточно, чтобы понять: она не одна во всем этом.\n\nСначала она отвечает светски и холодно, но потом голос срывается. Она снова говорит о браке, который для нее уже почти решен в столице, и о надежде, что отец еще передумает. Когда вы спрашиваете, не отсюда ли были все странные поручения, поездки и разговоры о лошадях, Кларисса бледнеет и признает: часть этого правда шла по отцовскому расчету.\n\n\""Я сопротивлялась как могла,\"" тихо говорит она. \""Я думала, он изменит решение, если увидит, что я полезна не только как товар для чужого договора. Но он не меняется. Он просто называет это заботой.\"""" || $ CurLocDesc = MainTxt"	""	""
"story_clara_paintings_second_ask_3"	"game\NPC\Girls\Clara\ClaraPaintingsThread.rpy"	"77"	"10"	""	"$ MainTxt = ""Когда вы второй раз возвращаетесь к теме рисунков, Кларисса уже не отшучивается. Она признает, что иногда делает портреты для знатных заказчиков, а иногда видит куда больше, чем люди думают.\n\n\""Многие любят, когда их рисуют красивее, смелее или опаснее, чем они есть,\"" говорит она. \""А некоторые забывают, что художник сначала смотрит. Я делаю вид, будто вижу только позу и ткань, но на самом деле замечаю взгляды, тайные жесты, встречи за дверью. Оттуда и берутся сюжеты.\""\n\nТеперь между вами появляется другое доверие: не только разговорное, но и телесное. Кларисса уже понимает, что вы знаете ее тайну и не собираетесь использовать ее против нее."" || $ CurLocDesc = MainTxt"	""	""
"story_clara_paintings_church_4"	"game\NPC\Girls\Clara\ClaraPaintingsThread.rpy"	"87"	"9"	""	"$ MainTxt = ""У колонны рядом с семьей Легаре сегодня стоит незнакомый молодой дворянин из столицы. Кларисса держится рядом с ним так ровно, что это выглядит почти болезненно. Легаре, напротив, доволен: он представляет гостя как человека из хорошего дома и будущего союзника семьи.\n\nКларисса не произносит слова \""жених\"", но оно и так висит между ними. Теперь понятно, что столичная договоренность уже не слух и не отдаленная угроза."" || $ CurLocDesc = MainTxt"	""	""
"story_clara_paintings_barber_5"	"game\NPC\Girls\Clara\ClaraPaintingsThread.rpy"	"96"	"21"	""	"$ MainTxt = ""Утром у цирюльни вы замечаете того самого столичного жениха. Он выходит от Серджио слишком быстро и слишком аккуратно поправляет перчатки, будто не хочет, чтобы его здесь запомнили."" || $ MainTxt = ""Поздно вечером у закрытой цирюльни мелькает знакомая фигура. Столичный жених Клариссы входит через боковую дверь, а Серджио впускает его без лишних слов."" || $ CurLocDesc = MainTxt"	"menu:"	""
"story_clara_paintings_barber_peek"	"game\NPC\Girls\Clara\ClaraPaintingsThread.rpy"	"117"	"7"	""	"$ MainTxt = ""Вы находите узкую щель между ставней и рамой. Внутри Серджио и столичный гость говорят совсем не как мастер и клиент. Слишком много тишины между фразами, слишком много осторожных прикосновений, слишком мало страха быть понятыми друг другом.\n\nДеталей вам хватает, чтобы понять главное: будущий брак Клариссы держится на лжи с обеих сторон. Этот материал может стать для нее оружием, если использовать его осторожно."" || $ CurLocDesc = MainTxt"	""	""
"story_clara_paintings_commission_6"	"game\NPC\Girls\Clara\ClaraPaintingsThread.rpy"	"124"	"9"	""	"$ MainTxt = ""Когда Кларисса заглядывает в трактир, вы тихо говорите ей, что у вас появился материал, который стоит зарисовать. Она сперва настораживается, но, услышав про столичного жениха и цирюльню, становится совершенно серьезной.\n\n\""Не здесь,\"" отвечает она. \""Завтра утром зайди в лавку. Если это правда, мне нужно понять, как показать это так, чтобы не выглядеть просто мстительной дурой.\"""" || $ CurLocDesc = MainTxt"	""	""
"story_clara_paintings_commission_followup_7"	"game\NPC\Girls\Clara\ClaraPaintingsThread.rpy"	"133"	"9"	""	"$ MainTxt = ""Утром в винной лавке Кларисса сразу понимает, зачем вы пришли. Вы пересказываете ей все без лишних украшений. Она не перебивает, только сжимает пальцы на краю стойки.\n\n\""Вечером,\"" решает она наконец. \""Если я увижу сама, я смогу нарисовать не слух, а правду. И тогда отецу будет куда сложнее продать меня за красивую столичную легенду.\"""" || $ CurLocDesc = MainTxt"	""	""
"story_clara_paintings_evening_peek_8"	"game\NPC\Girls\Clara\ClaraPaintingsThread.rpy"	"142"	"12"	""	"$ MainTxt = ""Вечером вы с Клариссой держитесь в тени напротив цирюльни. Когда боковая дверь снова открывается, она успевает увидеть достаточно: столичного жениха, Серджио, их осторожные жесты и ту особую близость, которую нельзя объяснить случайным визитом.\n\nКларисса сперва каменеет, потом почти злится на себя за облегчение. \""Значит, он тоже живет не той жизнью, которую ему продают,\"" шепчет она. \""А меня собирались сделать ширмой для чужих приличий.\"""" || $ CurLocDesc = MainTxt"	"menu:"	""
"story_clara_paintings_confession_9"	"game\NPC\Girls\Clara\ClaraPaintingsThread.rpy"	"154"	"11"	""	"$ MainTxt = ""В комнате Мелиссы Кларисса наконец срывается. Она говорит быстро, будто боится остановиться: про отцовские расчеты, про рисунки, про то, как пыталась использовать чужие тайны, чтобы получить хоть немного свободы.\n\nМелисса слушает мрачно, но не перебивает. Когда Кларисса доходит до того, что использовала доверие подруг, она уже почти плачет.\n\n\""Простите,\"" говорит она вам обоим. \""Я предала хороших друзей, потому что решила, будто если сама стану хитрее, меня перестанут продавать как вещь. Но от этого я только стала похожа на тех, от кого хотела сбежать.\""\n\nПосле этого в комнате становится тяжелее, но честнее. Теперь Кларисса больше не прячется за одной только игрой."" || $ CurLocDesc = MainTxt"	""	""
"story_clara_paintings_murder_10"	"game\NPC\Girls\Clara\ClaraPaintingsThread.rpy"	"165"	"15"	""	"$ MainTxt = ""У караулки шумно: стражники переговариваются вполголоса, а десятник Циммерман выглядит куда серьезнее обычного. Столичный жених Клариссы найден мертвым.\n\nЦиммерман не спешит называть виновного. Вместо этого он бросает вам странную загадку: \""Кто режет ближе всех, но держит лезвие чистым? Кто слышит тайны, но продает только видимость порядка? Ответишь верно - помогу тебе разобраться и сам.\"""" || $ CurLocDesc = MainTxt"	"menu:"	""
"story_clara_paintings_solve_murder"	"game\NPC\Girls\Clara\ClaraPaintingsThread.rpy"	"180"	"13"	""	"$ MainTxt = ""Вы отвечаете, что Серджио слишком очевиден как человек с лезвием, а значит, слишком удобен как подозреваемый. Настоящий ответ прячется не в бритве, а в том, кому выгодно было убрать жениха именно сейчас.\n\nЦиммерман долго смотрит на вас, потом коротко кивает. Серджио отпускают из-под подозрения, а город начинает судачить, что хозяин \""Дикого Жеребца\"" умеет видеть дальше прямой улики.\n\nПозже Серджио передает вам рецепт особой смягчающей мази и обещает обслуживать вас и ваших работниц со скидкой в четверть цены. Рецепт теперь можно найти в книге рецептов, если открыть список доступных приготовлений."" || $ CurLocDesc = MainTxt"	""	""
"story_clara_tavern_visit_bar_0"	"game\NPC\Girls\Clara\ClaraTavernVisitThread.rpy"	"7"	"14"	"vscene ""images/clara/tavern_visit.png"""	"$ MainTxt = ""Проходя мимо, вы слышите, как Мелисса, едва сдерживая смех, говорит Клариссе: \""Девчонка утром рано встала, песду о лавку почесала и села у окошка сечь, как бобик Жучку станет ебсть\"".\n\nКларисса тут же подхватывает, уже совсем не скрывая довольной ухмылки: \""А бобик жарил Жучку раком, чего стесняться им, собакам!\"" После этого обе разом заливаются таким дружным хохотом, будто давно уже спелись на этой пошлой волне."" || $ CurLocDesc = MainTxt"	""	""
"story_clara_tavern_visit_bar_1"	"game\NPC\Girls\Clara\ClaraTavernVisitThread.rpy"	"21"	"14"	"vscene ""images/clara/tavern_visit_size.png"""	"$ MainTxt = ""Вы делаете вид, что заняты у барной стойки, но слух сам цепляет веселый шепот за спиной. Мелисса, уже откровенно дурачась, декламирует: \""Если б я была царица, говорит одна девица, я б пизду покрыла лаком и давала только раком\"".\n\n\""Ой-ёй,\"" тут же тянет Клара с ехидной ухмылкой, \""царь наш был мужичок скромный, у него был хуй огромный...\"" Мелисса шутливо хлопает подружку по плечу и отвечает: \""Да говорю же, вот такой\"", после чего раздвигает ладони сантиметров на двадцать.\n\nОбе многозначительно косятся на вас, а потом прыскают от смеха, пока вы изо всех сил делаете вид, будто целиком поглощены стойкой и делами трактира."" || $ CurLocDesc = MainTxt"	""	""
"story_clara_tavern_visit_bar_2"	"game\NPC\Girls\Clara\ClaraTavernVisitThread.rpy"	"35"	"16"	"vscene ""images/clara/melissa_talk.png"""	"$ MainTxt = ""У стойки снова слышится знакомый девичий смех. Вы оборачиваетесь как раз в тот миг, когда Кларисса и Мелисса слишком поспешно отстраняются друг от друга. У Мелиссы горят щеки, Кларисса поправляет платье с нарочитой деловитостью, а на их лицах написано ровно то, что они обе не хотят произносить вслух.\n\nМелисса первая находит выход: громко спрашивает, не закончились ли у вас чистые кружки. Кларисса тут же подхватывает этот нелепый повод, и обе принимаются обсуждать посуду с такой старательной серьезностью, что становится только смешнее."" || $ CurLocDesc = MainTxt"	""	""
"story_clara_melissa_room_visit_0"	"game\NPC\Girls\Clara\ClaraTavernVisitThread.rpy"	"51"	"15"	"vscene ""images/clara/melissa Pillow fight.png"""	"$ MainTxt = ""Вы заглядываете в комнату Мелиссы и тут же понимаете, что пришли не вовремя: Кларисса с Мелиссой уже устроили на кровати полушутливую драку подушками, а по полу летят перья и обрывки смеха. Обе резко замирают, увидев вас в дверях, и Мелисса первой просит вас не торчать у порога."" || $ CurLocDesc = MainTxt"	""	""
"story_clara_melissa_room_visit_1"	"game\NPC\Girls\Clara\ClaraTavernVisitThread.rpy"	"66"	"15"	"vscene ""images/clara/melissa_doodleTimes.png"""	"$ MainTxt = ""Сегодня девушки сидят совсем близко друг к другу на кровати и, склонившись над коленями, возятся с листками и угольком. Кларисса что-то быстро дорисовывает, а Мелисса смеется шепотом и тут же прикрывает рисунки ладонью, заметив вас."" || $ CurLocDesc = MainTxt"	""	""
"story_clara_melissa_room_visit_2"	"game\NPC\Girls\Clara\ClaraTavernVisitThread.rpy"	"81"	"15"	"vscene ""images/clara/melissa_doodles.png"""	"$ MainTxt = ""Кларисса с Мелиссой так увлечены своими непристойными каракулями и перешептыванием, что сперва даже не сразу замечают вас. Когда же замечают, обе смотрят одинаково красноречиво: вам здесь сейчас делать нечего."" || $ CurLocDesc = MainTxt"	""	""
"InitClara"	"game\NPC\Girls\Clara\InitClara.rpy"	"469"	"10"	""	""	""	""
"IntClaraTalk"	"game\NPC\Girls\Clara\IntClaraTalk.rpy"	"4"	"100"	"vscene _clara_talk_picture"	"$ MainTxt = ""Кларисса вопросительно смотрит на вас, ожидая, что вы скажете дальше."" || $ CurLocDesc = MainTxt || $ MainTxt = ""Вы не навязываетесь Клариссе разговором, а просто держитесь чуть поодаль и смотрите, куда она направится дальше. Девушка делает круг по рыночным рядам, будто проверяя, нет ли за ней чужих глаз, а затем уверенно уходит к знакомому входу в винную лавку Легаре.\n\nПохоже, даже на рынке Кларисса все время держит в уме путь обратно в винную лавку семьи."""	"menu:"	"""Осторожно заговорить о ее вечерних делах"" if story_event_available(""WineStore"", ""clara_talk""): || call checkTriggers(""WineStore"", ""clara_talk"", 0) || ""Поговорить с Клариссой о рисунках"" if story_event_available(""WineStore"", ""clara_paintings""):"
"IntClaraGiftMenu"	"game\NPC\Girls\Clara\IntClaraTalk.rpy"	"104"	"72"	""	"$ MainTxt = ""Вы прикидываете, что из имеющегося при себе может понравиться Клариссе."" || $ CurLocDesc = MainTxt || $ MainTxt = ""У вас сейчас нет ничего подходящего для подарка."""	"menu:"	""
"event_cleaning_harrass"	"game\NPC\Girls\Common\EventCleaningHarrass.rpy"	"4"	"42"	"call HarassShowImage(girl_name, _harass_action, 0, eyewitness, ""cleaning"")"	"$ MainTxt = format_tavern_event_text(CurEventDesc) || $ CurLocDesc = MainTxt"	""	""
"event_cleaning_harrass_part2"	"game\NPC\Girls\Common\EventCleaningHarrassPart2.rpy"	"4"	"75"	"call HarassShowImage(girl_name, ""tits"", 1, eyewitness, ""cleaning"") || call HarassShowImage(girl_name, ""ass"", 1, eyewitness, ""cleaning"") || call HarassShowImage(girl_name, ""dress"", 1, eyewitness, ""cleaning"")"	"$ MainTxt = format_tavern_event_text(CurEventDescPart2) || $ CurLocDesc = MainTxt"	""	""
"event_waitress_harrass"	"game\NPC\Girls\Common\EventWaitressHarrass.rpy"	"4"	"42"	"call HarassShowImage(girl_name, _harass_action, 0, eyewitness, ""waitress"")"	"$ MainTxt = format_tavern_event_text(CurEventDesc) || $ CurLocDesc = MainTxt"	""	""
"event_waitress_harrass_part2"	"game\NPC\Girls\Common\EventWaitressHarrassPart2.rpy"	"4"	"70"	"call HarassShowImage(girl_name, ""tits"", 1, eyewitness, ""waitress"") || call HarassShowImage(girl_name, ""ass"", 1, eyewitness, ""waitress"") || call HarassShowImage(girl_name, ""dress"", 1, eyewitness, ""waitress"")"	"$ MainTxt = format_tavern_event_text(CurEventDescPart2) || $ CurLocDesc = MainTxt"	""	""
"get_girl_drunk"	"game\NPC\Girls\Common\GetGirlDrunk.rpy"	"18"	"3"	""	""	""	""
"ShowGirlCard"	"game\NPC\Girls\Common\GirlCard.rpy"	"247"	"7"	""	""	""	""
"HideGirlCard"	"game\NPC\Girls\Common\GirlCard.rpy"	"254"	"5"	""	""	""	""
"GirlDressBuy"	"game\NPC\Girls\Common\GirlDressBuy.rpy"	"25"	"36"	"call ShowImage("""", """", irma_working_picture_path())"	"$ MainTxt = ""Вы зашли в лавку очаровательной Ирмы. Там вас уже ожидала %s. Она обрадованно улыбнулась, увидев вас, и сразу же вернулась к рассматриванию образцов разнообразных платьев, юбок и блузок, развешанных вдоль левой стены. Вы тоже можете на них поглазеть. Ну а если вы наконец определились с выбором, то можете предложить %s примерить и заказать одно из платьев."" % (people_name(GirlName, 'nominative', GirlName), people_name(GirlName, 'dative', GirlName)) || $ CurLocDesc = MainTxt"	""	""
"GirlDressBuyLeave"	"game\NPC\Girls\Common\GirlDressBuy.rpy"	"61"	"24"	""	"$ MainTxt = ""\""Ну, хорошенького понемножку,\"" сказали вы и пошли к выходу. [_rn] же осталась в магазине, пощебетать еще немножко, всего полчасика или часик, с Ирмой о купленной обновке."" || $ CurLocDesc = MainTxt"	"menu: || $ current_action_items = [MenuItem(""Выйти из лавки"", Jump(""ArtisansQuarter""))]"	""
"GirlDressSuggest"	"game\NPC\Girls\Common\GirlDressSuggest.rpy"	"131"	"133"	""	""	""	""
"GirlsDesc"	"game\NPC\Girls\Common\GirlsDesc.rpy"	"372"	"35"	"call ShowImageSeq(""sandra"", """", ""portrait"", 4) || call ShowImage(""melissa"", """", ""portrait"") || call ShowImage("""", """", irma_card_portrait_path())"	""	""	""
"GirlSuggestDressFunc"	"game\NPC\Girls\Common\GirlSuggestDressFunc.rpy"	"4"	"70"	""	""	"menu: || menu:"	""
"GirlDressBuyPay"	"game\NPC\Girls\Common\GirlSuggestDressFunc.rpy"	"74"	"8"	""	""	""	""
"GirlDressBuyPregRemark"	"game\NPC\Girls\Common\GirlSuggestDressFunc.rpy"	"82"	"12"	""	""	""	""
"GirlDressBuyWaitPay"	"game\NPC\Girls\Common\GirlSuggestDressFunc.rpy"	"94"	"16"	""	""	""	""
"GirlDressBuyShowInside"	"game\NPC\Girls\Common\GirlSuggestDressFunc.rpy"	"110"	"67"	""	""	"menu: || menu:"	""
"GirlDressBuyJerkoff"	"game\NPC\Girls\Common\GirlSuggestDressFunc.rpy"	"177"	"44"	""	""	"menu:"	""
"GirlDressBuyShowOutside"	"game\NPC\Girls\Common\GirlSuggestDressFunc.rpy"	"221"	"46"	""	""	""	""
"IntHarrassmentDiscuss"	"game\NPC\Girls\Common\IntHarrassmentDiscuss.rpy"	"4"	"24"	""	""	"menu:"	""
"IntHarrassmentDiscussOutcome"	"game\NPC\Girls\Common\IntHarrassmentDiscuss.rpy"	"28"	"99"	""	"$ MainTxt = format_tavern_event_text(_discussion_text) || $ CurLocDesc = MainTxt"	"menu:"	""
"MomDressComplaint"	"game\NPC\Girls\Common\MomDressComplaint.rpy"	"67"	"50"	""	""	"menu: || menu:"	""
"MomDressComplaintLikeIt"	"game\NPC\Girls\Common\MomDressComplaint.rpy"	"117"	"23"	""	""	"menu:"	""
"MomDressComplaintLikeItDontCare"	"game\NPC\Girls\Common\MomDressComplaint.rpy"	"140"	"7"	""	"$ MainTxt = ""\""Я уже сказал, как хочет, так и одевается! Не трогай ее!\"" продолжали стоять на своем вы.\n\n\""Ну знаешь,\"" гневно выдохнула Сандра, развернулась и ушла."" || $ CurLocDesc = MainTxt"	""	""
"MomDressComplaintLikeItMaybeNot"	"game\NPC\Girls\Common\MomDressComplaint.rpy"	"147"	"8"	""	"$ MainTxt = ""\""Ну, может и не пофигу,\"" сказали вы, убежденные логикой и аргументами Сандры. \""Я с ней поговорю.\""\n\n\""Мы поговорим. Сейчас.\"" проявила жесткость Сандра.\n\nНичего не поделаешь, пришлось идти и говорить. Вернее слушать, как Сандра чуть ли не полчаса на повышенных тонах учила {} скромности и целомудренности и изредка поддакивать. В конце концов {} расплакалась и убежала, {}"".format(str(real_name or """"), str(real_name or """"), _mdc_tail) || $ CurLocDesc = MainTxt"	""	""
"MomDressComplaintYouAreRight"	"game\NPC\Girls\Common\MomDressComplaint.rpy"	"155"	"8"	""	"$ MainTxt = ""\""Да, я тоже это заметил и мне это не понравилось.\""\n\n\""Так пошли же с ней поговорим. {} надо спасать.\""\n\nНичего не поделаешь, пришлось идти и говорить. Вернее слушать, как Сандра чуть ли не полчаса на повышенных тонах учила {} скромности и целомудренности и изредка поддакивать. В конце концов {} расплакалась и убежала, {}"".format(str(real_name or """"), str(real_name or """"), str(real_name or """"), _mdc_tail) || $ CurLocDesc = MainTxt"	""	""
"MomDressComplaintBoughtDress"	"game\NPC\Girls\Common\MomDressComplaint.rpy"	"163"	"23"	""	""	"menu:"	""
"MomDressComplaintBoughtDressMaybeAshamed"	"game\NPC\Girls\Common\MomDressComplaint.rpy"	"186"	"8"	""	"$ MainTxt = ""\""Знаешь может я действительно погорячился,\"" виновато сказали вы. \""Думал что если она себя свободней будет чувствовать, то это неплохо. Но наверное ты права. Я с ней поговорю.\""\n\n\""Вот мы вместе сейчас и поговорим.\"" строго ответила Сандра.\n\nНичего не поделаешь, пришлось идти и говорить. Вернее слушать, как Сандра чуть ли не полчаса на повышенных тонах учила {} скромности и целомудренности и изредка поддакивать. В конце концов {} расплакалась и убежала, {}"".format(str(real_name or """"), str(real_name or """"), _mdc_tail) || $ CurLocDesc = MainTxt"	""	""
"MomDressComplaintBoughtDressNope"	"game\NPC\Girls\Common\MomDressComplaint.rpy"	"194"	"7"	""	"$ MainTxt = ""\""Я уже все сказал, на мой взгляд она прекрасно одевается, не вижу проблемы!\"" продолжали стоять на своем вы.\n\n\""Ну знаешь,\"" гневно выдохнула Сандра, развернулась и ушла."" || $ CurLocDesc = MainTxt"	""	""
"MomDressComplaintSandraShouldDress"	"game\NPC\Girls\Common\MomDressComplaint.rpy"	"201"	"28"	""	"$ MainTxt = str(_mdc_intro_text or """") + ""\n\nПри последних ваших словах Сандра вспыхнула: \""А это вообще не твое дело. Хотя может в чем-то ты и прав. {} получается думает о нашем общем деле, а я только о себе. Спасибо, что объяснил.\"" и в раздумьях Сандра удалилась."".format(str(real_name or """")) || $ MainTxt = str(_mdc_intro_text or """") + ""\n\n\""Значит тебе не нравится, что Сандра у тебя не одевается как шлюха?!"" || $ MainTxt = str(MainTxt or """") + "" По твоему я как Жоржетта твоя ненаглядная должна наряжаться? Пиздой всем светить?"""	""	""
"MomDressComplaintHowCanYouSayThat"	"game\NPC\Girls\Common\MomDressComplaint.rpy"	"229"	"19"	""	""	"menu:"	""
"MomDressComplaintHowCanYouSayThatInsist"	"game\NPC\Girls\Common\MomDressComplaint.rpy"	"248"	"12"	""	"$ MainTxt = ""\""Тебе может забота глаза застилает, а я вижу все как есть,\"" ответили вы. \""Пойдем, поговорим с ней, нас двоих она должна послушать.\""\n\nСандре ничего не оставалось, как пойти за вами следом. Вы строго отчитали {}, научив ее уму разуму."".format(str(real_name or """")) || $ MainTxt = str(MainTxt or """") + ""\n\nЗаодно вы {}запретили ей болтать с Лизеттой, источником грязи и разврата."".format(""еще раз "" if Amanda.var_int(""prohibitliza"", 0) else """") || $ MainTxt = str(MainTxt or """") + ""\n\nВ конце концов {} расплакалась и убежала, {}"".format(str(real_name or """"), _mdc_tail)"	""	""
"MomDressComplaintHowCanYouSayThatBackOff"	"game\NPC\Girls\Common\MomDressComplaint.rpy"	"260"	"7"	""	"$ MainTxt = ""\""Да, ты права, я чего-то слишком строг с ней. Все-таки я о ней слишком навязчиво забочусь.\""\n\n\""Стефан, все нормально, я и хотела бы чтобы ты о ней заботился, просто не будь слишком навязчивым.\"""" || $ CurLocDesc = MainTxt"	""	""
"MomDressComplaintBoughtDressHighSandra"	"game\NPC\Girls\Common\MomDressComplaint.rpy"	"267"	"17"	""	"$ MainTxt = ""\""Да, оно ей очень идет,\"" отозвались вы. \""Это ж я ей этот наряд и купил. И посетителям нравится, смотри как они на ее {} пялятся. Даже щипают порой, вот как она им нравится.\""\n\n\""Ну, может это все-таки уже слишком,\"" неуверенно ответила вам Сандра.\n\n\""Да ладно тебе, Сандра!"".format(_mdc_body_part) || $ MainTxt = str(MainTxt or """") + "" Она ведь действительно взрослая, уже байстрюка успела себе нагулять.\"""" || $ MainTxt = str(MainTxt or """") + "" Она ведь действительно взрослая, уже пузо успела себе нагулять.\"""""	""	""
"MomDressComplaintFinish"	"game\NPC\Girls\Common\MomDressComplaint.rpy"	"284"	"7"	""	""	"menu:"	""
"MorningSickness"	"game\NPC\Girls\Common\MorningSickness.rpy"	"33"	"68"	""	""	"menu:"	""
"morning_sickness_step2"	"game\NPC\Girls\Common\MorningSickness.rpy"	"101"	"69"	""	""	"menu:"	""
"morning_sickness_pregnancy_comment"	"game\NPC\Girls\Common\MorningSickness.rpy"	"170"	"20"	""	""	""	""
"morning_sickness_end"	"game\NPC\Girls\Common\MorningSickness.rpy"	"190"	"4"	""	""	""	""
"PartEventGirlHarrassmentReaction"	"game\NPC\Girls\Common\PartEventGirlHarrassmentReaction.rpy"	"5"	"98"	"call HarassShowImage(GirlNamePEGHR, ""tits"", 0, EyewitnessPEGHR, JobTypePEGHR)"	""	""	""
"PregnancyCheck"	"game\NPC\Girls\Common\PregnancyCheck.rpy"	"164"	"4"	""	""	""	""
"ShowGirlSexHistory"	"game\NPC\Girls\Common\ShowGirlSexHistory.rpy"	"4"	"43"	""	""	""	""
"SlutFriendsIncrease"	"game\NPC\Girls\Common\SlutFriendsIncrease.rpy"	"34"	"4"	""	""	""	""
"ZaletOpinionCalc"	"game\NPC\Girls\Common\ZaletOpinionCalc.rpy"	"314"	"2"	""	""	""	""
"story_georgett_portstreet_clients"	"game\NPC\Girls\Georgett\GeorgettEvents.rpy"	"5"	"3"	""	""	""	""
"InitGeorgett"	"game\NPC\Girls\Georgett\InitGeorgett.rpy"	"4"	"502"	""	""	""	""
"ChurchServiceGeorgett"	"game\NPC\Girls\Georgett\InitGeorgettChurch.rpy"	"1"	"27"	"vscene ""images/georgett/church/cermonliza.jpg"" || vscene ""images/georgett/church/cermon.jpg"""	"$ MainTxt = ""В одном из углов собора вы находите вашу ветренную знакомую - Жоржетту Брюно, шлюху из портового квартала. Это молодая белокурая и кареглазая женщина, среднего роста, чуть пухленькая и с большой налитой грудью. В собор она нарядилась чуть скромнее, чем обычно, но не слишком: на ней красное платье до колен и блузка с глубоким декольте, на этот раз хотя бы не прозрачная. Вы замечаете, что прихожане-мужчины обращают на нее гораздо больше внимания, чем на проповедь с амвона."" || $ MainTxt = MainTxt + ""\n\nРядом с ней вы видите ее старшую дочь Лизетту - молоденькую мулатку, на вид - ровесницу Аманды. Ее волосы забранны в две косички а груди только начали расти. Ее шоколадное тело закрывают юбка и блузка, такие же как у ее мамы."" || $ MainTxt = MainTxt + ""\n\nРядом с ней вы видите молоденькую мулатку, на вид - ровесницу Аманды. Ее волосы забранны в две косички а груди только начали расти. Судя по всему это Лизетта - старшая дочь Жоржетты. Ее шоколадное тело закрывают юбка и блузка, такие же как у ее мамы."""	"menu:"	"""Предложить найти тихое место"" if story_event_available(""Church"", ""georgett_church_service_bench""): || call checkTriggers(""Church"", ""georgett_church_service_bench"", 0) || ""Предложить сделать это прямо здесь"" if story_event_available(""Church"", ""georgett_church_service_doggy""):"
"story_georgett_church_service_bench"	"game\NPC\Girls\Georgett\InitGeorgettChurch.rpy"	"28"	"64"	"vscene ""images/georgett/church/cermonliza.jpg"" || vscene ""images/georgett/church/cermon.jpg"" || vscene ""images/georgett/church/bench/bench1.jpg"""	""	"menu: || menu: || menu:"	""
"story_georgett_church_service_doggy"	"game\NPC\Girls\Georgett\InitGeorgettChurch.rpy"	"92"	"48"	"vscene ""images/georgett/church/cermon.jpg"" || vscene ""images/georgett/church/doggy/doggy1.jpg"" || vscene ""images/georgett/church/doggy/doggy2.jpg"""	""	"menu: || menu: || menu:"	""
"story_georgett_church_service_with_liza"	"game\NPC\Girls\Georgett\InitGeorgettChurch.rpy"	"140"	"50"	"vscene ""images/georgett/church/cermonliza.jpg"" || vscene ""images/georgett/church/withLiza.jpg/withliza1.jpg"" || vscene ""images/georgett/church/withLiza.jpg/withliza2.jpg"""	""	"menu: || menu: || menu:"	""
"story_georgett_church_after_sermon"	"game\NPC\Girls\Georgett\IntGeorgettAfterCermon.rpy"	"1"	"15"	"vscene ""images/georgett/ispoved/ispoved1.jpg"""	"$ MainTxt = MainTxt + ""\n\nЗа кабинками для исповеди вы заметили неприметную дверь, ведущую внутрь храма. Из-за нее слышаться приглушенные голоса. Вы замечаете большую замочную скважину."" || $ CurLocDesc = MainTxt"	"menu:"	""
"story_georgett_church_after_sermon_look_1"	"game\NPC\Girls\Georgett\IntGeorgettAfterCermon.rpy"	"16"	"21"	"vscene ""images/georgett/ispoved/ispoved1.jpg"""	"$ MainTxt = ""Посмотрев в замочную скважину вы увидели Жоржетту и отца Герхарда."" || $ MainTxt = MainTxt + ""\n\n\""Дочь моя, скрыла ты от меня что совокуплялась в этом храме. Но служителю Ильматера все ведомо\"" - говорит отец Герхард, кладя руку на обнаженное колено Жоржетты.\n\""Ох, падре, постеснялась я признаться в таком непотребстве\"" - отвечает Жоржетта, слегка раздвигая ноги."" || $ MainTxt = MainTxt + ""\n\n\""Дочь моя, ты опять грешила. Расскажи мне все без утайки, не можешь же расскать - продемонстрируй\"" - говорит отец Герхард, кладя руку на обнаженное колено Жоржетты.\n\""Ох, падре, грешила я, сходилась со многими, даже в храме этом\"" - отвечает Жоржетта, слегка раздвигая ноги и приподнимая выше подол платья."""	"menu:"	""
"story_georgett_church_after_sermon_look_2"	"game\NPC\Girls\Georgett\IntGeorgettAfterCermon.rpy"	"37"	"25"	"vscene ""images/georgett/ispoved/ispovedstep2_1.jpg"" || vscene ""images/georgett/ispoved/ispovedstep2_2.jpg"""	"$ MainTxt = ""Вы продолжаете наблюдать за Жоржеттой и отцом Герхардом через замочную скважину."" || $ MainTxt = MainTxt + ""\n\n\""Не печалься, дочь моя, могу я отпустить тебе этот грех, как и грех лжи. Но сначала расскажи подробно, как ты согрешила. Вот член, подобный тому, с коим ты грешила. Если трогала его рукой, то покажи как.\"" - говорит отец Герхард, приподнимая сутану. Под ней обнаруживается уже поднявшийся член жреца.\n\""Да, падре, трогала я член, вот так\"" - говорит Жоржетта и начинает подрачивать член отца Герхарда своими ловкими пальчиками."" || $ MainTxt = MainTxt + ""\n\n\""Не печалься, дочь моя, а рассказывай подробно. Вот член, подобный тем, с коими ты грешила. Покажи, что ты с ним делала.\"" - говорит отец Герхард, приподнимая сутану. Под ней обнаруживается уже поднявшийся член жреца.\n\""Падре, трогала я член, вот так\"" - говорит Жоржетта и начинает подрачивать член отца Герхарда своими ловкими пальчиками.\n\""А еще я в рот их брала, вот так\"" - добавляет Жоржетта, становясь на колени и начиная делать минет отцу Герхарду своим искусным ротиком."""	"menu: || menu:"	""
"story_georgett_church_after_sermon_look_3"	"game\NPC\Girls\Georgett\IntGeorgettAfterCermon.rpy"	"62"	"23"	"vscene ""images/georgett/ispoved/ispovedstep3.jpg"""	"$ MainTxt = ""Вы продолжаете наблюдать за Жоржеттой и отцом Герхардом через замочную скважину."" || $ MainTxt = MainTxt + ""\n\n\""А что ты потом делала? Панталончики сняла наверное?\""\n\""Нет, падре, не ношу я панталончиков, вот, смотрите.\"" - говорит Жоржетта и задирает подол платья, демонстрируя жрецу свою киску."" || $ MainTxt = MainTxt + ""\n\n\""И ты наверное опять без панталончиков, негодница?\""\n\""Да, падре, вот, смотрите.\"" - говорит Жоржетта и задирает подол платья, демонстрируя жрецу свою киску."""	"menu:"	""
"story_georgett_church_after_sermon_look_4"	"game\NPC\Girls\Georgett\IntGeorgettAfterCermon.rpy"	"85"	"18"	"vscene ""images/georgett/ispoved/ispovedstep4.jpg"""	"$ MainTxt = ""Вы продолжаете наблюдать за Жоржеттой и отцом Герхардом через замочную скважину.\n\nЖоржетта скачет на члене отца Герхарда, а тот уже успел расстегнуть ее блузку и теперь мнет ее полные груди. Жоржетта впивается в отца Герхарда страстным поцелуем, не прекращая скачки.\n\nВскоре парочка достигает оргазма практически одновременно, Жоржетта издает протяжный стон, содрогаясь всем телом, а жрец заполняет ее своим семенем."" || $ MainTxt = MainTxt + ""\n\n\""А ты ведь и доченьку мою потрахиваешь\"" - говорит Жоржетта. \""И кто лучше: я или она?\""\n\""Обе вы прекрасны\"", не растерявшись, говорит жрец. \""Все важны Ильматеру, все ему любы. А значит и мне любы одинаково, как его слуге."" || $ MainTxt = MainTxt + ""\n\n\""Ловко вывернулся,\"" смеется Жоржетта. \""Доча-то моя шустрая глядишь такими темпами меня бабушкой скоро сделает, а мне ведь и тридцать еше не скоро стукнет."""	"menu:"	""
"IntGeorgettDressChange"	"game\NPC\Girls\Georgett\IntGeorgettDressChange.rpy"	"4"	"40"	""	""	"menu:"	""
"IntGeorgettSexSetup"	"game\NPC\Girls\Georgett\IntGeorgettSex.rpy"	"74"	"9"	""	""	""	""
"IntGeorgettSexRemoveBlouse"	"game\NPC\Girls\Georgett\IntGeorgettSex.rpy"	"83"	"10"	""	""	""	""
"IntGeorgettSexUnbuttonBlouse"	"game\NPC\Girls\Georgett\IntGeorgettSex.rpy"	"93"	"10"	""	""	""	""
"IntGeorgettSexRaiseSkirt"	"game\NPC\Girls\Georgett\IntGeorgettSex.rpy"	"103"	"7"	""	""	""	""
"GeorgettSexStatus"	"game\NPC\Girls\Georgett\IntGeorgettSex.rpy"	"110"	"32"	""	""	""	""
"IntGeorgettSex"	"game\NPC\Girls\Georgett\IntGeorgettSex.rpy"	"142"	"18"	"vscene scene_image"	""	""	""
"GeorgettSexMenu"	"game\NPC\Girls\Georgett\IntGeorgettSex.rpy"	"160"	"250"	"vscene scene_image"	"$ CurLocDesc = ""\n\n"".join([part for part in (str(MainTxt or """").strip(), _georgett_status_text) if part])"	"menu:"	""
"GeorgettSexFinish"	"game\NPC\Girls\Georgett\IntGeorgettSex.rpy"	"410"	"3"	""	""	""	""
"IntGeorgettTalk"	"game\NPC\Girls\Georgett\IntGeorgettTalk.rpy"	"27"	"244"	""	"$ MainTxt = ""-Привет красавчик! Не хочешь ли поразвлечься? Всего восемь мараведи!\n\nВы поговорили с ней и узнали, что ее зовут Жоржетта Брюно, она шлюха и промышляет здесь уже давно."" || $ CurLocDesc = MainTxt || $ MainTxt = ""Жоржетта вопросительно смотрит на вас, ожидая, о чем вы захотите поговорить."""	"menu:"	""
"ShowGeorgettPortrait"	"game\NPC\Girls\Georgett\ShowGeorgettPortrait.rpy"	"4"	"21"	"call ShowImage(""georgett"", ""portraits"", ""portrait"" + str(procedural_randint(1, 4, key=""procedural:NPC/Girls/Georgett/ShowGeorgettPortrait.rpy:procedural_randint:8:1""))) || call ShowImage(""georgett"", ""portraits"", ""strip01"") || call ShowImage(""georgett"", ""portraits"", ""strip10"")"	""	""	""
"InitInga"	"game\NPC\Girls\Inga\InitInga.rpy"	"4"	"146"	""	""	""	""
"register_inga_secondary"	"game\NPC\Girls\Inga\InitInga.rpy"	"150"	"16"	""	""	""	""
"IntIngaTalk"	"game\NPC\Girls\Inga\IntIngaTalk.rpy"	"4"	"21"	"vscene ""images/inga/StreetSex/minet1.jpg"""	""	"menu:"	""
"InitIrma"	"game\NPC\Girls\Irma\InitIrma.rpy"	"197"	"9"	""	""	""	""
"IntIrmaTalk"	"game\NPC\Girls\Irma\IntIrmaTalk.rpy"	"74"	"50"	"call ShowImage("""", """", irma_talk_picture_path()) || call ShowImage("""", """", irma_talk_picture_path()) || call ShowImage("""", """", irma_talk_picture_path())"	"$ MainTxt = ""Ирма отвлекается от работы и вопросительно смотрит на вас."" || $ CurLocDesc = MainTxt || $ MainTxt = ""Вы осведомились у Ирмы, скоро ли будет готов ваш заказ.\n\nОна подняла на вас удивленный взгляд и ответила, что, как она и говорила, закончит работу она к завтрашнему утру."""	"menu:"	""
"IrmaShortStories"	"game\NPC\Girls\Irma\IrmaShortStories.rpy"	"4"	"30"	""	""	""	""
"IrmaShopFlirtScene"	"game\NPC\Girls\Irma\IrmaTailorEvents.rpy"	"5"	"16"	""	"$ MainTxt = ""Ирма отрывается от работы, одаривает вас внимательным взглядом и поправляет сантиметровую ленту на шее. Разговор быстро уходит от ткани, выкроек и ниток к намекам, в которых портниха чувствует себя не менее уверенно, чем за рабочим столом."" || $ CurLocDesc = MainTxt"	"menu:"	""
"IrmaMeasureRoomMenu"	"game\NPC\Girls\Irma\IrmaTailorEvents.rpy"	"21"	"21"	""	"$ MainTxt = ""За ширмой стоит узкая скамья, большое зеркало и манекен с наколотыми булавками лентами. Ирма держит мерную ленту наготове и предлагает выбрать, насколько тщательно снимать мерки."" || $ CurLocDesc = MainTxt"	"menu:"	""
"IrmaMeasureRoomStage"	"game\NPC\Girls\Irma\IrmaTailorEvents.rpy"	"42"	"28"	""	"$ MainTxt = ""Ирма снимает обычные мерки быстро и профессионально: плечи, грудь, талия, длина рукавов. Ее пальцы едва касаются ткани, но ни одно движение не выглядит случайным."" || $ MainTxt = ""Ирма просит убрать лишнюю одежду, чтобы посадка была точнее. В примерочной становится тише; слышно только, как скользит сантиметровая лента и как портниха негромко отмечает размеры."" || $ MainTxt = ""Вы остаетесь в белье и стараетесь держаться спокойно, пока Ирма задумчиво сверяет мерки. Она смотрит то на ленту, то на зеркало, будто уже видит готовую вещь на теле."""	"menu:"	""
"IrmaMeasureEndScene"	"game\NPC\Girls\Irma\IrmaTailorEvents.rpy"	"70"	"16"	""	"$ MainTxt = ""Ирма собирает ленты и булавки, снова превращаясь в деловую хозяйку лавки. Но на прощание она задерживает улыбку чуть дольше, чем требуется для простой вежливости."" || $ CurLocDesc = MainTxt"	"menu:"	""
"IrmaSexSequence"	"game\NPC\Girls\Irma\IrmaTailorEvents.rpy"	"86"	"39"	""	"$ MainTxt = ""За ширмой Ирма уже не прячет интереса. Сцена начинается с осторожного, но явного приглашения продолжить примерку иначе."" || $ MainTxt = ""Ирма подходит ближе, все еще сохраняя вид портнихи, которая просто проверяет посадку ткани."" || $ MainTxt = ""Пауза тянется дольше обычного, и ее рабочая строгость постепенно сменяется откровенным любопытством."""	"menu:"	""
"IrmaClaraFittingScene"	"game\NPC\Girls\Irma\IrmaTailorEvents.rpy"	"125"	"24"	""	"$ MainTxt = ""Клариссы сейчас нет в лавке, так что примерочная занята только тканями, манекенами и Ирмиными выкройками."" || $ MainTxt = ""Кларисса стоит у зеркала, пока Ирма прикладывает к ней тонкую ткань будущего белья и оценивает посадку."" || $ MainTxt = ""Ирма поправляет ленты и мерки, а Кларисса вполголоса спорит о том, насколько смело должна выглядеть новая вещь."""	"menu:"	""
"InitLiza"	"game\NPC\Girls\Liza\InitLiza.rpy"	"4"	"327"	""	""	""	""
"IntLizaDressChange"	"game\NPC\Girls\Liza\IntLizaDressChange.rpy"	"4"	"122"	""	""	"menu:"	""
"IntLizaSex"	"game\NPC\Girls\Liza\IntLizaSex.rpy"	"4"	"241"	"call ShowImage(GirlNameILSS, _sex_ctx, ""grope"") || call ShowImage(GirlNameILSS, _sex_ctx, ""gropetits"") || call ShowImage(GirlNameILSS, _sex_ctx, ""gropepussy"")"	""	"menu:"	""
"IntLizaTalk"	"game\NPC\Girls\Liza\IntLizaTalk.rpy"	"24"	"54"	""	"$ MainTxt = ""Лизетта смотрит на вас с живым любопытством, явно ожидая, о чем вы заговорите."" || $ CurLocDesc = MainTxt"	"menu:"	""
"IntLizaTalkSmalltalk"	"game\NPC\Girls\Liza\IntLizaTalk.rpy"	"78"	"33"	""	"$ MainTxt = ""Вы некоторое время болтаете с Лизеттой о разных вещах."" || MainTxt = str(MainTxt or """") + ""\n\nВы чуть лучше узнали Лизетту."" || MainTxt = str(MainTxt or """") + ""\n\nИз уклончивых ответов девушки вы поняли, что она вам еще мало доверяет. Может, если бы вы узнали ее получше или доставили ей приятное, она бы с вами поделилась еще чем-то."""	""	""
"IntLizaTalkAskClients"	"game\NPC\Girls\Liza\IntLizaTalk.rpy"	"111"	"16"	""	"$ MainTxt = ""«За вечер меня хотят обычно три-четыре дяденьки. С некоторыми очень хорошо бывает, пока он закончит успеваешь сама спустить, а порой и несколько раз. А некоторые дяденьки так быстро заканчивают, что только начинаешь входить в охотку, а он уже все», - говорит Лизетта, автоматически поглаживая промежность сквозь юбку."" || $ MainTxt = str(MainTxt or """") + ""\n\n«Только вот как не прошу я их чтобы внутрь не спускали, а они почти все либо делают вид что не слышат, либо отвечают, что платят деньги и спускают куда хотят. И в моей бедной киске теперь постоянно сперма хлюпает. А я не хочу залететь!» - добавляет Лизетта."" || $ MainTxt = str(MainTxt or """") + ""\n\n«Только вот как не просила я дяденек не спускать в меня, никто меня не слушал и теперь я залетела», - грустно добавляет Лизетта, проводя рукой по своему округлившемуся животику."""	""	""
"IntLizaTalkAskSex"	"game\NPC\Girls\Liza\IntLizaTalk.rpy"	"127"	"12"	""	"$ MainTxt = ""«Ох, нравится мне трахаться! Маменька рассказывала как это хорошо, да и сама я за маменькой подсматривала, и за бабушкой, и за тетями моими и за дядями. Так что как мальчишки соседские начали мне под юбку лезть, то я сразу ножки и раздвинула. И не пожалела. А сейчас, как с мамочкой работать вместе начала, сладко мне каждый день бывает!» - говорит Лизетта."" || $ MainTxt = str(MainTxt or """") + ""\n\nВас немного возбудил рассказ Лизетты."" || $ CurLocDesc = MainTxt"	""	""
"IntLizaTalkAskPregnancy"	"game\NPC\Girls\Liza\IntLizaTalk.rpy"	"139"	"20"	""	"MainTxt = ""«Эх, как я не прошу дяденек чтобы в серединку мне не спускали, а они все равно! Все время во мне семя чье-то! Ребеночка мне уже заделали, скоро такими темпами еще будет!» - говорит Лизетта."" || MainTxt = ""«Эх, как я не прошу дяденек чтобы в серединку мне не спускали, а они все равно! Все время во мне семя чье-то! Мамочка говорит что я ее скоро бабушкой сделаю, а я не хочу, я еще слишком молодая!» - говорит Лизетта."" || MainTxt = ""«Эх, баловалась я, баловалась вот и добаловалась - залетела. Столько меня имели, что теперь и предположить от кого - сложно.» - говорит Лизетта, проводя рукой по своему округлившемуся животику."""	""	""
"IntLizaTalkTellGeorgettGerhard"	"game\NPC\Girls\Liza\IntLizaTalk.rpy"	"159"	"12"	""	"$ MainTxt = ""Вы рассказываете Лизетте что вы видели как отец Герхард трахал ее мамочку после воскресной службы.\n\n«Ух мама, и ты тоже с падре перепихнулась! Но я-то помоложе буду, я докажу отцу Герхарду что я лучшая любовница и больше достойна благословления Ильматера!» - отвечает Лизетта."" || $ MainTxt = str(MainTxt or """") + ""\n\nВас немного возбудил рассказ Лизетты."" || $ CurLocDesc = MainTxt"	""	""
"IntLizaTalkAskWork"	"game\NPC\Girls\Liza\IntLizaTalk.rpy"	"171"	"17"	""	"$ MainTxt = ""Вы спрашиваете Лизетту как ей работается у вас в трактире."" || $ MainTxt = str(MainTxt or """") + ""\n\n«Ой, - отвечает она, - здесь так здорово! Мне все нравится. А теперь еще и этот, холгло.., тьфу, в смысле глорихол есть! Все круто, куда круче чем на улице!»"" || $ MainTxt = str(MainTxt or """") + ""\n\n«Ой, - отвечает она, - здесь так здорово! Мне все нравится!»"""	""	""
"IntLizaTalkAskHolglor"	"game\NPC\Girls\Liza\IntLizaTalk.rpy"	"188"	"11"	""	"$ MainTxt = ""Вы просите Лизетту рассказать вам больше.\n\n«Мама говорила что это такая ширмочка с дыркой, в которую дяденьки суют свои штуки, - рассказывает вам девчонка. - А мама с другой стороны их отсасывает. Ну или, если в охотку, писечкой насаживается. И никто никого не видит!»"" || $ CurLocDesc = MainTxt"	""	""
"IntLizaTalkHire"	"game\NPC\Girls\Liza\IntLizaTalk.rpy"	"199"	"13"	""	""	""	""
"IntLizaTalkGrope"	"game\NPC\Girls\Liza\IntLizaTalk.rpy"	"212"	"24"	""	"MainTxt = ""Вы начали гладить маленькие сисечки %s через тонкую ткань ее блузки."" % _liza_name2 || MainTxt = ""«Эй, дяденка, не так быстро!» останавливает вас %s. «Мамочка говорит, что ты сначала заплатить должен, а потом уже лапать!»"" % _liza_name || CurLocDesc = MainTxt"	""	""
"IntLizaTalkAskDad"	"game\NPC\Girls\Liza\IntLizaTalk.rpy"	"236"	"10"	""	"$ MainTxt = str(DaddyAskBuildPhrase(GirlNameILT) or """") || $ CurLocDesc = MainTxt"	""	""
"IntLizaTalkDress"	"game\NPC\Girls\Liza\IntLizaTalk.rpy"	"246"	"6"	""	""	""	""
"story_liza_church_after_sermon"	"game\NPC\Girls\Liza\IntLizettAfterCermon.rpy"	"4"	"15"	"vscene ""images/liza/ispoved/ispoved1.jpg"""	"$ MainTxt = MainTxt + ""\n\nЗа кабинками для исповеди вы заметили неприметную дверь, ведущую внутрь храма. Из-за нее слышаться приглушенные голоса. Вы замечаете большую замочную скважину."" || $ CurLocDesc = MainTxt"	"menu:"	""
"story_liza_church_after_sermon_look_1"	"game\NPC\Girls\Liza\IntLizettAfterCermon.rpy"	"19"	"27"	"vscene ""images/liza/ispoved/ispoved1.jpg"""	"$ MainTxt = ""Посмотрев в замочную скважину вы увидели Лизетту и отца Герхарда."" || $ MainTxt = MainTxt + ""\n\n\""Дочь моя, скрыла ты от меня что видела ты как мать твоя совокуплялась с господином Стефаном в этом храме. Но служителю Ильматера все ведомо\"" - говорит отец Герхард, кладя руку на обнаженное колено Лизетты.\n\""Навярняка ты и еще в каких-то плотских грехах ты не покаялась. Рассказывай сейчас все, без утайки\"" - добавляет жрец.\n\""Ох, падре, постеснялась я признаться, но да, было это. И с мальчиками соседскими я баловалась, сначала в рот брала, а недавно они меня уломали и девства своего я лишилась\"" - отвечает Лизетта, ее смуглое личико становится еще смуглее от прилившей к нему крови."" || $ MainTxt = MainTxt + ""\n\n\""Дочь моя, наверняка ты опять грешила со времени нашей прошлой встречи. Расскажи же мне все без утайки, ничего не скрывая\"" - говорит отец Герхард, кладя руку на обнаженное колено Лизетты."""	"menu:"	""
"story_liza_church_after_sermon_look_2"	"game\NPC\Girls\Liza\IntLizettAfterCermon.rpy"	"46"	"25"	"vscene ""images/liza/ispoved/ispovedstep2_1.jpg"" || vscene ""images/liza/ispoved/ispovedstep2_2.jpg"""	"$ MainTxt = ""Вы продолжаете наблюдать за Лизеттой и отцом Герхардом через замочную скважину."" || $ MainTxt = MainTxt + ""\n\n\""Не печалься, дочь моя, могу я отпустить тебе этот грех, как и грех лжи. Но сначала расскажи подробно, как было дело. Вот член, у мальчишек твоих был такой же?\"" - говорит отец Герхард, приподнимая сутану. Под ней обнаруживается уже поднявшийся член жреца.\n-\""Да, падре.\""\n-\""Ты их трогала?\""\n-\""Да, падре.\""\n-\""Показывай как.\"" И маленькая мулатка неуверенно начинает играть с членом жреца.\n-\""А сосала?\""\n-\""Да\"" совсем слабым голосом отвечает девочка, красная от стыда.\n-\""Показывай как, я все должен знать!\"" Мулатка в сомнении оглядывается, но наклоняется над жрецом и сначала неуверенно, а потом все больше распаляясь начинает сосать член отца Герхарда."" || $ MainTxt = MainTxt + ""\n\n\""Не печалься, дочь моя, а рассказывай подробно. Вот член, подобный тем, с коими ты грешила. Покажи, что ты с ним делала.\"" - говорит отец Герхард, приподнимая сутану. Под ней обнаруживается уже поднявшийся член жреца.\n\""Падре, все я делала, и трогала и даже сосала\"" - говорит Лизетта - \""матушка меня всему научила\"".\n-\""Показывай как, я все должен знать!\"" - заявляет развратный жрец. Девчушка привычно наклоняется над жрецом и, все больше и больше распаляясь, начинает сосать член отца Герхарда."""	"menu: || menu:"	""
"story_liza_church_after_sermon_look_3"	"game\NPC\Girls\Liza\IntLizettAfterCermon.rpy"	"71"	"29"	"vscene ""images/liza/ispoved/ispovedstep3_1.jpg"" || vscene ""images/liza/ispoved/ispovedstep3_2.jpg"""	"$ MainTxt = ""Вы продолжаете наблюдать за Лизеттой и отцом Герхардом через замочную скважину."" || $ MainTxt = MainTxt + ""\n\n-\""А что мальчишки с тобой потом делали? Панталончики стягивали?\""\n\""Да, падре,\"" - отвечает Лизетта, оторвавшись от члена.\n-\""А ты им возражала?\""\n\""Нет, падре, ведь они такие милые а потом так приятно. Первый раз не мешала, а потом даже помогала.\"" - смущенно говорит мулаточка.\n\""Вот так стягивали?\"" - спрашивает жрец, засунув обе руки под подол платья одним движением стащив с девушки панталончики до самых щиколоток.\n\""Так, падре,\"" - ответила проказница окончательно скидывая панталончики."" || $ MainTxt = MainTxt + ""\n\n-\""А что потом они с тобой делали? Панталончики стягивали?\""\n\""Нет, падре,\"" - отвечает Лизетта, оторвавшись от члена.\n\""А что же?\"" - удивляется жрец.\n\""Сама я их скидывала, когда они у меня мокренькими становились. Вот как сейчас\"" - смущенно говорит мулаточка, потянувшись ручками под юбку. Затем она одним движением достает из под юбки мокренькие панталончики, к одобрению жреца."""	"menu: || menu:"	""
"story_liza_church_after_sermon_look_4"	"game\NPC\Girls\Liza\IntLizettAfterCermon.rpy"	"100"	"18"	"vscene ""images/liza/ispoved/ispovedstep4_1.jpg"""	"$ MainTxt = ""Вы продолжаете наблюдать за Лизеттой и отцом Герхардом через замочную скважину.\n\nОтец Герхард сношает девушку мошными толчками, одновременно покрывая ее тело поцелуями. Блузка девушки оказывается расстегнутой, вы даже не заметили как это произошло, и жрец начинает ласкать маленькие грудки мулатки. Для нее это оказывается последней каплей, девушка вдруг начинает мелко дрожать и кончает, издавая тонкий писк. Ее любовник тоже, кажется, уже на грани."" || $ MainTxt = MainTxt + ""\n\nЛизетта это замечает и шепчет: \""Ой, только не в меня. Пожалуйста, не в меня. Я не хочу залететь!\"" Отец Герхард же, игнорируя просьбу, изливается прямо в беззащитную киску девочки.\n\""Ох, и вы тоже. Сколько не прошу всех чтоб вытаскивали, все равно в меня кончают\"" - обреченно замечает на это девушка."" || $ MainTxt = MainTxt + ""\n\nЛизетта это замечает и шепчет: \""Кончайте, падре, я уже кончила!\"" - скрестив ноги за спиной жреца и крепко прижав его к себе. Отец Герхард выполняет просьбу и изливается в девочку.\n\""Ух, хорошо-то как было!\"" - со вздохом удовлетворения отмечает девушка."""	"menu:"	""
"story_liza_portstreet_clients"	"game\NPC\Girls\Liza\LizaEvents.rpy"	"5"	"3"	""	""	""	""
"ShowLizaPortrait"	"game\NPC\Girls\Liza\ShowLizaPortrait.rpy"	"4"	"18"	"call ShowImage(GirlName, ""portraits"", ""nakedtits"" + str(procedural_randint(1, 2, key=""procedural:NPC/Girls/Liza/ShowLizaPortrait.rpy:procedural_randint:9:1""))) || call ShowImage(GirlName, ""portraits"", ""cumall"") || call ShowImage(GirlName, ""portraits"", ""cumtits"")"	""	""	""
"InitMelissa"	"game\NPC\Girls\Melissa\InitMelissa.rpy"	"4"	"465"	""	""	""	""
"IntMelissaDressChange"	"game\NPC\Girls\Melissa\IntMelissaDressChange.rpy"	"4"	"12"	""	"$ MainTxt = ""\""Мелисса, у тебя наверное мало нарядов? Давай я тебе еще один куплю?\"" - спросили вы.\n\""Да, мало, а ты откуда знаешь?\"" удивилась та вашей осведомленности. \""Впрочем, девушке всегда мало. Раз ты предложил, то давай завтра с утра к Ирме пойдем? Ну и да, спасибо, Стефан.\""\n\""Да, давай, чего откладывать? Значит завтра с утра пораньше в мастерской Ирмы Фараго. Буду ждать.\"""" || $ CurLocDesc = MainTxt"	"menu:"	""
"IntMelissaSex"	"game\NPC\Girls\Melissa\IntMelissaSex.rpy"	"167"	"218"	"call ShowImage("""", """", _ims_melissa_picture)"	"$ MainTxt = ""Для такого между вами уже нужно место без чужих взглядов. Здесь слишком открыто."" || $ CurLocDesc = MainTxt || $ MainTxt = _ims_scene_summary(GirlNameIMS)"	"menu: || menu:"	""
"IntMelissaTalk"	"game\NPC\Girls\Melissa\IntMelissaTalk.rpy"	"187"	"78"	""	"$ MainTxt = ""Мелисса вопросительно смотрит на вас, ожидая продолжения разговора."" || $ CurLocDesc = MainTxt || $ MainTxt = ""Вы подошли к Мелиссе и извинились за то, что были к ней несколько невнимательны и грубы последнее время. В свое оправдание вы заметили, что уберечь трактир от разорения очень сложно и всем вам нужно дружно работать вместе, чтобы преуспеть."""	"menu:"	"""Спросить Мелиссу о найденных рисунках"" if story_event_available(""talk_melissa"", ""clara_paintings""): || call checkTriggers(""talk_melissa"", ""clara_paintings"", 0) || ""[_melissa_bat_caption]"" if story_event_available(str(CurLoc or """"), ""melissa_talk""):"
"IntMelissaStartMenu"	"game\NPC\Girls\Melissa\IntMelissaTalk.rpy"	"265"	"62"	""	"$ MainTxt = melissa_start_intro_text(girl_name) || $ CurLocDesc = MainTxt || $ MainTxt = ""Ваши руки скользят уже смелее, под ткань и вдоль теплой кожи. Мелисса вздрагивает, судорожно выдыхает вам в плечо и все же не останавливает, только шепотом просит не заходить дальше, чем она сейчас готова выдержать."""	"menu:"	""
"IntMelissaFindPrivatePlace"	"game\NPC\Girls\Melissa\IntMelissaTalk.rpy"	"327"	"15"	""	"$ MainTxt = ""Здесь слишком открыто, а Мелисса сейчас не готова сама искать место, где вас не увидят."" || $ CurLocDesc = MainTxt || $ MainTxt = str(_melissa_private_offer.get(""text"", """") or ""Мелисса сама находит место в стороне, где вы можете остаться без чужих взглядов."")"	""	""
"IntMelissaRoomProblemAdviceMenu"	"game\NPC\Girls\Melissa\IntMelissaTalk.rpy"	"342"	"38"	""	"$ MainTxt = ""После осмотра комнаты все выглядит куда хуже, чем Мелиссе хотелось бы признавать вслух. Под самым потолком видны щели, доски местами подгнили, а из-за перекосившейся обшивки тянет сыростью прямо сверху.\n\n\""Вот видишь? Я же не выдумывала,\"" тихо говорит Мелисса. Теперь вопрос уже не в том, есть ли там дрянь под крышей, а в том, где ей ночевать, пока вы не доберетесь до чердака и не разберетесь с этим как следует."" || $ CurLocDesc = MainTxt || $ MainTxt = ""На предложение перебраться пока к вам Мелисса сперва вспыхивает до самых ушей, но отказываться не спешит. \""Это... может и лучше, чем слушать эту дрянь под крышей. Только временно, пока ты не разберешься с комнатой. И без глупостей,\"" добавляет она уже тише.\n\nВы подтверждаете, что сначала проверите ее комнату, потом чердак, и не оставите это на словах."""	"menu:"	""
"story_melissa_storage_rat_0"	"game\NPC\Girls\Melissa\MelissaEvents.rpy"	"6"	"29"	"vscene Melissa.image_path(""tavern"", ""rat"")"	"$ MainTxt = ""В кладовой вас встречает раздраженная Мелисса: у мешков с крупой шуршит крупная крыса, а девушка уже стоит наготове с метлой в руках. \""Опять эта тварь сюда лазит,\"" шепчет она. \""Если ее сейчас не прогнать, потом весь угол придется перебирать заново.\"""" || $ CurLocDesc = MainTxt || $ MainTxt = ""Вы быстро расправляетесь с крысой, и Мелисса заметно расслабляется. \""Вот теперь другое дело,\"" тихо говорит она, уже без прежнего раздражения. На всякий случай вы решаете не выбрасывать тушку сразу: такая приманка еще может сгодиться, если в лесу и правда водится тот необычный кошачий охотник, о котором судачат по трактирам."""	"menu:"	""
"story_melissa_werecat_intro_0"	"game\NPC\Girls\Melissa\MelissaEvents.rpy"	"35"	"9"	""	""	""	""
"story_melissa_werecat_rumor_0"	"game\NPC\Girls\Melissa\MelissaEvents.rpy"	"44"	"14"	"vscene werecat_info_picture_path()"	""	""	""
"story_melissa_werecat_home_0"	"game\NPC\Girls\Melissa\MelissaEvents.rpy"	"58"	"9"	""	""	""	""
"story_melissa_werecat_home_1"	"game\NPC\Girls\Melissa\MelissaEvents.rpy"	"67"	"9"	""	""	""	""
"story_melissa_bat_problem_0"	"game\NPC\Girls\Melissa\MelissaEvents.rpy"	"76"	"39"	"vscene tavern_kitchen_breakfast_picture() || vscene Melissa.image_path(""bats"", ""yawns"") || vscene Melissa.image_path(""kitchen"", ""work"")"	"$ MainTxt = ""Разговор за столом быстро становится серьезнее. У вас в голове остается одна ясная мысль: с комнатой Мелиссы придется разбираться всерьез."" || $ CurLocDesc = MainTxt"	""	""
"story_melissa_bat_problem_1"	"game\NPC\Girls\Melissa\MelissaEvents.rpy"	"115"	"32"	"vscene tavern_melissa_room_picture()"	"$ MainTxt = ""Проходя по коридору наверху, вы слышите из комнаты Мелиссы тревожный шум: скрип кровати, злой шепот и какое-то нервное шевеление под самым потолком. Заглянув внутрь, вы видите, что Мелисса не спит и сидит на кровати, зло глядя вверх.\n\n\""О, хорошо, что ты здесь,\"" шепчет она почти сразу. \""Опять эта дрянь над головой возится. То шорох, то писк, то будто кто-то бегает по балкам. Я уже не знаю, что хуже: сам шум или то, что после такой ночи утром стоишь как пьяная. Если можешь, помоги мне с этим по-человечески.\"""" || $ CurLocDesc = MainTxt || $ MainTxt = ""Вы обещаете, что не ограничитесь одними словами. Сначала вы прямо сейчас осматриваете потолок и щели в комнате, а утром подниметесь на чердак над ней.\n\nПод самым верхом действительно видны мелкие дыры в дереве, а оттуда тянет затхлым чердаком. Теперь все ясно: надо лезть наверх и смотреть, что там развелось."""	"menu:"	""
"story_melissa_bat_problem_2"	"game\NPC\Girls\Melissa\MelissaEvents.rpy"	"147"	"14"	"vscene ""images/player_room/player_room_attic_1.png"""	"$ MainTxt = ""Вы медленно обходите чердак вдоль стропил и почти сразу замечаете над той частью дома, где спит Мелисса, старые щели между досками и темные ходы в подгнившей обшивке.\n\nЕще через пару шагов находится и главная причина ночного шума. Под самой кровлей набилось сухое гнездовое тряпье, комки мха, помет и целая дрянная колония, давно обжившая балки и пустоты под крышей. Одним веником тут не обойтись: сначала эту пакость придется выкурить дымом, а потом уже по-настоящему заделывать щели."" || $ CurLocDesc = MainTxt"	""	""
"story_melissa_bat_problem_3"	"game\NPC\Girls\Melissa\MelissaEvents.rpy"	"161"	"44"	"vscene ""images/player_room/player_room_attic.png"" || vscene ""images/player_room/batsProblem/fell_from_attic.png"" || vscene ""images/player_room/batsProblem/melissa in room.png"""	"$ MainTxt = ""Раздвинув старое тряпье и осторожно пригнувшись, вы находите маленькое слуховое окно над стороной дома, где расположена комната Аманды. Сквозь мутное стекло и щели в раме открывается слишком уж ясный вид на соседний двор.\n\n"" + attic_neighbor_sex_scene_text() + "" Вы невольно задерживаетесь у окна дольше, чем следовало бы."" || $ CurLocDesc = MainTxt || $ MainTxt = ""Вы провалились с чердака в свою комнату как раз в тот момент, когда Мелисса пришла сюда с вещами. Объясняться сейчас бесполезно: история вышла слишком громкой и слишком стыдной."""	"menu:"	""
"story_melissa_bat_problem_5"	"game\NPC\Girls\Melissa\MelissaEvents.rpy"	"205"	"25"	"vscene Melissa.image_path(""bedroom_search"", ""booklet"")"	"$ MainTxt = ""Пока Мелисса вынужденно ночует у Аманды, ее собственная комната остается непривычно тихой. Вы осматриваете ее внимательнее обычного: ларь, табурет, складки одеяла, щель между стеной и кроватью. Однако за сорок пять минут поисков ничего важного в глаза так и не бросается."" || $ CurLocDesc = MainTxt || $ MainTxt = ""Под кроватью Мелиссы вы нашли {a=melissa_room_object:melissa_drawings_booklet_001}{color=#245b2b}потертый рисованный буклет{/color}{/a}. Теперь его можно рассмотреть как найденный предмет."""	""	""
"MelissaBookletOpenPreview"	"game\NPC\Girls\Melissa\MelissaEvents.rpy"	"230"	"11"	"vscene Melissa.image_path(""bedroom_search"", ""lewd_pages"")"	"$ MainTxt = ""Вы раскрываете буклет на первых страницах. Манера уверенная, линии смелые, а сюжеты вовсе не девичьи."" || $ CurLocDesc = MainTxt"	""	""
"ReadMelissaBooklet"	"game\NPC\Girls\Melissa\MelissaEvents.rpy"	"241"	"16"	"vscene Melissa.image_path(""bedroom_search"", ""booklet"") || vscene Melissa.image_path(""bedroom_search"", ""lewd_pages"") || vscene Melissa.cycle_image(""bedroom_search"", ""lewd_pages"", 1)"	""	""	""
"MelissaBookletTake"	"game\NPC\Girls\Melissa\MelissaEvents.rpy"	"257"	"12"	""	""	""	""
"MelissaBookletLeaveThere"	"game\NPC\Girls\Melissa\MelissaEvents.rpy"	"269"	"11"	"vscene Melissa.image_path(""bedroom_search"", ""booklet"")"	"$ MainTxt = ""Вы аккуратно возвращаете буклет туда, где нашли. Теперь вы знаете, что искать и где смотреть, не выдавая того, что уже обнаружили тайник."" || $ CurLocDesc = MainTxt"	""	""
"MelissaBookletContinueSearch"	"game\NPC\Girls\Melissa\MelissaEvents.rpy"	"280"	"10"	""	"$ MainTxt = ""Вы оставляете буклет пока лежать под кроватью и продолжаете осматривать комнату."" || $ CurLocDesc = MainTxt"	""	""
"story_melissa_bat_problem_4"	"game\NPC\Girls\Melissa\MelissaEvents.rpy"	"290"	"39"	"vscene ""images/player_room/player_room_attic_1.png"""	"$ MainTxt = ""Вы раскладываете дымную смесь между балок, даете ей как следует разгореться и быстро отступаете. Чердак наполняется густым едким дымом из мха, лаванды и трав. Из-под крыши с писком и хлопаньем вырываются летучие мыши.\n\nГнездовище вы наконец выкурили, но на одном дыме дело не закончится: пока крышу не заделают как следует, щели останутся и вся пакость со временем полезет обратно."" || $ MainTxt = ""Теперь уже ясно, что под крышей свилось настоящее гнездовище. Просто так его не вымести: сначала нужна едкая дымная смесь, чтобы выгнать всю эту дрянь из-под кровли."" || $ MainTxt = ""Вы договариваетесь о починке старой крыши и отдаете за работу тысячу монет. Теперь остается только дождаться, пока мастера перетянут гнилые доски, забьют щели и приведут верх трактира в порядок. Обещают управиться за пару дней."""	""	""
"story_melissa_bat_problem_6"	"game\NPC\Girls\Melissa\MelissaEvents.rpy"	"329"	"14"	"vscene Melissa.image_path(""portrait"", ""thanks"")"	"$ MainTxt = ""Вы говорите Мелиссе, что на этот раз все действительно закончено: чердачное гнездовище выжжено, щели под крышей забиты, а над ее комнатой теперь наконец тихо. Она сперва смотрит на вас с привычной настороженностью, будто все еще ждет подвоха, но потом сама коротко выдыхает и впервые за все это время заметно расслабляется.\n\n\""Значит, можно снова спать у себя и не ждать, что ночью над головой начнут бегать, пищать и сыпать трухой...\"" Она качает головой, будто сама до конца не верит в удачу, а потом уже тише добавляет: \""Спасибо. Не за слова — за то, что ты и правда довел дело до конца.\""\n\nПохоже, история с летучими мышами и чердаком для Мелиссы наконец действительно закрыта."" || $ CurLocDesc = MainTxt"	""	""
"InitSandra"	"game\NPC\Girls\Sandra\InitSandra.rpy"	"52"	"417"	""	""	""	""
"IntSandraOfferBuyDress"	"game\NPC\Girls\Sandra\IntSandraDressChange.rpy"	"16"	"25"	""	"$ MainTxt = ""Сандра сейчас не готова обсуждать покупку нового наряда."" || $ CurLocDesc = MainTxt || $ MainTxt = ""\""Сандра, дорогая, я хочу тебе что-нибудь подарить! Ты у меня такая замечательная! Давай я тебе какой-нибудь наряд подарю! Хочешь?\"" - порадовали вы Сандру.\n\n\""Какой ты у меня хороший, Стефан! Не могу на тебя нарадоваться!\"" засмеялась Сандра. \""Конечно хочу!\""\n\n\""Ну давай тогда завтра, с утра пораньше, встретимся у Ирмы Фараго, я буду тебя там ждать, вместе и выберем!\"" заверили вы ее."""	"menu: || menu:"	""
"IntSandraTalk"	"game\NPC\Girls\Sandra\IntSandraTalk.rpy"	"4"	"43"	""	"$ MainTxt = ""Сандра отвечает коротко и по делу. Сейчас между вами еще нет того доверия, которое позволило бы говорить с ней не только о работе."" || $ CurLocDesc = MainTxt || $ MainTxt = ""Сандра внимательно смотрит на вас, ожидая, что вы скажете."""	"menu: || menu:"	""
"IntSandraReconcile"	"game\NPC\Girls\Sandra\IntSandraTalk.rpy"	"47"	"12"	""	"$ MainTxt = ""Вы подошли к Сандре и извинились за то, что были к ней несколько невнимательны и грубы последнее время. В свое оправдание вы заметили, что уберечь трактир от разорения очень сложно и всем вам нужно дружно работать вместе, чтобы преуспеть."" || $ CurLocDesc = MainTxt"	""	""
"IntSandraHouseholdInsight"	"game\NPC\Girls\Sandra\IntSandraTalk.rpy"	"59"	"15"	""	"$ MainTxt = ""Сейчас Сандра не готова говорить о хозяйстве подробнее."" || $ CurLocDesc = MainTxt || $ MainTxt = str(_special_entry.get(""text"", """") or """")"	""	""
"IntSandraHouseholdPriorities"	"game\NPC\Girls\Sandra\IntSandraTalk.rpy"	"74"	"7"	""	"$ MainTxt = ""Вы прямо спрашиваете Сандру, что для нее сейчас важнее всего в доме. Сандра не сразу отвечает, потом складывает руки на груди и говорит уже без обычного раздражения.\n\n\""Чтобы в трактире был порядок, утром люди не шарахались голодными по углам, а работа шла без лишней дури. Если домочадцы сыты, умыты и знают свое дело, дальше уже и с гостями проще. А еще мне важно, чтобы ты не забывал: хозяйство держится не на одних приказах, а на том, что люди видят в тебе хозяина, который умеет думать наперед.\"""" || $ CurLocDesc = MainTxt"	""	""
"SandraWeeklyEvaluationScene"	"game\NPC\Girls\Sandra\SandraEvents.rpy"	"48"	"18"	"call ShowImage("""", """", _sandra_picture)"	""	""	""
"sandraWeeklyEvaluation_0"	"game\NPC\Girls\Sandra\SandraEvents.rpy"	"66"	"8"	""	""	""	""
"sandraWeeklyEvaluation_1"	"game\NPC\Girls\Sandra\SandraEvents.rpy"	"74"	"8"	""	""	""	""
"sandraWeeklyEvaluation_2"	"game\NPC\Girls\Sandra\SandraEvents.rpy"	"82"	"8"	""	""	""	""
"sandraWeeklyEvaluation_3"	"game\NPC\Girls\Sandra\SandraEvents.rpy"	"90"	"8"	""	""	""	""
"TavernSandraNightThanksScene"	"game\NPC\Girls\Sandra\SandraEvents.rpy"	"98"	"26"	"vscene scene_image"	"$ MainTxt = ""Сандра встречает вас без обычной деловитой брони. Она закрывает дверь, коротко напоминает, что хорошая неделя в трактире заслуживает не только сухой похвалы, и сама делает шаг ближе.\n\nРазговор быстро становится тише и личнее. Сандра не торопится, но и не отступает: этой ночью она действительно благодарит вас как женщина, а не как строгая хозяйка кухни.\n\nКогда все заканчивается, она поправляет платье, смотрит на вас уже спокойнее и предупреждает, что завтра утром снова будет требовать порядка как ни в чем не бывало. Но теперь между вами остается куда более ясное понимание."" || $ CurLocDesc = MainTxt"	""	""
"SandraSexEngine"	"game\NPC\Girls\Sandra\SandraEvents.rpy"	"124"	"22"	""	"$ MainTxt = ""Сандра пока не готова к такой близости."" || $ CurLocDesc = MainTxt || $ MainTxt = ""Сандра не тратит вечер на лишние слова. Она закрывает дверь, поправляет волосы и смотрит на вас так, будто решение уже давно принято. После близости она снова собирает себя в привычную строгую хозяйку, но в голосе остается теплота, которую теперь уже невозможно спутать с обычной деловитостью."""	""	""
"ShowDogCard"	"game\NPC\Secondary\DogCompanion.rpy"	"596"	"5"	""	""	""	""
"IntDogTalk"	"game\NPC\Secondary\DogCompanion.rpy"	"601"	"100"	""	"$ MainTxt = dog_talk_intro_text(_dog_room) || $ CurLocDesc = MainTxt || $ MainTxt = ""Вы осторожно зовете пса. Он сперва пятится, потом все же подходит ближе, смотрит вам прямо в глаза и нервно играет хвостом. Теперь можно попробовать его погладить, поиграть с ним или дать кость."""	"menu:"	""
"IntDogHouseholdWalk"	"game\NPC\Secondary\DogCompanion.rpy"	"701"	"16"	""	"$ MainTxt = ""%s с удовольствием забирает пса на прогулку. Судя по шерсти в репьях и сырой земле на лапах, они успели добраться до лесной опушки и там вдоволь набегаться. Пес становится еще послушнее, а %s явно рада, что вы доверили ей такое дело."" % (_dog_name, _dog_name) || $ MainTxt = ""%s охотно берет пса и идет с ним гулять вокруг трактира и двора. Оба возвращаются заметно довольнее, а пес после такой прогулки смотрит на вас и на %s с еще большим доверием."" % (_dog_name, _dog_name) || $ CurLocDesc = MainTxt"	""	""
"IntDogAdoptNameMenu"	"game\NPC\Secondary\DogCompanion.rpy"	"717"	"28"	""	"$ MainTxt = ""Пес уже готов идти с вами. Осталось надеть ошейник и выбрать кличку."" || $ CurLocDesc = MainTxt || $ MainTxt = ""Вы надеваете на пса ошейник. Он не вырывается, только тяжело сопит и смотрит на вас снизу вверх. Теперь это ваш пес. Вы решаете звать его [dog.pet_name]."""	"menu:"	""
"DogTrainingMenu"	"game\NPC\Secondary\DogCompanion.rpy"	"745"	"27"	""	""	"menu:"	""
"DogBackyardBuildBooth"	"game\NPC\Secondary\DogCompanion.rpy"	"772"	"29"	""	"$ MainTxt = ""Во дворе уже стоит собачья будка."" || $ CurLocDesc = MainTxt || $ MainTxt = ""У вас не хватает денег на собачью будку."""	""	""
"HorseTheftEvent"	"game\NPC\Secondary\DogCompanion.rpy"	"801"	"14"	""	""	""	""
"InitDog"	"game\NPC\Secondary\DogCompanion.rpy"	"815"	"9"	""	""	""	""
"register_alber_secondary"	"game\NPC\Secondary\InitAlber.rpy"	"90"	"10"	""	""	""	""
"_auto_register_alber"	"game\NPC\Secondary\InitAlber.rpy"	"100"	"3"	""	""	""	""
"InitDraupnir"	"game\NPC\Secondary\InitDraupnir.rpy"	"62"	"5"	""	""	""	""
"register_draupnir_secondary"	"game\NPC\Secondary\InitDraupnir.rpy"	"67"	"14"	""	""	""	""
"_auto_register_draupnir"	"game\NPC\Secondary\InitDraupnir.rpy"	"81"	"3"	""	""	""	""
"InitEddie"	"game\NPC\Secondary\InitEddie.rpy"	"59"	"5"	""	""	""	""
"register_eddie_secondary"	"game\NPC\Secondary\InitEddie.rpy"	"64"	"11"	""	""	""	""
"_auto_register_eddie"	"game\NPC\Secondary\InitEddie.rpy"	"75"	"3"	""	""	""	""
"InitEddieTalk"	"game\NPC\Secondary\InitEddieTalk.rpy"	"100"	"3"	""	""	""	""
"InitFrancheska"	"game\NPC\Secondary\InitFrancheska.rpy"	"127"	"5"	""	""	""	""
"register_francheska_secondary"	"game\NPC\Secondary\InitFrancheska.rpy"	"132"	"13"	""	""	""	""
"_auto_register_francheska"	"game\NPC\Secondary\InitFrancheska.rpy"	"145"	"3"	""	""	""	""
"InitMongol"	"game\NPC\Secondary\InitMongol.rpy"	"90"	"5"	""	""	""	""
"register_mongol_secondary"	"game\NPC\Secondary\InitMongol.rpy"	"95"	"13"	""	""	""	""
"_auto_register_mongol"	"game\NPC\Secondary\InitMongol.rpy"	"108"	"3"	""	""	""	""
"InitRobin"	"game\NPC\Secondary\InitRobin.rpy"	"58"	"5"	""	""	""	""
"register_robin_secondary"	"game\NPC\Secondary\InitRobin.rpy"	"63"	"14"	""	""	""	""
"_auto_register_robin"	"game\NPC\Secondary\InitRobin.rpy"	"77"	"3"	""	""	""	""
"register_gerhard_secondary"	"game\NPC\Secondary\InitSecondaryNPC.rpy"	"216"	"13"	""	""	""	""
"_auto_register_gerhard"	"game\NPC\Secondary\InitSecondaryNPC.rpy"	"229"	"5"	""	""	""	""
"register_luisa_secondary"	"game\NPC\Secondary\InitSecondaryNPC.rpy"	"234"	"14"	""	""	""	""
"register_sergio_secondary"	"game\NPC\Secondary\InitSecondaryNPC.rpy"	"248"	"14"	""	""	""	""
"_auto_register_luisa"	"game\NPC\Secondary\InitSecondaryNPC.rpy"	"262"	"5"	""	""	""	""
"_auto_register_sergio"	"game\NPC\Secondary\InitSecondaryNPC.rpy"	"267"	"5"	""	""	""	""
"register_lucas_secondary"	"game\NPC\Secondary\InitSecondaryNPC.rpy"	"272"	"13"	""	""	""	""
"register_clara_fiance_secondary"	"game\NPC\Secondary\InitSecondaryNPC.rpy"	"285"	"13"	""	""	""	""
"register_sergio_pet_secondary"	"game\NPC\Secondary\InitSecondaryNPC.rpy"	"298"	"13"	""	""	""	""
"_auto_register_lucas"	"game\NPC\Secondary\InitSecondaryNPC.rpy"	"311"	"5"	""	""	""	""
"_auto_register_clara_fiance"	"game\NPC\Secondary\InitSecondaryNPC.rpy"	"316"	"5"	""	""	""	""
"_auto_register_sergio_pet"	"game\NPC\Secondary\InitSecondaryNPC.rpy"	"321"	"3"	""	""	""	""
"InitZimmer"	"game\NPC\Secondary\InitZimmer.rpy"	"57"	"5"	""	""	""	""
"register_zimmer_secondary"	"game\NPC\Secondary\InitZimmer.rpy"	"62"	"11"	""	""	""	""
"_auto_register_zimmer"	"game\NPC\Secondary\InitZimmer.rpy"	"73"	"3"	""	""	""	""
"IntAlberTalk"	"game\NPC\Secondary\IntAlberTalk.rpy"	"5"	"95"	"vscene _alber_talk_picture || call ShowImageSeq(""alber"", ""fight"", ""housewon"", 4) || call ShowImageSeq(""alber"", ""fight"", ""houselost"", 3)"	"$ MainTxt = ""Альбер Легаре вопросительно смотрит на вас, ожидая продолжения разговора."" || $ CurLocDesc = MainTxt || $ MainTxt = ""Вы некоторое время болтаете со Альбером Легаре о несущественных вещах."""	"menu:"	""
"IntDraupnirTalk"	"game\NPC\Secondary\IntDraupnirTalk.rpy"	"1"	"14"	""	"$ MainTxt = ""Мастер Драупнир занят вашей вывеской у входа в трактир. Он сосредоточенно строгает, обтесывает, пилит и красит, только раздраженно отмахиваясь от попыток отвлечь его от работы."" || $ MainTxt = ""Вы попробовали завести светскую беседу с гномом. С этой целью вы пнули пробегающую по мастерской крысу и заметили, что полетела она низко, видать к дождю. Еще пару минут вы развивали эту мысль, предсказывая по полету крысы обилие и частоту будущих осадков. Мастер Драупнир внимательно слушал вас некоторое, впрочем не очень долгое, время, а потом, разобравшись, оборвал: 'Слышь, мил человек, если у тебя есть чего сказать, то говори, ну а если нечего сказать, то и говорить необязательно.' Пораженный мудростью древнего народа вы решили замолкнуть."" || $ CurLocDesc = MainTxt"	"menu:"	""
"IntEddieBeckySex"	"game\NPC\Secondary\IntEddieBeckySex.rpy"	"4"	"246"	"call ShowImage(""becky"", ""sexeddie"", ""kiss"") || call ShowImage(""becky"", ""sexeddie"", ""grope"") || call ShowImage(""becky"", ""sexeddie"", ""doubleyou"")"	""	"menu:"	""
"IntEddieTalk"	"game\NPC\Secondary\IntEddieTalk.rpy"	"5"	"54"	"vscene grocery_store_grocer_picture(""eddie"") || vscene _eddie_picture"	"$ MainTxt = eddie_talk_intro_text() || $ CurLocDesc = MainTxt"	"menu:"	""
"IntEddieTalkSmalltalk"	"game\NPC\Secondary\IntEddieTalk.rpy"	"59"	"14"	""	"$ MainTxt = ""Вы некоторое время болтаете с Эдди о несущественных вещах."" || $ CurLocDesc = MainTxt"	""	""
"IntEddieTalkPersonal"	"game\NPC\Secondary\IntEddieTalk.rpy"	"73"	"14"	""	"$ MainTxt = ""Вы некоторое время болтаете с Эдди о том, кто сколько выпил и о том, какие девушки кому нравятся."" || $ CurLocDesc = MainTxt"	""	""
"IntEddieTalkWhores"	"game\NPC\Secondary\IntEddieTalk.rpy"	"87"	"11"	""	"$ MainTxt = ""Вы как бы между делом замечаете, что у вас теперь работают девочки не самого тяжелого поведения. Глаза рыжего Эдди загораются, хотя на словах он никак не показывает своей заинтересованности. Вернее, он старательно показывает что ему пофигу."" || $ CurLocDesc = MainTxt"	""	""
"IntEddieTalkGirls"	"game\NPC\Secondary\IntEddieTalk.rpy"	"98"	"12"	"vscene ""images/eddie/portraits/surprised.png"""	"$ MainTxt = ""Ведя общий разговор вы неожиданно спрашиваете Эдди, как ему Жоржетта. Эдди густо краснеет, запинается, но все таки отмечает, что она очень даже ничего. При этом парень вас внимательно изучает, как бы пытаясь понять что вам известно. Вы делаете безразличный вид и переводите разговор на другую тему."" || $ CurLocDesc = MainTxt"	""	""
"IntEddieTalkMomHelper"	"game\NPC\Secondary\IntEddieTalk.rpy"	"110"	"48"	"vscene ""images/eddie/portraits/surprised.png"" || vscene ""images/eddie/portraits/surprised.png"""	"$ MainTxt = ""\""Эй, Эдди, я прекрасно знаю чего тебе хочется,\"" сказали вы юному бакалейщику. \""Думаешь я не видел, какие ты взгляды на хозяйку лавки кидаешь? Или не знаю в какие ты игры с Жоржеттой играешься?\"""" || $ MainTxt = ""\""Эй Эдди, насчет прошлого раза,\"" начали вы свою речь."" || $ MainTxt = ""\""И как тебе ночка с хозяйкой лавки?\"" подмигнули вы Эдди, делая рукой неприличный жест."""	""	""
"IntEddieTalkBruise"	"game\NPC\Secondary\IntEddieTalk.rpy"	"158"	"16"	""	"$ MainTxt = ""\""Слышь, а где это тебя отоварили?\"" спросили вы Эдди."" || $ CurLocDesc = MainTxt"	""	""
"IntEddieTalkWhoHit"	"game\NPC\Secondary\IntEddieTalk.rpy"	"174"	"19"	""	"$ MainTxt = ""\""Знаешь, ты мне удружил, и мою хозяйку мы с тобой классно оттрахали. Врядли бы она мне дала, если бы не ты. Так что скажу, хоть она и не велела. Только ты меня не запали, хорошо? В общем меня уроды эти, из Шервудского леса, отмудохали. Обычно нормально можно было проехать, дашь им пару десятков монет и едешь себе. А надысь еду - только их встретил так мне сразу в табло засветили. Хоть бы объяснили, за что. Деньги отобрали, лошадь забрали. Вот пидорасы!\"""" || $ MainTxt = ""\""Я тебе уже все что хотел сказал. Мало того, что огреб, так еще ты тут с распросами дурацкими. Кто ты такой, что мне вопросы задавать?\"" отбрил вас Эдди."" || $ CurLocDesc = MainTxt"	""	""
"IntEddieTalkDestination"	"game\NPC\Secondary\IntEddieTalk.rpy"	"193"	"10"	""	"$ MainTxt = ""\""По делам. Я и так уже слишком много тебе рассказал.\"""" || $ CurLocDesc = MainTxt"	""	""
"IntEddieTalkComplain"	"game\NPC\Secondary\IntEddieTalk.rpy"	"203"	"8"	""	"$ MainTxt = ""\""Ну ты шутник,\"" развеселился Эдди. \""Я чего, дурак? Денег они слупят, типа за хлопоты, но вряд ли будут связываться. Тем более, что сам Циммерман раньше трепался, что мол ентот лес ничейный, и никого они там ловить не обязанны.\"""" || $ CurLocDesc = MainTxt"	""	""
"FrancheskaTalk"	"game\NPC\Secondary\IntFrancheskaTalk.rpy"	"216"	"62"	""	""	"menu:"	""
"MongolTalk"	"game\NPC\Secondary\IntMongolTalk.rpy"	"5"	"81"	"call ShowImageSeq(""mongol"", """", ""portrait"", 3)"	"$ MainTxt = ""Монгол - торговец лошадьми. Он одет в красную рубаху, широкие штаны и высокие сапоги. В ухе у него серьга а на голове цветная косынка. Он держит за повод оседланного жеребца."" || $ CurLocDesc = MainTxt || $ MainTxt = ""\""Я? Цыган?\"" удивился вашему вопросу Монгол. \""Да какой же я цыган, что во мне цыганского? Да я этих цыган просто ненавижу! Я их, если хочешь знать, просто терпеть не могу! Ворье и жулье они! А я честный лошадиный барышник. Даже слишком честный, не поверишь, себе в убыток торгую!\""\n\nВ последнем своем предположении Монгол был прав, вы почему-то ему не поверили."""	"menu:"	""
"ClaraSecretMerchantMenu"	"game\NPC\Secondary\IntMongolTalk.rpy"	"86"	"25"	""	"$ MainTxt = ""Монгол сразу перестает лыбиться так широко и чуть косится по сторонам. \""Если ты от Клариссы, то кое-что редкое у меня для своих есть. Но не шуми, чувэрло. Такое добро показываю только раз в месяц и не каждому подряд.\"""" || $ CurLocDesc = MainTxt"	"menu:"	""
"ClaraSecretMerchantBuy"	"game\NPC\Secondary\IntMongolTalk.rpy"	"111"	"21"	""	"$ MainTxt = ""Монгол разводит руками: \""На этот месяц все. В другой раз приходи, когда новый товар подвезу.\"""" || $ CurLocDesc = MainTxt || $ MainTxt = ""На такой товар у вас сейчас не хватает денег."""	""	""
"IntRobinTalk"	"game\NPC\Secondary\IntRobinTalk.rpy"	"4"	"67"	"vscene ""images/Robin/robin1.png"""	""	"menu:"	""
"IntZimmerTalk"	"game\NPC\Secondary\IntZimmerTalk.rpy"	"5"	"41"	""	"$ MainTxt = ""Десятник Циммерман внимательно смотрит на вас, ожидая, что вы скажете."" || $ CurLocDesc = MainTxt"	"menu:"	""
"IntZimmerTalkLook"	"game\NPC\Secondary\IntZimmerTalk.rpy"	"46"	"7"	"vscene ""images/zimmer/portrait1.png"""	"$ MainTxt = ""Десятник Циммерман не очень-то похож на подтянутых молодцев с расписных досок. Бравый десятник стар, низок ростом, носат, кучеряв и слегка картавит."" || $ CurLocDesc = MainTxt"	""	""
"IntZimmerTalkHorseReport"	"game\NPC\Secondary\IntZimmerTalk.rpy"	"53"	"13"	""	"$ MainTxt = ""\""Ай-яй, молодой человек, какие ужасы вы рассказываете!\"" поразился десятник Циммерман. \""Прямо из конюшни увели! Ну надо же, какая наглость!\nИ ведь не первый раз уже! Ничего, не волнуйтесь, будем искать. А тем временем замок, что ли смените. Или сторожите лошадь вашу.\"""" || $ CurLocDesc = MainTxt"	""	""
"IntZimmerTalkHorseProgress"	"game\NPC\Secondary\IntZimmerTalk.rpy"	"66"	"8"	""	"$ MainTxt = ""\""Ничего, не волнуйтесь, ищем. Это наша работа!\"""" || $ CurLocDesc = MainTxt"	""	""
"IntZimmerTalkSherwoodStory1"	"game\NPC\Secondary\IntZimmerTalk.rpy"	"74"	"17"	""	"$ MainTxt = ""\""Шервудский лес?\"" переспросил старый десятник. \""О, молодой человек, это был прекрасный лес. Пока эльфы эти его не испортили.\"""" || $ CurLocDesc = MainTxt"	""	""
"IntZimmerTalkSherwoodStory2"	"game\NPC\Secondary\IntZimmerTalk.rpy"	"91"	"13"	""	"$ MainTxt = ""\""А что с ним? Эти ушастики из Куниделла большой шум подняли. Мол как так, был лес и нет. Но что теперь сделаешь? Никто там за порядком не следит, наша стража - потому что это эльфийская земля, не положенно, а эльфы - потому, что им мол в мертвом лесу находиться, видите ли, неприятно. Так теперь там лихие люди порой шастают, нет на них никакой управы.\"""" || $ CurLocDesc = MainTxt"	""	""
"IntZimmerTalkRobinReport"	"game\NPC\Secondary\IntZimmerTalk.rpy"	"104"	"12"	"vscene ""images/zimmer/talk.png"""	"$ MainTxt = ""\""Ай-ай молодой человек, какие вы ужасы рассказываете. Грабеж? И где вы говорите это произошло? На Шервудской вырубке? Очень, очень жаль. Мы должны защищать добрых горожан нашего славного Коитополиса, однако ж эта вырубка находится далековато. Так что порядок мы там, сами понимаете, поддерживать не можем. Правда, если вы решите компенсировать нам расходы, связанные с расследованием, мы можем и поискать грабителей. Путь неблизкий, но из сочуствия и уважения к вам я готов таки удовлетворится сотней мараведи.\"""" || $ CurLocDesc = MainTxt"	""	""
"IntZimmerTalkPay100"	"game\NPC\Secondary\IntZimmerTalk.rpy"	"116"	"15"	"vscene ""images/zimmer/talk.png"""	"$ MainTxt = ""\""Таки вы сделали правильный выбор, молодой человек, старый Циммерман все сделает. Завтра же поищу негодяев,\"" заверил вас десятник, ловко пряча монеты в карман."" || $ CurLocDesc = MainTxt"	""	""
"IntZimmerTalkHaggle"	"game\NPC\Secondary\IntZimmerTalk.rpy"	"131"	"19"	"vscene ""images/zimmer/talk.png"""	"$ MainTxt = ""\""Господин Циммерман, вы же сами понимаете, я жертва ограбления, денег у меня мало. Вы уж войдите в мое бедственное положение. Помогите сиротинушке! 50 мараведи?\"""" || $ CurLocDesc = MainTxt"	""	""
"IntZimmerTalkInvestigation"	"game\NPC\Secondary\IntZimmerTalk.rpy"	"150"	"20"	"vscene ""images/zimmer/talk.png"""	"$ MainTxt = ""\""Не волнуйтесь молодой человек. Ваше дело в надежных руках! Если старый Циммерман сказал, что найдет негодяев, будьте таки уверены, он их найдет!\"" заверил вас бравый десятник."" || $ MainTxt = ""\""Молодой человек!\"" торжественно сказал десятник. \""Ваше сообщение полностью подтвердилось! Как я и обещал, я сходил к Шервудкому лесу. И шо вы таки думаете? Все как вы и говорили. Разбойнички именно там и обнаружились. Всей бандой, голубчики.\"""" || $ CurLocDesc = MainTxt"	""	""
"IntZimmerTalkMongolWineDistraction"	"game\NPC\Secondary\IntZimmerTalk.rpy"	"170"	"10"	"vscene ""images/zimmer/talk.png"""	"$ MainTxt = ""Вы как бы между делом рассказываете Циммерману, что в трактире остался отличный бочонок, который не стыдно отправить доблестным ночным стражникам у караулки. Десятник заметно оживляется и тут же начинает рассуждать, как важно поддерживать людей на посту.\n\n\""Вот это, молодой человек, правильное понимание общественного порядка,\"" важно кивает он. \""У хорошего хозяина и стража сыта, и город спокоен.\"""" || $ CurLocDesc = MainTxt"	""	""
"MelissaRatBreakfastScene"	"game\NPC\Secondary\MelissaWerecatQuest.rpy"	"178"	"25"	"vscene tavern_kitchen_breakfast_picture()"	"$ MainTxt = ""Мягкий утренний свет ползет по кухне, в мисках парит каша, воздух пахнет молоком, овсом и горячим хлебом. За общим столом сегодня сидят все трое.\n\nСандра, помешивая кашу с лишней силой, первой возвращается к вчерашнему: \""Крысы в доме совсем распоясались. Уже по три полных тюка припасов за неделю портят. Если так пойдет дальше, к зиме сами у пустых мешков сядем.\""\n\nАманда разваливается на скамье и, как всегда, пытается рассечь тревогу шуткой: \""А знаешь, чего этому дому по-настоящему не хватает? Хорошей сильной киски. Такой, чтоб и мышей ловила, и с вредителями умела разбираться как следует.\"" Она лукаво подмигивает.\n\nМелисса сперва краснеет, потом все же хихикает: \""Да... большой, гибкой охотницы. Чтобы маленьких пакостников душила без жалости... и ночами было бы с кем согреться.\""\n\nСмех за столом быстро снимает лишнее напряжение. Даже Сандра, отвернувшись к котлу, ворчит уже заметно мягче."" || $ MainTxt = str(MainTxt or """") + ""\n\nАманда и Мелисса все равно успевают уколоть друг друга. Сандра сразу обрывает их: \""Когти оставьте для крыс. За столом не шипеть.\"""" || $ MainTxt = str(MainTxt or """") + ""\n\nАманда шутит привычно, но сегодня в каждой шутке достается именно Мелиссе. Та краснеет, но не опускает глаза."""	""	""
"WerecatAdoptionBreakfastScene"	"game\NPC\Secondary\MelissaWerecatQuest.rpy"	"203"	"24"	"vscene tavern_kitchen_breakfast_picture()"	"$ MainTxt = ""За завтраком сегодня разговор быстро сворачивает к новой обитательнице трактира. У самого очага, настороженно щурясь, устроилась ваша необычная лесная кошка, и даже с такого расстояния видно, что она следит за каждым шорохом куда внимательнее обычного зверя.\n\nСандра первой признает очевидное: \""В кладовой ночью впервые было тихо. Если эта хвостатая и правда останется у нас, припасы хоть поживут спокойно.\"" Аманда тут же расплывается в ухмылке: \""Говорила же, дому нужна хорошая киска. А эта еще и красавица, не только охотница.\"" Мелисса тихо фыркает, но спорить не спешит: \""Главное, чтобы она крыс душила так же ловко, как на всех смотрит.\""\n\nПохоже, в трактире уже начинают принимать вашу странную добычу как свою. История на этом не кончается, но теперь у нее наконец есть продолжение дома, а не только в лесу."" || $ MainTxt = str(MainTxt or """") + ""\n\nАманда и Мелисса опять начинают цеплять друг друга, но кошка вдруг шипит от очага, и обе замолкают. Сандра только хмыкает: \""Вот. Даже зверю надоело.\"""" || $ MainTxt = str(MainTxt or """") + ""\n\nАманда цепляет Мелиссу за каждую реплику о кошке. Мелисса держится, но губы у нее сжаты."""	""	""
"WerecatMonthThanksScene"	"game\NPC\Secondary\MelissaWerecatQuest.rpy"	"227"	"20"	"vscene tavern_kitchen_breakfast_picture()"	"$ MainTxt = ""За общим столом сегодня куда спокойнее обычного. В кладовой уже давно не слышно прежней возни, а у самого очага, свернувшись теплым клубком, дремлет ваша необычная кошка.\n\nСандра первой нарушает молчание: \""Эта малышка и правда спасла нам припасы. Если бы не она, мы бы еще долго слушали шорох в мешках и считали, сколько еды уходит в никуда.\"" Потом она смотрит уже прямо на вас и говорит мягче: \""Хорошее дело вы все-таки сделали. Такой зверь дому в радость.\""\n\nОстальные тоже заметно теплеют. Даже обычная утренняя суета сегодня кажется куда уютнее."" || $ MainTxt = str(MainTxt or """") + ""\n\nПосле короткой паузы Сандра добавляет уже совсем иначе: \""А ту глупую историю с чердаком пора бы и отпустить. Дом у нас старый, люди живые, а дурных случаев без того хватает. Главное, что теперь ты не отмахнулся от настоящей беды и довел дело до ума.\"" Похоже, за столом наконец начинают считать тот позорный случай скорее нелепостью, чем клеймом."" || $ CurLocDesc = MainTxt"	""	""
"WerecatSetTrap"	"game\NPC\Secondary\MelissaWerecatQuest.rpy"	"247"	"23"	""	"$ MainTxt = ""Сейчас вы не можете устроить здесь такую приманку."" || $ CurLocDesc = MainTxt || $ MainTxt = ""Вы ставите охотничью ловушку там, где нашли странные следы, и тщательно маскируете ее листвой. Если слухи не врут, сюда должно прийти нечто куда умнее обычного зверя."""	""	""
"WerecatCheckTrap"	"game\NPC\Secondary\MelissaWerecatQuest.rpy"	"270"	"79"	"vscene werecat_caught_picture_path()"	"$ MainTxt = ""Проверять здесь пока нечего."" || $ CurLocDesc = MainTxt || $ MainTxt = ""К приманке кто-то подходил: земля примята, кости растащены, на ветке опять висит мягкий блестящий клочок шерсти. Но сама тварь оказалась слишком осторожной и ушла, едва вы приблизились."""	"menu: || menu:"	""
"SherwoodRobbedHorseTakeCode"	"game\NPC\Secondary\SherwoodTravel.rpy"	"30"	"7"	""	""	""	""
"SherwoodRobbedAndGoCode"	"game\NPC\Secondary\SherwoodTravel.rpy"	"37"	"12"	""	""	""	""
"SherwoodKunidellOpenedCode"	"game\NPC\Secondary\SherwoodTravel.rpy"	"49"	"13"	""	""	""	""
"BlackwoodRoad"	"game\NPC\Secondary\SherwoodTravel.rpy"	"62"	"18"	""	"$ MainTxt = BlackwoodRoadRoom.visible_descriptions()[0].text || $ CurLocDesc = MainTxt"	"MenuItem(""Вернуться в трактир"", movement_actions(""TavernMain"", 60)),"	""
"story_robin_blackwood_ambush_0"	"game\NPC\Secondary\SherwoodTravel.rpy"	"80"	"26"	"vscene ""images/Robin/robin.png"""	"$ MainTxt = ""Насвистывая, вы [_blackwood_travel_verb] по дороге к Куниделлу. Через несколько часов поля и перелески уступают место вырубке. Дорога превращается почти в тропинку между пнями и молодым кустарником.\n\n"" || $ CurLocDesc = MainTxt"	"menu:"	""
"story_robin_blackwood_approach"	"game\NPC\Secondary\SherwoodTravel.rpy"	"106"	"9"	""	""	""	""
"story_robin_blackwood_mongol_pass"	"game\NPC\Secondary\SherwoodTravel.rpy"	"115"	"18"	"vscene ""images/Robin/mongolAndRobin1.png"""	"$ MainTxt = ""Вы уже приготовились к привычному разговору о добровольных пожертвованиях, но один из разбойников вдруг прищурился и дернул Робина за рукав.\n\n\""Йо, браза,\"" сказал он. \""Это тот самый трактирщик. Монгол велел своих предупредить: этот чувак не мазафака, он его из колодок вытащил.\""\n\nРобин некоторое время смотрит на вас с новым интересом, потом широко улыбается.\n\n\""Вот это другое дело, бразар. За Монгола уважуха. Раз наш человек сказал, что ты браза, значит сегодня ты едешь как браза. Деньги при себе оставь, коняшку тоже. Но если кто спросит - мы тебя не пропускали. Социяльная ответственность, понимаешь?\"""" || $ CurLocDesc = MainTxt || $ MainTxt = ""До Куниделла вы добрались уже без приключений. Эльфы встретили мешки Беккиных овощей с таким видом, будто вы привезли им редчайшие дары заморских королевств.\n\nТорговля прошла удачно, дорога теперь открыта."""	""	""
"story_robin_blackwood_first_robbery"	"game\NPC\Secondary\SherwoodTravel.rpy"	"133"	"19"	"vscene ""images/Robin/portrait2.jpg"""	"$ MainTxt = ""\""Семь бед - один ответ!\"" думаете вы и продолжаете путь. Мужики в трико заметно оживляются, в руках у них появляются луки, стрелы и разное колюще-режущее железо.\n\nКогда вы приближаетесь, их [_robbers_head], здоровенный человек с золотой цепью и капюшоном, выходит навстречу и широко улыбается: \""Йо, браза! Куда идешь?\""\n\n\""В Куниделл,\"" скромно отвечаете вы.\n\nПосле этого его лицо становится серьезным. \""Хей, мэн, я и мои браза - простые лесорубы, доведенные обстоятельствами до отчаяния. Я вижу, ты хочешь сделать добровольное пожертвование на наше благое дело.\"""" || $ CurLocDesc = MainTxt"	"menu:"	""
"story_robin_blackwood_repeat_robbery"	"game\NPC\Secondary\SherwoodTravel.rpy"	"152"	"13"	"vscene ""images/Robin/portrait2.jpg"""	"$ MainTxt = ""При виде вас [_robbers_head] и его друзья очень удивляются.\n\n\""Слышь мужики, а я думал, что он трактирщик,\"" недоуменно бормочет главарь. Потом он сменяет тон на радостный: \""Йо, бразар, ты нам донату занес? Ты кул, бразар, видно что не мазафака.\"""" || $ CurLocDesc = MainTxt"	"menu:"	""
"story_robin_blackwood_robbed_return"	"game\NPC\Secondary\SherwoodTravel.rpy"	"165"	"15"	""	"$ MainTxt = ""Вы пытаетесь сохранить лицо, но трудовые мозолистые руки быстро разлучают вас с кошельком."" || $ CurLocDesc = MainTxt"	""	""
"story_robin_blackwood_return_to_city"	"game\NPC\Secondary\SherwoodTravel.rpy"	"180"	"18"	"vscene ""images/Robin/robin.png"""	"$ MainTxt = ""Решив, что встреча со странными мужиками в трико на пустынной вырубке ничего хорошего не принесет, вы разворачиваетесь и уходите обратно."" || $ MainTxt = ""Решив, что новая встреча с грабителями ничего хорошего не принесет, вы разворачиваетесь и уходите обратно."" || $ MainTxt = ""Решив, что новая встреча с Робин Гудом на пустынной вырубке ничего хорошего не принесет, вы разворачиваетесь и уходите обратно."""	""	""
"InitWerecat"	"game\NPC\Secondary\WerecatNPC.rpy"	"432"	"11"	""	""	""	""
"IntWerecatTalk"	"game\NPC\Secondary\WerecatNPC.rpy"	"443"	"86"	""	"$ MainTxt = werecat_talk_intro_text(_werecat_room) || $ CurLocDesc = MainTxt || $ MainTxt = werecat_reaction_text(""pet"", _werecat_room)"	"menu:"	""
"ShowWerecatCard"	"game\NPC\Secondary\WerecatNPC.rpy"	"529"	"3"	""	""	""	""
"splashscreen"	"game\script.rpy"	"573"	"4"	""	""	""	""
"start"	"game\script.rpy"	"577"	"6"	""	""	""	""
"introduction"	"game\script.rpy"	"583"	"8"	""	""	""	""
"tutorial"	"game\script.rpy"	"591"	"4"	""	""	""	""
"about_game"	"game\script.rpy"	"595"	"4"	""	""	""	""
"cinematic_intro"	"game\script.rpy"	"599"	"7"	""	""	""	""
"ArtisansQuarter"	"game\Town\Arts\ArtisansQuarter.rpy"	"65"	"34"	"call ShowImageSeq(""general"", """", ""LocArtisansQuarter"", 4)"	"$ MainTxt = _artisans_desc_rows[0].text || $ MainTxt = ""Вы находитесь в квартале ремесленников."" || $ CurLocDesc = MainTxt"	""	""
"ArtisansQuarterObjectMenu"	"game\Town\Arts\ArtisansQuarter.rpy"	"99"	"37"	""	"$ MainTxt = _artisans_object.description || $ CurLocDesc = MainTxt"	"current_action_items.append(MenuItem(_artisans_action.label, Call(""ArtisansQuarterObjectText"", object_id, _artisans_action.action_id))) || current_action_items.append(MenuItem(_artisans_action.label, Call(_artisans_action.target, *_artisans_args))) || current_action_items.append(MenuItem(_artisans_action.label, Jump(_artisans_action.target)))"	""
"ArtisansQuarterObjectText"	"game\Town\Arts\ArtisansQuarter.rpy"	"136"	"19"	""	"MainTxt = _artisans_text || CurLocDesc = _artisans_text"	""	""
"BarberShop"	"game\Town\Arts\BarberShop.rpy"	"143"	"34"	"call ShowImage("""", """", barber_shop_picture_path())"	"$ MainTxt = barber_shop_intro_text() + ""\n\n"" + barber_shop_status_text() || $ MainTxt = barber_shop_intro_text() + ""\n\n"" + barber_shop_status_text() || $ CurLocDesc = MainTxt"	"$ current_action_items = [MenuItem(""Вернуться в квартал ремесленников"", movement_actions(""ArtisansQuarter"", 10))]"	"if story_event_available(""BarberShop"", ""clara_fiance""): || call checkTriggers(""BarberShop"", ""clara_fiance"", 0)"
"BarberShopTalk"	"game\Town\Arts\BarberShop.rpy"	"177"	"10"	"call ShowImage("""", """", barber_shop_picture_path())"	"$ MainTxt = barber_shop_talk_text() || $ CurLocDesc = MainTxt"	""	""
"BarberShopHaircut"	"game\Town\Arts\BarberShop.rpy"	"187"	"35"	"call ShowImage("""", """", barber_shop_picture_path()) || call ShowImage("""", """", barber_shop_picture_path()) || call ShowImage("""", """", barber_shop_picture_path())"	"$ MainTxt = _restriction_text || $ CurLocDesc = MainTxt || $ MainTxt = ""Я совсем недавно уже приводил волосы в порядок. Серджио только хмыкает и говорит, что сейчас максимум можно испортить хорошую стрижку, а не улучшить ее."""	""	""
"BarberShopBuyOliveOil"	"game\Town\Arts\BarberShop.rpy"	"222"	"17"	"call ShowImage("""", """", barber_shop_picture_path()) || call ShowImage("""", """", barber_shop_picture_path())"	"$ MainTxt = ""Серджио покачивает маленький пузатый пузырек и сочувственно хмыкает: \""Оливковое масло у меня не из воздуха берется. Возвращайтесь с %d мараведи.\"" "" % _olive_oil_price || $ CurLocDesc = MainTxt || $ MainTxt = ""Серджио продает вам маленький пузырек оливкового масла и советует беречь его не только для кухни: \""Хорошее масло и волосы пригладит, и мыло благороднее сделает.\"""""	""	""
"BarberShopRefineLuxurySoap"	"game\Town\Arts\BarberShop.rpy"	"239"	"19"	"call ShowImage("""", """", barber_shop_picture_path()) || call ShowImage("""", """", barber_shop_picture_path())"	"$ MainTxt = ""У вас нет под рукой и домашнего мыла, и оливкового масла одновременно."" || $ CurLocDesc = MainTxt || $ MainTxt = ""Серджио показывает, как осторожно втереть оливковое масло в уже готовое мыло. Брусок становится глаже, пахнет мягче и выглядит куда дороже простого домашнего куска. У вас теперь есть роскошное мыло."""	""	""
"BarberShopSellLuxurySoap"	"game\Town\Arts\BarberShop.rpy"	"258"	"16"	"call ShowImage("""", """", barber_shop_picture_path()) || call ShowImage("""", """", barber_shop_picture_path())"	"$ MainTxt = ""Продавать сейчас нечего."" || $ CurLocDesc = MainTxt || $ MainTxt = ""Серджио довольно крутит брусок в пальцах, нюхает его и без лишних торгов выкладывает вам %d мараведи. \""Вот это уже товар, а не просто мыло. Такое и я с удовольствием поставлю у себя на полку,\"" признает он."" % int(BARBER_LUXURY_SOAP_BUY_PRICE or 0)"	""	""
"BarberShopServePendingGuest"	"game\Town\Arts\BarberShop.rpy"	"274"	"39"	"call ShowImage("""", """", barber_shop_picture_path()) || call ShowImage("""", """", barber_shop_picture_path()) || call ShowImage("""", """", barber_shop_picture_path())"	"$ MainTxt = ""Сейчас никто из ваших знакомых не ждет визита к Серджио."" || $ CurLocDesc = MainTxt || $ MainTxt = ""Серджио разводит руками: \""За %s я возьмусь с радостью, но мои ножницы не работают в долг. Нужны %d мараведи.\"" "" % (_barber_guest_name, _barber_guest_price)"	""	""
"DressShop"	"game\Town\Arts\Dress\DressShop.rpy"	"109"	"33"	""	"$ MainTxt = DressShopRoom.schedule.closed_text || $ CurLocDesc = MainTxt || $ MainTxt = ""\n\n"".join([row.text for row in DressShopRoom.visible_descriptions()])"	""	""
"DressShopOpenCatalog"	"game\Town\Arts\Dress\DressShop.rpy"	"142"	"21"	""	"$ MainTxt = str(getattr(_rack_object, ""description"", """") or """") || $ CurLocDesc = MainTxt"	""	""
"DressShopBuyMaleItem"	"game\Town\Arts\Dress\DressShop.rpy"	"163"	"35"	""	"$ MainTxt = ""Ирма сейчас уже работает над вашим заказом."" || $ MainTxt = ""Этот костюм уже лежит среди вашей одежды."" || $ MainTxt = ""У вас не хватает денег на этот костюм."""	""	""
"DressShopFemaleBuyInfo"	"game\Town\Arts\Dress\DressShop.rpy"	"198"	"10"	""	"$ MainTxt = str(getattr(_dress_item, ""description"", _dress_code) or _dress_code) || $ CurLocDesc = MainTxt"	""	""
"DressShopObjectMenu"	"game\Town\Arts\Dress\DressShop.rpy"	"208"	"138"	""	"$ MainTxt = _room_object.description || $ CurLocDesc = MainTxt"	"$ current_action_items.append(MenuItem(""Назад"", [Hide(""dress_shop_male_catalog_overlay""), Hide(""dress_shop_female_catalog_overlay""), SetVariable(""MainTxt"", _dress_room_text), SetVariable(""CurLocDesc"", _dress_room_text), SetVariable(""current_object_id"", """"), SetVariable(""scene_image"", DressShopRoom.bg_picture), SetVariable(""_layout_last_picture"", """"), SetVariable(""current_action_title"", ""Действия""), SetVariable(""current_action_content"", None), SetVariable(""current_action_items"", _dress_room_items)]))"	""
"BeckyHome"	"game\Town\BeckyHome.rpy"	"123"	"101"	"call ShowImageSeq('becky', 'sex', 'inroom', 3) || call ShowImageSeq('becky', 'sex', 'inroom', 3) || call ShowImage('becky', 'dinner', 'DinnerInga')"	"$ MainTxt = becky_home_restore_text() || $ CurLocDesc = MainTxt"	"menu: || menu:"	""
"BeckyHomeAfterSex"	"game\Town\BeckyHome.rpy"	"224"	"11"	""	"$ MainTxt = becky_home_after_sex_text() || $ CurLocDesc = MainTxt"	""	""
"BeckyHomeObjectMenu"	"game\Town\BeckyHome.rpy"	"235"	"56"	""	"$ MainTxt = becky_home_restore_text() || $ CurLocDesc = MainTxt || $ MainTxt = str(_becky_home_object.description or """")"	"current_action_items.append(MenuItem(_becky_action.label, Call(""BeckyHomeObjectText"", object_id, _becky_action.action_id))) || current_action_items.append(MenuItem(_becky_action.label, Call(_becky_action.target, *_becky_args))) || current_action_items.append(MenuItem(_becky_action.label, Jump(_becky_action.target)))"	""
"BeckyHomeObjectText"	"game\Town\BeckyHome.rpy"	"291"	"20"	""	"MainTxt = _becky_text || CurLocDesc = _becky_text"	""	""
"BeckyHomeFront"	"game\Town\BeckyHomeFront.rpy"	"119"	"59"	"call ShowImage("""", """", becky_homefront_withbecky_picture()) || call ShowImage("""", """", becky_homefront_house_picture())"	""	"menu:"	""
"becky_homefront_peek"	"game\Town\BeckyHomeFront.rpy"	"178"	"51"	"call ShowImage("""", """", becky_homefront_house_picture())"	""	""	""
"becky_homefront_share_with_becky"	"game\Town\BeckyHomeFront.rpy"	"229"	"16"	""	""	""	""
"becky_homefront_ignore"	"game\Town\BeckyHomeFront.rpy"	"245"	"9"	""	""	""	""
"becky_homefront_suggest_approach"	"game\Town\BeckyHomeFront.rpy"	"254"	"23"	""	""	""	""
"becky_homefront_watch_cum"	"game\Town\BeckyHomeFront.rpy"	"277"	"30"	""	""	""	""
"becky_homefront_approach"	"game\Town\BeckyHomeFront.rpy"	"307"	"35"	""	""	""	""
"Church"	"game\Town\Church\Church.rpy"	"274"	"40"	"vscene church_closed_picture() || vscene ""images/church/churchEntryDay.png"" || vscene ""images/church/confessionEntry.png"""	"$ MainTxt = ChurchRoom.schedule.closed_text || $ CurLocDesc = MainTxt || $ MainTxt = ""Вы пришли в великий городской собор Ильматера на воскресную службу.\n\nКажется, здесь собралось полгорода. Отец Герхард, жрец Ильматера, ведет службу. Ее вы видели и слышали уже сотни раз. Ваш взор обегает собор и прихожан."""	""	""
"ChurchServiceMenu"	"game\Town\Church\Church.rpy"	"314"	"18"	""	"$ MainTxt = church_service_attendees_text() || $ CurLocDesc = MainTxt"	"$ current_action_items.append(MenuItem(""Найти Сандру"", Call(""ChurchServiceMother""))) || $ current_action_items.append(MenuItem(""Найти сестричек"", Call(""ChurchServiceSisters""))) || $ current_action_items.append(MenuItem(""Найти семейство Легаре"", Call(""ChurchServiceLegare"")))"	""
"ChurchServiceMother"	"game\Town\Church\Church.rpy"	"332"	"12"	"call ShowImage("""", """", _church_picture) || call ShowImage(""sandra"", ""church"", ""cermon"")"	"$ MainTxt = ""Сандра, одетая в своё строгое платье, внимательно слушает службу."" || $ CurLocDesc = MainTxt"	""	""
"ChurchServiceSisters"	"game\Town\Church\Church.rpy"	"344"	"12"	"call ShowImage("""", """", _church_picture) || call ShowImage(""amanda"", ""church"", ""cermon"")"	"$ MainTxt = ""Мелисса и Аманда тихо щебечут между собой, уделяя происходящему куда меньше внимания, чем хотелось бы святому отцу."" || $ CurLocDesc = MainTxt"	""	""
"ChurchServiceLegare"	"game\Town\Church\Church.rpy"	"356"	"11"	"call ShowImageSeq(""alber"", ""church"", ""cermon"", 2)"	"$ MainTxt = ""Мессир Легаре в черном камзоле стоит около одной из колонн и внимательно слушает службу. Рядом с ним стоит его жена Элоиза, маленькая шатенка средних лет, а за ними все их дети - Кларисса, Жерар, Жан-Жак, Полина и малыш Реми."" || $ CurLocDesc = MainTxt"	""	"if story_event_available(""Church"", ""clara_paintings""): || call checkTriggers(""Church"", ""clara_paintings"", 0)"
"ChurchServiceBlanken"	"game\Town\Church\Church.rpy"	"367"	"12"	"call ShowImage("""", """", _church_picture) || call ShowImage(""becky"", ""church"", ""cermon"")"	"$ MainTxt = ""Вдова Блэнкеншип, высокая рыжая женщина с полной грудью, чуть младше сорока лет. Она на первый взгляд слушает отца Герхарда, но если присмотреться, то видно, что ее мысли витают где-то далеко. Рядом с ней стоит Эдди, ее рыжий управляющий лавкой и ваш ровесник. Поблизости ее дети - Ингенборг, Ивар, Эмма и Лаура."" || $ CurLocDesc = MainTxt"	""	""
"becky_church_talk"	"game\Town\Church\Church.rpy"	"379"	"17"	"vscene ""images/gerhard/talkTogerhardt.png"""	"$ MainTxt = ""После службы вы подошли к отцу Герхарду: \""Падре, одна из ваших прихожанок, торговка с рынка, может обратиться к вам за советом. Снедает ее мысль о том, большой ли грех то, что она собирается совершить. Не могли ли бы вы сказать ей, что то невеликое дело?\"""" || $ MainTxt = ""После службы вы подошли к отцу Герхарду: \""Падре, та прихожанка о которой я вас спрашивал, ну та торговка с рынка, она к вам за советом случаем не подходила? И что же вы ей посоветовали?\"""" || $ MainTxt = MainTxt + ""\n\n\""Поговорил я с ней, сын мой,\"" сказал вам святой отец улыбаясь. \""Прав ты был, что ее тревожило - то невеликое прегрешение. Мудр ты, сын мой, не по годам. Да и щедр преизрядно и к церкви нашей с должным пиететом относишься.\""\n\nИ, осенив вас знаком Ильматера, отец Герхард вернулся к своим делам."""	""	""
"ChurchAfterCermon"	"game\Town\Church\ChurchAfterCermon.rpy"	"4"	"16"	"vscene ""images/church/confessionEntry.png"""	"$ MainTxt = ""Вы решили пройтись по опустевшему собору. Вы обошли огромное здание по периметру, заглянули в несколько коридоров и залов, затем прошли через галлерею с кабинками для исповеди."" || $ CurLocDesc = MainTxt || $ MainTxt = MainTxt + ""\n\nНичего интересного вы не нашли."""	""	"call checkTriggers(""Church"", ""after_cermon_walk"", 0)"
"ChurchIspoved"	"game\Town\Church\ChurchIspoved.rpy"	"4"	"33"	"vscene ""images/gerhard/gerhardispoved.jpg"" || vscene ""images/gerhard/gerhardispoved.jpg"""	"$ MainTxt = ""Вы зашли в маленькую кабинку для исповеди. С другой стороны ее прозвучал вопрос: \""Грешил ли ты, сын мой?\"""" || $ CurLocDesc = MainTxt || $ MainTxt = ""Вы покаялись в том, что ругались и пару раз обсчитали пьяных в своем трактире на один-два мараведи.\n\n\""Это небольшой грех сын мой и я его тебе отпускаю\"" - прозвучал ответ."""	"menu: || menu:"	""
"ShowChurchDraupnirList"	"game\Town\Church\ShowChurchDraupnirList.rpy"	"4"	"30"	"vscene ""images/church/confessionEntry.png"""	"$ MainTxt = ""Вы с интересом ознакомились со счетом, выставленным мастером Драупниром:\n\n"" + show_list || $ MainTxt = MainTxt + ""\n\nВы сегодня уже сделали пожертвование святой церкви и на душе у вас благостно и возвышенно, а карманы малость полегчали."" || $ CurLocDesc = MainTxt"	"current_action_items.append(MenuItem(""Пожертвовать {} мараведи на {}"".format(ChurchRepairCost[IList], ChurchRepairDonat[IList]), Call(""ChurchDonate"", IList))) || $ current_action_items.append(MenuItem(""Назад"", [SetVariable(""current_action_title"", ""Действия""), SetVariable(""current_action_content"", None), SetVariable(""current_action_items"", church_action_items()), Function(main_ui_restart_interaction)]))"	""
"ChurchDonate"	"game\Town\Church\ShowChurchDraupnirList.rpy"	"34"	"21"	"call ShowImageSeq(""gerhard"", """", ""donate"", 2)"	"$ MainTxt = ""Решив, что грех будет не помочь святому отцу, вы полезли в кошелек и с радостным сердцем отсчитали {} мараведи.\n\n\""Вот, святой отец,\"" сказали вы, \""жертвую на {}\"""".format(cost, ChurchRepairDonat[idx]) || $ MainTxt = MainTxt + ""\n\n\""Да пребудет с тобой благословение Ильматера\"", сказал жрец, немного скептически осмотрев ваше скромное пожертвование. Спрятав деньги, он осенил вас святым знаком и вернулся к своим делам.\n\nНа душе у вас сразу стало светло и празднично. Благовейно поклонившись статуе Ильматера вы направились восвояси."" || $ MainTxt = MainTxt + ""\n\n\""Да пребудет с тобой благословение Ильматера\"", радостно сказал жрец, одной рукой осеняя вас святым знаком а другой ловко пряча деньги. \""Побольше бы столь щедрых прихожан.\""\n\nНа душе у вас сразу стало светло и празднично. Благовейно поклонившись статуе Ильматера вы направились восвояси."""	"$ current_action_items = [MenuItem(""Вернуться в собор"", [SetVariable(""current_action_title"", ""Действия""), SetVariable(""current_action_content"", None), SetVariable(""current_action_items"", church_action_items()), Function(main_ui_restart_interaction)])]"	""
"CityGuard"	"game\Town\CityGuard.rpy"	"80"	"29"	"vscene ""images/zimmer/portrait1.png"" || vscene ""images/general/cityguard.jpg"""	"$ MainTxt = _city_guard_desc_rows[0].text || $ MainTxt = ""Вы зашли в приемную городской стражи."" || $ CurLocDesc = MainTxt"	""	""
"CityGuardShowPlacat"	"game\Town\CityGuard.rpy"	"109"	"12"	"vscene scene_image"	"$ MainTxt = CityGuardPlacat[RandVar] || $ CurLocDesc = MainTxt"	"$ current_action_items.append(MenuItem(""Посмотреть на другую доску"", Call(""CityGuardShowPlacat""))) || $ current_action_items.append(MenuItem(""Назад"", [SetVariable(""current_action_title"", ""Действия""), SetVariable(""current_action_content"", None), SetVariable(""current_action_items"", city_guard_action_items()), Function(main_ui_restart_interaction)]))"	""
"GroceryStore"	"game\Town\GroceryStore.rpy"	"207"	"61"	"vscene scene_image || vscene scene_image || vscene scene_image"	"$ MainTxt = _grocery_room.schedule.closed_text || $ CurLocDesc = MainTxt || $ MainTxt = grocery_store_main_text()"	"$ current_action_items = [MenuItem(""Вернуться на рынок"", movement_actions(""MarketPlace"", 10))]"	""
"GroceryStoreObjectMenu"	"game\Town\GroceryStore.rpy"	"268"	"29"	""	"$ MainTxt = str(_grocery_object.description or """") || $ CurLocDesc = MainTxt"	"current_action_items.append(MenuItem(_grocery_action.label, Call(""GroceryStoreObjectText"", object_id, _grocery_action.action_id))) || current_action_items.append(MenuItem(_grocery_action.label, Jump(_grocery_action.target))) || current_action_items.append(MenuItem(_grocery_action.label, Call(_grocery_action.target, *_grocery_args)))"	""
"GroceryStoreObjectText"	"game\Town\GroceryStore.rpy"	"297"	"15"	""	"MainTxt = str(_grocery_action.target or """") || CurLocDesc = MainTxt"	""	""
"GroceryStoreBuyStockMenu"	"game\Town\GroceryStore.rpy"	"312"	"20"	""	"$ MainTxt = ""В этой лавке вы можете купить провизию для вашего трактира, по 6 мараведи за мешок."" || $ CurLocDesc = MainTxt"	"$ current_action_items = [MenuItem(""Ничего не покупать"", Call(""GroceryStoreObjectMenu"", ""food_stock""))] || $ current_action_items.append(MenuItem(""Купить один мешок"", Call(""GroceryStoreBuyStockApply"", 6, 10, 1))) || $ current_action_items.append(MenuItem(""Купить пять мешков"", Call(""GroceryStoreBuyStockApply"", 6 * 5, 50, 5)))"	""
"GroceryStoreBuyStockApply"	"game\Town\GroceryStore.rpy"	"332"	"25"	""	"$ MainTxt = ""Вы решили пока ничего не покупать."" || $ MainTxt = ""Вы купили мешок продуктов. %s говорит вам, что ваш заказ будет доставлен в \""Дикий жеребец\"" немедленно."" % _grocer_title || $ MainTxt = ""Вы купили пять мешков продуктов. %s говорит вам, что ваш заказ будет доставлен в \""Дикий жеребец\"" немедленно."" % _grocer_title"	""	""
"GroceryStoreBuyFancyNightBowl"	"game\Town\GroceryStore.rpy"	"357"	"19"	""	"$ MainTxt = ""Среди простой хозяйственной утвари вы замечаете аккуратную расписную ночную миску. Она выглядит куда приятнее той грубой посудины, к которой привыкла Аманда."" || $ CurLocDesc = MainTxt || $ MainTxt = MainTxt + ""\n\nТакую миску вы уже купили."""	"$ current_action_items.append(MenuItem(""Купить красивую ночную миску за 9 мараведи"", Call(""GroceryStoreBuyFancyNightBowlApply""))) || $ current_action_items.append(MenuItem(""Назад"", Call(""GroceryStoreObjectMenu"", ""food_stock"", True)))"	""
"GroceryStoreBuyFancyNightBowlApply"	"game\Town\GroceryStore.rpy"	"376"	"16"	""	"$ MainTxt = ""У вас уже есть такая миска."" || $ MainTxt = ""У вас не хватает денег на эту покупку."" || $ MainTxt = ""%s отыскивает для вас миску получше, заворачивает ее в тряпицу и вручает покупку. Теперь у вас есть вещь, которую не стыдно подарить Аманде."" % _grocer_title"	""	""
"GroceryStoreBuyLard"	"game\Town\GroceryStore.rpy"	"392"	"14"	""	"$ MainTxt = ""%s говорит, что кусок хорошего свиного сала обойдется вам в 5 мараведи, а сейчас у вас таких денег под рукой нет."" % _grocer_title || $ MainTxt = ""Вы покупаете у %s кусок свиного сала. Его можно пустить на стряпню или на мыло."" % _grocer_title || $ CurLocDesc = MainTxt"	""	""
"GroceryStoreBuyMilk"	"game\Town\GroceryStore.rpy"	"406"	"12"	""	"$ MainTxt = ""%s говорит, что свежая крынка молока стоит 6 мараведи, а сейчас у вас таких денег под рукой нет."" % _grocer_title || $ MainTxt = ""Вы покупаете у %s свежую крынку молока. Такое молоко сразу просится на кухню: с медом и кашей из него выйдет особенно мягкий общий стол."" % _grocer_title || $ CurLocDesc = MainTxt"	""	""
"HunterClub"	"game\Town\HunterClub.rpy"	"521"	"36"	"vscene scene_image"	"$ MainTxt = HunterClubRoom.schedule.closed_text || $ CurLocDesc = MainTxt || $ MainTxt = hunter_club_main_text()"	"$ current_action_items = [MenuItem(""Вернуться на рынок"", movement_actions(""MarketPlace"", 10))]"	""
"HunterClubFirstVisit"	"game\Town\HunterClub.rpy"	"557"	"17"	"vscene scene_image"	"$ MainTxt = ( || $ CurLocDesc = MainTxt"	""	""
"HunterClubObjectMenu"	"game\Town\HunterClub.rpy"	"574"	"36"	""	"$ MainTxt = _club_object.description || $ CurLocDesc = MainTxt"	"current_action_items.append(MenuItem(_club_action.label, Call(""HunterClubObjectText"", object_id, _club_action.action_id))) || current_action_items.append(MenuItem(_club_action.label, Call(_club_action.target, *_club_args))) || current_action_items.append(MenuItem(_club_action.label, Jump(_club_action.target)))"	""
"HunterClubObjectText"	"game\Town\HunterClub.rpy"	"610"	"21"	""	"MainTxt = _club_text || CurLocDesc = _club_text"	""	""
"HunterClubLuiseTalk"	"game\Town\HunterClub.rpy"	"631"	"13"	""	"$ MainTxt = "" Луиза смеряет вас быстрым опытным взглядом и хмыкает: \""Если принес добычу - платила и буду платить. Если пришел за снарягой - смотри товар, только не торгуйся по пустякам.\"""" || $ CurLocDesc = MainTxt"	"MenuItem(""Закупиться для охоты"", Call(""HunterClubBuyMenu"")), || MenuItem(""Подать добычу"", Call(""HunterClubSellMenu"")), || MenuItem(""Назад"", [SetVariable(""current_action_title"", ""Действия""), SetVariable(""current_action_content"", None), SetVariable(""current_action_items"", hunter_club_action_items()), Function(main_ui_restart_interaction)]),"	""
"HunterClubNewsMenu"	"game\Town\HunterClub.rpy"	"644"	"12"	""	"$ MainTxt = hunter_club_news_text() || $ CurLocDesc = MainTxt"	"MenuItem(""Посмотреть охотничьи вызовы"", Call(""HunterClubChallengesMenu"")), || MenuItem(""Назад"", [SetVariable(""current_action_title"", ""Действия""), SetVariable(""current_action_content"", None), SetVariable(""current_action_items"", hunter_club_action_items()), Function(main_ui_restart_interaction)]),"	""
"HunterClubChallengesMenu"	"game\Town\HunterClub.rpy"	"656"	"22"	""	"$ MainTxt = str(result_text or """").strip() || if MainTxt == """": || $ MainTxt = ""Луиза кивает на доску: \""Кто приносит трофеи, того тут запоминают. Деньги деньгами, а имя среди охотников тоже чего-то стоит.\"""""	"current_action_items.append(MenuItem(_caption, Call(""HunterClubChallengeApply"", _challenge_id))) || current_action_items.append(MenuItem(_caption, Call(""HunterClubChallengeMissing"", _challenge_id))) || current_action_items.append(MenuItem(""Все доступные вызовы уже закрыты"", Call(""HunterClubNewsMenu"")))"	""
"HunterClubChallengeMissing"	"game\Town\HunterClub.rpy"	"678"	"10"	""	"$ MainTxt = ""Для этого вызова у вас пока нет нужного трофея."" || $ MainTxt = ""Луиза смотрит на доску и качает головой: \""Сначала принеси то, что там написано. Тут словам не верят, тут трофеи кладут на стол.\"""" || $ CurLocDesc = MainTxt"	""	""
"HunterClubChallengeApply"	"game\Town\HunterClub.rpy"	"688"	"9"	""	"$ MainTxt = str(_challenge_result.get(""text"", """") or """") || $ CurLocDesc = MainTxt"	""	""
"HunterClubBuyMenu"	"game\Town\HunterClub.rpy"	"697"	"16"	""	"$ MainTxt = str(result_text or """") or ""Толстая Луиза показывает вам охотничьи припасы, лесной инструмент и прочие полезные вещи. Выберите товар и сразу укажите количество."" || $ CurLocDesc = MainTxt"	"MenuItem(""Подтвердить покупку"", Call(""HunterClubApplyTrade"", ""buy"")), || MenuItem(""Сбросить выбор"", Function(hunter_club_trade_reset, ""buy"")), || MenuItem(""Назад"", [Hide(""hunter_club_trade_overlay""), SetVariable(""current_action_title"", ""Действия""), SetVariable(""current_action_content"", None), SetVariable(""current_action_items"", hunter_club_action_items()), Function(main_ui_restart_interaction)]),"	""
"HunterClubSellMenu"	"game\Town\HunterClub.rpy"	"713"	"12"	""	"$ MainTxt = str(result_text or """") or ""Толстуха Луиза готова принять шкуры, когти, мясо, травы и прочую лесную добычу. Отметьте нужное и укажите количество."" || $ CurLocDesc = MainTxt"	"$ current_action_items = [MenuItem(""Подтвердить продажу"", Call(""HunterClubApplyTrade"", ""sell"")), MenuItem(""Сбросить выбор"", Function(hunter_club_trade_reset, ""sell"")), MenuItem(""Назад"", [Hide(""hunter_club_trade_overlay""), SetVariable(""current_action_title"", ""Действия""), SetVariable(""current_action_content"", None), SetVariable(""current_action_items"", hunter_club_action_items()), Function(main_ui_restart_interaction)])]"	""
"HunterClubApplyTrade"	"game\Town\HunterClub.rpy"	"725"	"13"	""	"$ MainTxt = str(_trade_result.get(""text"", """") or """") || $ CurLocDesc = MainTxt"	""	""
"FridayDance"	"game\Town\Market\FridayDance.rpy"	"32"	"74"	"call ShowImage("""", """", ""images/market/LocFridayDance.jpg"") || call ShowImage("""", """", ""images/market/LocFridayDance.jpg"")"	""	"menu:"	"call checkTriggers(""FridayDance"", ""enter"", 0) || call checkTriggers(""FridayDance"", ""amanda_dance_legare"", 0) || call checkTriggers(""FridayDance"", ""amanda_dance_mc"", 0)"
"CheckIfAmandaGoneDance"	"game\Town\Market\FridayDance.rpy"	"106"	"15"	""	""	""	""
"FridayDanceCounterShow"	"game\Town\Market\FridayDance.rpy"	"121"	"7"	""	""	""	""
"MarketPlace"	"game\Town\Market\MarketPlace.rpy"	"94"	"90"	"vscene scene_image || vscene scene_image || call ShowImageSeq(""mongol"", """", ""portrait"", 3)"	"$ MainTxt = ""Сегодня воскресенье и рынок закрыт."" || $ CurLocDesc = MainTxt || $ MainTxt = _market_room.schedule.closed_text"	"$ current_action_items = [MenuItem(""Вернуться к трактиру"", movement_actions(""StreetTavern"", navigation_group_travel_minutes()))] || $ current_action_items.insert(0, MenuItem(""Подойти к караулке и колодкам"", movement_actions(""CityGuard"", 10))) || $ current_action_items.insert(0, MenuItem(""Идти в гости в дом к вдове Блэнкеншип"", movement_actions(""BeckyHomeFront"", 10)))"	"call checkTriggers(""MarketPlace"", ""enter"", 0)"
"story_city_blind_pirate_fall_0"	"game\Town\Market\MarketPlace.rpy"	"184"	"13"	"vscene ""images/market/blindPirate.png"""	""	"menu:"	""
"MarketPlaceObjectMenu"	"game\Town\Market\MarketPlace.rpy"	"197"	"36"	""	"$ MainTxt = _market_object.description || $ CurLocDesc = MainTxt"	"current_action_items.append(MenuItem(_market_action.label, Call(""MarketPlaceObjectText"", object_id, _market_action.action_id))) || current_action_items.append(MenuItem(_market_action.label, Call(_market_action.target, *_market_args))) || current_action_items.append(MenuItem(_market_action.label, Jump(_market_action.target)))"	""
"MarketPlaceObjectText"	"game\Town\Market\MarketPlace.rpy"	"233"	"23"	""	"MainTxt = _object_text || CurLocDesc = _object_text"	""	""
"MarketPlaceApproachMongol"	"game\Town\Market\MarketPlace.rpy"	"256"	"16"	"vscene scene_image"	"$ MainTxt = ""Увидев, что вы направляетесь к нему, мужик обрадовался еще больше, хлопнул себя по ляжкам и воскликнул: 'Ай-нэ-нэ!'\n\nПротянув вам руку он представился: 'Монголом меня кличут. Я тут парувэла, в смысле коняшку продаю.'\n\n'Купишь ты коня прекрасного очень дешево, всего за [_mongol_horse_price] мараведи! Ну что, по рукам?'"" || $ CurLocDesc = MainTxt || $ MainTxt = ""'Стефан, друг мой, посмотри какой у меня замечательный конь! Тебе я его всего за [_mongol_horse_price] мараведи отдам!'"""	""	""
"MarketPlaceTalkMongol"	"game\Town\Market\MarketPlace.rpy"	"272"	"6"	""	""	""	""
"PortStreets"	"game\Town\PortStreets.rpy"	"92"	"34"	"vscene scene_image || vscene _port_temple_road_pic || call ShowImageSeq(""georgett"", ""port"", ""port"", 3)"	"$ CurLocDesc = PortStreetsRoom.descriptions[0].text || $ MainTxt = CurLocDesc || $ CurLocDesc = MainTxt"	""	""
"PortStreetsBackAlley"	"game\Town\PortStreets.rpy"	"126"	"26"	"vscene scene_image"	"$ MainTxt = ""Вы сворачиваете с портовой улицы в темную подворотню Лизетты. Из глубины уже доносятся приглушенные звуки."" || $ MainTxt = ""Вы сворачиваете с портовой улицы в знакомую подворотню Жоржетты. Из темноты доносится возня и приглушенные голоса."" || $ MainTxt = ""Вы проверяете подворотню, но сегодня здесь пусто."""	"menu:"	""
"PortStreetsBottleMenu"	"game\Town\PortStreets.rpy"	"152"	"23"	""	"$ MainTxt = _port_bottle.description || $ CurLocDesc = MainTxt"	"current_action_items.append(MenuItem(_port_bottle_action.label, Call(_port_bottle_action.target))) || current_action_items.append(MenuItem(""Назад"", [SetVariable(""current_action_title"", ""Действия""), SetVariable(""current_action_content"", None), SetVariable(""current_action_items"", port_streets_action_items()), Function(main_ui_restart_interaction)]))"	""
"PortStreetsExamineLanes"	"game\Town\PortStreets.rpy"	"175"	"13"	"vscene _port_lanes_picture"	"$ MainTxt = ""В этих темных углах любой искатель приключений может найти острые ощущения, которые удовлетворят его вкусы, а при неудаче, возможно, и его смерть."" || $ CurLocDesc = MainTxt"	""	""
"PortStreetsExamineEmptyBottle"	"game\Town\PortStreets.rpy"	"188"	"7"	""	"$ MainTxt = ""Обычная пустая стеклянная бутылка. Если ее отмыть, она еще вполне пригодится в хозяйстве."" || $ CurLocDesc = MainTxt"	""	""
"PortStreetsTakeEmptyBottle"	"game\Town\PortStreets.rpy"	"195"	"11"	""	"$ MainTxt = ""Вы подбираете пустую бутылку. Стекло цело, и если ее как следует отмыть, она еще пригодится."" || $ CurLocDesc = MainTxt"	""	""
"TownRandomChronicleEvent"	"game\Town\RandomTownEvents.rpy"	"425"	"17"	""	"$ MainTxt = TownStreet.last_event_text || $ CurLocDesc = MainTxt"	"menu:"	""
"TownStreetHelpEvent"	"game\Town\RandomTownEvents.rpy"	"442"	"23"	""	"$ MainTxt = ""У стены сидит измученный человек. По виду это %s - %s. Он просит не денег, а куска еды и места, где можно переждать ночь. Рядом двое прохожих делают вид, что не слышат."" % (_town_ctx.get(""help_name"", ""бродяга""), _town_ctx.get(""help_job"", ""без ремесла"")) || $ CurLocDesc = MainTxt"	"menu:"	""
"TownStreetHelpRecruit"	"game\Town\RandomTownEvents.rpy"	"465"	"10"	""	"$ MainTxt = ""Вы обещаете еду, угол в конюшне и простую грязную работу. Человек хватается за это предложение так, будто вы протянули ему не хлеб, а целую жизнь. Если он не сбежит от страха, утром у трактира появится новый чернорабочий."" || $ CurLocDesc = MainTxt"	""	""
"TownStreetHelpMoney"	"game\Town\RandomTownEvents.rpy"	"475"	"12"	""	"$ MainTxt = ""Вы даете пару мараведи. Благодарность выходит тихой и неловкой, но несколько прохожих это замечают."" || $ MainTxt = ""Вы хлопаете по пустому кошелю и понимаете, что сейчас вам самому впору просить милостыню."" || $ CurLocDesc = MainTxt"	""	""
"TownStreetThugsEvent"	"game\Town\RandomTownEvents.rpy"	"487"	"21"	""	"$ MainTxt = ""Из бокового переулка вы слышите короткий вскрик. Двое крепких парней прижимают к стене растерянного горожанина и выворачивают ему руки. Увидев вас, один ухмыляется: «Проходи мимо, трактирщик. Не твое дело»."" || $ CurLocDesc = MainTxt"	"menu:"	""
"TownStreetThugsFight"	"game\Town\RandomTownEvents.rpy"	"508"	"35"	""	"$ MainTxt = str(MainTxt or """") + ""\n\nВы отбили прохожего у громил. На улице это быстро запоминают: репутация +3, слава трактира +1."" || $ CurLocDesc = MainTxt || $ MainTxt = str(MainTxt or """") + ""\n\nГромилы уходят, убедившись, что вы больше не мешаете. Прохожие делают вид, что ничего не видели."""	"menu:"	""
"TownStreetThugsShout"	"game\Town\RandomTownEvents.rpy"	"543"	"44"	""	"$ MainTxt = ""Вы громко зовете стражу и называете ближайшие дома так уверенно, будто уже знаете, куда побежите за подкреплением. Громилы переглядываются, ругаются и отступают в переулок. Прохожие запоминают, что вы не прошли мимо: репутация +2, дурная слава +4."" || $ CurLocDesc = MainTxt || $ MainTxt = str(MainTxt or """") + ""\n\nКрик не испугал громил, зато драка закончилась в вашу пользу. Прохожие запоминают это: репутация +2."""	"menu: || menu:"	""
"TownStreetPatrolEvent"	"game\Town\RandomTownEvents.rpy"	"587"	"35"	"vscene scene_image"	"$ MainTxt = ""Из темноты выступает ночной патруль капитана Циммера. Старший лениво поднимает фонарь к вашему лицу: «Комендантский час, добрый человек. Документы, пропуск или деньги. А если нет - пройдем до колодок»."" || $ CurLocDesc = MainTxt"	"menu:"	""
"TownStreetPatrolPass"	"game\Town\RandomTownEvents.rpy"	"622"	"10"	""	"$ MainTxt = ""Вы показываете пропуск с отметкой капитана Циммера. Старший патруля недовольно кривится, но возвращает бумагу и велит не шататься без дела."" || $ MainTxt = ""Никакого пропуска у вас нет. Старший патруля смотрит на пустые руки с усталой усмешкой."" || $ CurLocDesc = MainTxt"	""	""
"TownStreetPatrolBribe"	"game\Town\RandomTownEvents.rpy"	"632"	"14"	""	"$ MainTxt = ""Монеты быстро исчезают в руке старшего. Патруль сразу теряет к вам интерес, будто никакого комендантского часа и не было. Вы теряете десять минут, дурная слава снижается на 3, но слух о ночной плате слегка бьет по славе трактира."" || $ CurLocDesc = MainTxt"	""	""
"TownStreetPatrolHide"	"game\Town\RandomTownEvents.rpy"	"646"	"13"	""	"$ MainTxt = ""Вы вовремя ныряете в темный проход, пережидаете шаги патруля и выбираетесь уже на другой стороне улицы. Обход занимает двадцать минут: исследование +8, дурная слава +1."" || $ MainTxt = ""Вы пробуете уйти дворами, но задеваете ведро. Патруль мгновенно разворачивается на шум."" || $ CurLocDesc = MainTxt"	""	""
"TownStreetPatrolRun"	"game\Town\RandomTownEvents.rpy"	"659"	"14"	""	"$ MainTxt = ""Вы срываетесь с места и уходите от патруля через узкие проходы. За спиной ругаются, но догнать вас уже не могут. Побег занимает пятнадцать минут: исследование +10, дурная слава +4, слава трактира -1."" || $ MainTxt = ""Вы бросаетесь бежать, но улица оказывается слишком открытой. Вас сбивают древком алебарды и поднимают уже под смех патрульных."" || $ CurLocDesc = MainTxt"	""	""
"TownStreetPatrolFight"	"game\Town\RandomTownEvents.rpy"	"673"	"31"	""	"$ MainTxt = str(MainTxt or """") + ""\n\nВы отбились от патруля, но это уже не мелкая ссора с ночной стражей. Дурная слава +18, слава трактира -3."" || $ CurLocDesc = MainTxt || $ MainTxt = str(MainTxt or """") + ""\n\nВы уходите от патруля, но теперь вас будут искать внимательнее: дурная слава +4."""	"menu:"	""
"TownStreetPatrolStocks"	"game\Town\RandomTownEvents.rpy"	"704"	"14"	""	"$ MainTxt = ""Патруль тащит вас к колодкам. Ночь проходит унизительно: холод, смех поздних прохожих и тупая боль в плечах. К утру о вашем приключении уже знают слишком многие."" || $ CurLocDesc = MainTxt"	"menu:"	""
"DebugTownRandomEvents"	"game\Town\RandomTownEvents.rpy"	"718"	"24"	""	"$ MainTxt = ""День: %s\nСлот времени: %s\nСобытий сегодня: %s/2\nПлан: %s\nСработали локации: %s\nСработали события: %s\nКлючи: %s\nКулдауны: %s"" % (calendar_v2.daysInGame, calendar_v2.time_slot(), TownStreet.events_today, TownStreet._screen_text(_debug_town_plan), TownStreet._screen_text(TownStreet.fired_locations_today), TownStreet._screen_text(TownStreet.fired_labels_today), TownStreet._screen_text(TownStreet.story_seen_keys), TownStreet._screen_text(TownStreet.cooldowns)) || $ CurLocDesc = MainTxt"	"menu:"	""
"StolyarWorkshop"	"game\Town\StolyarWorkshop.rpy"	"62"	"78"	"call ShowImageSeq(""general"", """", ""LocArtisansQuarter"", 4) || call ShowImageSeq(""general"", """", ""LocArtisansQuarter"", 4) || call ShowImageSeq(""draupnir"", """", ""dwarf"", 3)"	"$ MainTxt = CurrentRoom.schedule.closed_text || $ CurLocDesc = MainTxt || $ MainTxt = ""Мастерская закрыта, мастер Драупнир работает над вашим заказом."""	"$ current_action_items = [MenuItem(""Вернуться в квартал ремесленников"", movement_actions(""ArtisansQuarter"", 10))] || $ current_action_items = [MenuItem(""Вернуться в квартал ремесленников"", movement_actions(""ArtisansQuarter"", 10))]"	""
"StolyarWorkshopLook"	"game\Town\StolyarWorkshop.rpy"	"140"	"6"	""	"$ MainTxt = ""Мастер Драупнир - типичный гном, невысокий и коренастый. Он около полутора метров роста и почти такой же в плечах, с окладистой рыжей бородой и огненными волосами. Он одет в штаны, кожаную жилетку с множеством ремешков и карманов, из которых торчат разнообразные инструменты, и деревяные башмаки. Он постоянно что-то пилит и строгает, отвлекаясь только на то, чтобы произвести в уме или на пальцах подсчеты будущих барышей. Вам ничего не известно о его семье или родне."" || $ CurLocDesc = MainTxt"	""	""
"StolyarWorkshopAskSlogan"	"game\Town\StolyarWorkshop.rpy"	"146"	"7"	""	"$ MainTxt = ""Вы рассказали мастеру Драупниру что вывеска на вашем трактире совсем обветшала. Что, в свою очередь, приводит к неисчислимым бедствиям для вас, а конкретно к тому, что далеко не все, кто зашел бы именно в ваш трактир действительно туда заходят. Из чего проистекает ваше текущее стесненное в средствах положение. После этого жалобного рассказа вы осторожно поинтересовались у мастера Драупнира, сколько будет стоить починить вывеску и нельзя ли это сделать в рассрочку. Мастер Драупнир внимательно выслушал вашу историю, но только и соизволил ответить: 'Двести мараведи. Вперед.' Дальнейшие уточнения на предмет не оговорился ли он и обязательно ли платить вперед ни к чему не привели."" || $ CurLocDesc = MainTxt"	""	""
"StolyarWorkshopPaySlogan"	"game\Town\StolyarWorkshop.rpy"	"153"	"8"	""	"$ MainTxt = ""Скрепя сердце вы отсчитали 200 мараведи мастеру Драупниру. Собрав свои инструменты работящий гном направил свои стопы к вашему трактиру."" || $ CurLocDesc = MainTxt"	""	""
"StolyarWorkshopAskHole"	"game\Town\StolyarWorkshop.rpy"	"161"	"7"	""	"$ MainTxt = ""Вы рассказали мастеру Драупниру что, после появления в вашем заведении веселых девушек, в задней комнате стали происходить интересные вещи. Однако полностью оценить их интересность вы не можете, по причине досадного наличия отстутствия хорошего обзора. После этого вы поинтересовались, не имеется ли у мастера Драупнира длинного сверла, а также не хочет ли он, в компании с оным сверлом, навестить ваше заведение. Мастер Драупнир внимательно выслушал вашу историю, но только и соизволил ответить: 'Сто мараведи. И делать это, как ты сам понимаешь, надо с утра.'"" || $ CurLocDesc = MainTxt"	""	""
"StolyarWorkshopPayHole"	"game\Town\StolyarWorkshop.rpy"	"168"	"10"	""	"$ MainTxt = ""Скрепя сердце вы отсчитали 100 мараведи мастеру Драупниру. Взяв с собой дрель, стамески, пилу и еще пару инструментов, работящий гном отправился к вашему трактиру. Впрочем, долго он там не задержался, вернувшись и отрапортовав что все сделанно, потайное окошко готово."" || $ CurLocDesc = MainTxt"	""	""
"StolyarWorkshopAskGlory"	"game\Town\StolyarWorkshop.rpy"	"178"	"7"	""	"$ MainTxt = ""Вы рассказали мастеру Драупниру об новинке про которую вы слышали - глорихоле. Ну и о том, что вы хотели бы устроить таковую в своем трактире. Ну и что работы там всего чуть-чуть - сделать ширмочку, занавески, просверлить дырки, отполировать, покрасить и еще кое-чего по мелочи, может можно мараведи в 20 уложиться? А, да, еще и сделать так чтобы вы могли незаметно проверить, что там делается, ведь это совсем просто. Может еще 5 или даже 7 мараведи сверх. Вместе с материалами? Мастер Драупнир внимательно выслушал вашу историю, судя по всему на этот раз идея гному понравилась. Но все таки цену он заломил немножко выше предложенной: 'Семьсот мараведи. Ну и да, работа на весь день, начинать надо с утра.'"" || $ CurLocDesc = MainTxt"	""	""
"StolyarWorkshopPayGlory"	"game\Town\StolyarWorkshop.rpy"	"185"	"8"	""	"$ MainTxt = ""Жестоко задавив в себе жабу пока она еще была в состоянии головастика, вы отсчитали 700 мараведи мастеру Драупниру. Загрузив ослика досками, собрав в ящичек разнообразные инструменты, а в специальный мешок ткани для занавески, трудолюбивый гном потопал к вашему трактиру."" || $ CurLocDesc = MainTxt"	""	""
"StolyarWorkshopAskSoapBarrel"	"game\Town\StolyarWorkshop.rpy"	"193"	"7"	""	"$ MainTxt = ""Вы расспросили мастера Драупнира о бочке с дырчатым дном, через которую можно готовить щелок для мыла. Гном почесал бороду, прикинул доски и буркнул: 'Сделаю. Семьдесят пять мараведи. Но ставить надо с утра, а потом жди, пока зола настоится.'"" || $ CurLocDesc = MainTxt"	""	""
"StolyarWorkshopPaySoapBarrel"	"game\Town\StolyarWorkshop.rpy"	"200"	"10"	""	"$ MainTxt = ""Вы отсчитали мастеру Драупниру 75 мараведи. Ворча себе под нос, он собрал инструменты, дошел до вашего заднего двора и поставил там зольную бочку для щелока."" || $ CurLocDesc = MainTxt"	""	""
"StolyarWorkshopAskDogBooth"	"game\Town\StolyarWorkshop.rpy"	"210"	"7"	""	"$ MainTxt = ""Вы спрашиваете мастера Драупнира, не сможет ли он сколотить простую, но крепкую собачью будку для заднего двора. Гном прикидывает расход досок и бурчит: 'Сто мараведи. И ставить буду с утра.'"" || $ CurLocDesc = MainTxt"	""	""
"StolyarWorkshopPayDogBooth"	"game\Town\StolyarWorkshop.rpy"	"217"	"5"	""	""	""	""
"StreetTavern"	"game\Town\StreetTavern.rpy"	"114"	"39"	"call ShowImageSeq(""general"", """", ""LocStreetTavern"", 2)"	"CurLocDesc = ""\n\n"".join([part for part in _street_desc_parts if str(part or """").strip()]) || MainTxt = CurLocDesc"	""	""
"StreetTavernObjectMenu"	"game\Town\StreetTavern.rpy"	"153"	"24"	""	"$ MainTxt = str(_street_object.description or """") || $ CurLocDesc = MainTxt"	"current_action_items.append(MenuItem(""Назад"", ["	""
"StreetTavernExamineSignboard"	"game\Town\StreetTavern.rpy"	"177"	"10"	""	""	""	""
"EllonaBirthPrayMenu"	"game\Town\Temple\EllonaBirthPrayMenu.rpy"	"4"	"89"	""	""	""	""
"EllonaTemple"	"game\Town\Temple\EllonaTemple.rpy"	"76"	"37"	"vscene scene_image || call ShowImageSeq(""ellona"", """", ""Fran"", 4)"	"CurLocDesc = ""\n\n"".join([part for part in _ellona_desc_parts if str(part or """").strip()]) || MainTxt = CurLocDesc || $ MainTxt = CurLocDesc + ""\n\nДверь родильной на миг открывается. Усталая Франческа выходит наружу с тазом испачканных тряпок, не задерживаясь ни на разговоры, ни на объяснения. Затем дверь снова закрывается. Франческа занята, и в родильную сейчас не пройти."""	""	""
"EllonaBirthRoom"	"game\Town\Temple\EllonaTemple.rpy"	"113"	"23"	"call ShowImageSeq(""ellona"", """", ""Fran"", 4)"	"$ CurLocDesc = _room.descriptions[0].text || $ MainTxt = CurLocDesc"	""	""
"story_ellona_temple_sunday_stories"	"game\Town\Temple\EllonaTempleEvents.rpy"	"1"	"7"	"vscene ""images/ellona/Fran5.png"""	""	""	""
"EllonaTempleMenu"	"game\Town\Temple\EllonaTempleMenu.rpy"	"4"	"19"	""	""	"menu:"	""
"EllonaTempleStatue"	"game\Town\Temple\EllonaTempleMenu.rpy"	"23"	"7"	"call ShowImage("""", """", ""images/ellona/statue1.jpg"")"	"$ MainTxt = ""В центре небольшого дворика-клуатра располагается статуя Эллоны. Ничего особо примечательного в ней нет, похожие скульптуры есть в любом храме этой богини. Впрочем, богиня плодородия популярна в деревнях, в торговом же граде Коитополисe Ильматер пользуется большим почетом. Это заметно и здесь: хоть храм и посвящен Эллоне, она изваянна совокупляющейся с великим богом. Одетая только в зеленый вышитый шарфик богиня сидит на обнаженном Ильматере, широко раскинув руки. Под ее правой рукой в поле наливаются колосья зерна, а под левой раскинулась фруктовая рощица, полная сочных плодов. Ваятель действительно был мастером, мраморные деревья и пшеница выглядят почти как настоящие."" || $ CurLocDesc = MainTxt"	""	""
"EllonaTempleAnteaPortrait"	"game\Town\Temple\EllonaTempleMenu.rpy"	"30"	"7"	"call ShowImage(""ellona"", """", ""ante1"")"	"$ MainTxt = ""Портрет Антеи, Грации добрачной любви, висит справа от входа в храм. Младшая из Граций изображенна на нем в виде совсем юной девушки, окруженной тремя поклонниками. Не слишком скромные ее одежды в полном беспорядке, неизвестный юноша, по виду ее ровесник, крепко тискает Антею за попку, взрослый мужчина высвободил ее грудь и теребит сосок, а молодой парень задрал ее платье и ласкает укромное местечко развратницы. В отдалении за забавами дочери с благосклонной улыбкой наблюдает Эллона. Углы картины занимают небольшие миниатюры: на первой из них Эллона направляет чей-то член в девственное влагалище дочери. Капельки крови стекают по бедрам Антеи а выражение ее личика показывает смесь боли и наслаждения. На остальных трех Антея делает минет или отдается трем изображенным на основной картине ухажерам."" || $ CurLocDesc = MainTxt"	""	""
"EllonaTemplePhaenaPortrait"	"game\Town\Temple\EllonaTempleMenu.rpy"	"37"	"7"	"call ShowImage("""", """", ""images/ellona/ante2.jpg"")"	"$ MainTxt = ""Портрет Фаены, Грации проституции и продажной любви, висит слева от входа в храм. Прекрасная Фаена изображенна стоящей на углу городской улицы в короткой юбчонке и прозрачной, не скрывающей ее полные груди блузке. В левой руке она держит кошелек а пальчиком правой она призывно манит прохожих. По краям портрета изображенны многочисленные сценки, на которых сребролюбивая Грация отдается морякам, школярам, степенным жрецам, крестьянам, приехавшим в город по делам, благородным вельможам, почтенным бюргерам и многим другим."" || $ CurLocDesc = MainTxt"	""	""
"EllonaTempleAglaPortrait"	"game\Town\Temple\EllonaTempleMenu.rpy"	"44"	"9"	"call ShowImage("""", """", _ellona_agla_pic)"	"$ MainTxt = ""Вы подняли глаза на висящую над входом в комнату для родов картину, уже догадываясь кого вы на ней увидите. И точно, на ней была изображенна Аглая, Грация беременности и родов. Прогнав видение десятника Ясненько поздравляющего с удачной догадкой сотника Очевидность, вы рассмотрели живопись повнимательней. На холсте было запечатленно множество сценок из жизни сей достойной Грации. На одной Аглую насаживает на весу на свой член могучий рыцарь, заливая ее киску своей спермой. На другой она дарит свою благосклонность сразу пятерым героям, а на третьей герои уже обессилено лежат вокруг залитой их семенем Аглаи. Вот обнаженная Грация рассматривает свое увеличившееся пузико. А вот Аглая, находящаяся, судя по животу, на девятом месяце, задорно скачет на чьем-то члене. В центре же композиции художник поместил богиню Эллону, принимающую роды у дочки. В изголовье же рожающей Аглаи стоит Ильматер, осеняющей ее своим, прогоняющим боль и помогающим деторождению, благославением. А в самом верху картины изображена Эллона, протягивающая младенца счастливой Аглае."" || $ CurLocDesc = MainTxt"	""	""
"EllonaTemplePasiphaeaPortrait"	"game\Town\Temple\EllonaTempleMenu.rpy"	"53"	"7"	"call ShowImage("""", """", ""images/ellona/ante2.jpg"")"	"$ MainTxt = ""Картина, посвященная Пасифее, Грации брака и любви, висит справа от входа в родильную комнату. Она разделена на четыре части: на первой из них изображенна страстно целующаюся влюбленная пара на свидании где-то в саду, парень, не теряя времени, расстегнул штаны и лихорадачно раздевает свою возлюбленную. На второй они же празднуют свадьбу, причем животик невесты уже явно округлился, жених же жестом собственника обнимает одной рукой ее грудь а другой живот, не смущаясь завистливых и похотливых взглядов гостей. На третьей та же пара активно сношается в спальне на огромной кровати. На четвертой зрелая, но все еще прекрасная Пасифея, встав на колени под большим раскидистым деревом, отсасывает у своего постаревшего мужа. На заднем плане же изображенна толпа их детей."" || $ CurLocDesc = MainTxt"	""	""
"EllonaTempleThaliaPortrait"	"game\Town\Temple\EllonaTempleMenu.rpy"	"60"	"7"	"call ShowImageSeq(""ellona"", """", ""tali"", 2)"	"$ MainTxt = ""Портрет Талии, Грации страсти и похоти, висит слева от входа в родильную комнату. Талия, прекрасная молодая женщина, стоит на четвереньках обнаженная, а ее окружают мужчины разных рас и цветов со вздыбленными членами. Высокий эльф сношает Грацию сзади, она же отсасывает какому-то гному и при этом одновременно надрачивает члены двум здоровенным варварам. Остальные, жадно рассматривая происходящее, ждут своей очереди. Тело Талии покрыто белыми каплями спермы, она стекает у нее по ляжкам, висит в золотых волосах, покрывает груди."" || $ CurLocDesc = MainTxt"	""	""
"EllonaBirthRoomMenu"	"game\Town\Temple\EllonaTempleMenu.rpy"	"67"	"9"	""	""	"menu:"	""
"GiveBirth"	"game\Town\Temple\GiveBirth.rpy"	"4"	"395"	""	""	"menu: || menu: || menu:"	""
"story_give_birth_sandra"	"game\Town\Temple\GiveBirthEvents.rpy"	"1"	"5"	""	""	""	""
"story_give_birth_melissa"	"game\Town\Temple\GiveBirthEvents.rpy"	"6"	"5"	""	""	""	""
"story_give_birth_amanda"	"game\Town\Temple\GiveBirthEvents.rpy"	"11"	"5"	""	""	""	""
"story_give_birth_becky"	"game\Town\Temple\GiveBirthEvents.rpy"	"16"	"5"	""	""	""	""
"story_give_birth_inga"	"game\Town\Temple\GiveBirthEvents.rpy"	"21"	"5"	""	""	""	""
"story_give_birth_georgett"	"game\Town\Temple\GiveBirthEvents.rpy"	"26"	"5"	""	""	""	""
"story_give_birth_liza"	"game\Town\Temple\GiveBirthEvents.rpy"	"31"	"3"	""	""	""	""
"GiveBirthFinish"	"game\Town\Temple\GiveBirthFinish.rpy"	"4"	"69"	"call ShowImage("""", """", ""images/ellona/afterBirth.png"")"	""	"menu: || menu:"	""
"GiveBirthStep2"	"game\Town\Temple\GiveBirthStep2.rpy"	"4"	"50"	"call ShowImage("""", """", ""images/ellona/ante2.jpg"")"	""	"menu:"	""
"WineStore"	"game\Town\WineStore.rpy"	"133"	"35"	"vscene scene_image || vscene scene_image"	"$ MainTxt = CurrentRoom.schedule.closed_text || $ CurLocDesc = MainTxt || $ MainTxt = wine_store_entry_text()"	""	""
"WineStoreObjectMenu"	"game\Town\WineStore.rpy"	"168"	"28"	""	"$ MainTxt = str(_wine_object.description or """") || $ CurLocDesc = MainTxt"	"current_action_items.append(MenuItem(_wine_action.label, Call(""WineStoreObjectText"", object_id, _wine_action.action_id))) || current_action_items.append(MenuItem(""Назад"", [SetVariable(""current_action_title"", ""Действия""), SetVariable(""current_action_content"", None), SetVariable(""current_action_items"", wine_store_action_items()), Function(main_ui_restart_interaction)]))"	""
"WineStoreObjectText"	"game\Town\WineStore.rpy"	"196"	"15"	""	"MainTxt = str(_wine_action.target or """") || CurLocDesc = MainTxt"	""	""
"WineStoreBuyStockMenu"	"game\Town\WineStore.rpy"	"211"	"23"	""	"$ MainTxt = str(result_text or """") || $ MainTxt = ""В этом погребке вы можете купить вино для вашего трактира, по 14 мараведи за бочонок."" || $ CurLocDesc = MainTxt"	"$ current_action_items = [MenuItem(""Ничего не покупать"", Call(""WineStoreBuyStockApply"", 0, 0, 0))] || $ current_action_items.append(MenuItem(""Купить один бочонок"", Call(""WineStoreBuyStockApply"", 14, 10, 1))) || $ current_action_items.append(MenuItem(""Купить пять бочонков"", Call(""WineStoreBuyStockApply"", 14 * 5, 50, 5)))"	""
"WineStoreBuyStockApply"	"game\Town\WineStore.rpy"	"234"	"21"	""	"$ MainTxt = ""Вы решили пока ничего не покупать."" || $ MainTxt = ""Вы купили бочонок вина. %s говорит вам, что ваш заказ будет доставлен в \""Дикий жеребец\"" немедленно."" % wine_store_seller_name() || $ MainTxt = ""Вы купили пять бочонков вина. %s говорит вам, что ваш заказ будет доставлен в \""Дикий жеребец\"" немедленно."" % wine_store_seller_name()"	""	""
"before_load"	"game\TractirSaveSync.rpy"	"441"	"5"	""	""	""	""
"after_load"	"game\TractirSaveSync.rpy"	"446"	"5"	""	""	""	""
"EventFightSmall"	"game\Utilities\Fight\EventFightSmall.rpy"	"4"	"81"	""	""	"menu:"	""
"EventFightSmallFinish"	"game\Utilities\Fight\EventFightSmall.rpy"	"85"	"19"	""	""	""	""
"FightStart"	"game\Utilities\Fight\FightSystemRuntime.rpy"	"1402"	"6"	""	""	""	""
"FightLoop"	"game\Utilities\Fight\FightSystemRuntime.rpy"	"1408"	"6"	""	""	""	""
"FightStartHuntCurrentRoom"	"game\Utilities\Fight\FightSystemRuntime.rpy"	"1414"	"12"	""	""	""	""
"FightDoAction"	"game\Utilities\Fight\FightSystemRuntime.rpy"	"1426"	"39"	""	"$ MainTxt = str(_fight_result.get(""text"", """") or """") || $ CurLocDesc = MainTxt || $ MainTxt = MainTxt + ""\n\nНа схватку уходит %d минут."" % int(_fight_minutes or 0)"	"$ current_action_items = [MenuItem(""Забрать добычу и вернуться"", Call(""FightEnd""))] || $ current_action_items = [MenuItem(""Вернуться"", Call(""FightEnd""))]"	""
"FightEnd"	"game\Utilities\Fight\FightSystemRuntime.rpy"	"1465"	"10"	""	""	""	""
"ForestSetTrap"	"game\Utilities\Fight\FightSystemRuntime.rpy"	"1475"	"13"	""	"$ MainTxt = str(_trap_result.get(""text"", """") or """") || $ CurLocDesc = MainTxt"	""	""
"ForestCheckTrap"	"game\Utilities\Fight\FightSystemRuntime.rpy"	"1488"	"11"	""	"$ MainTxt = str(_trap_result.get(""text"", """") or """") || $ CurLocDesc = MainTxt"	""	""
"BeginPaidSexModule"	"game\Utilities\General\Classes\ModuleRuntime.rpy"	"26"	"12"	""	""	""	""
"FinishPaidSexModule"	"game\Utilities\General\Classes\ModuleRuntime.rpy"	"38"	"7"	""	""	""	""
"ChangeDressTmp"	"game\Utilities\General\Clothes\ChangeDressTmp.rpy"	"19"	"11"	""	""	""	""
"dress_for_night"	"game\Utilities\General\Clothes\DressForNight.rpy"	"8"	"17"	""	""	""	""
"DressNoShow"	"game\Utilities\General\Clothes\DressNoShow.rpy"	"47"	"51"	""	""	"menu:"	""
"DressNoShow_End"	"game\Utilities\General\Clothes\DressNoShow.rpy"	"98"	"5"	""	""	""	""
"DressTry"	"game\Utilities\General\Clothes\DressTry.rpy"	"13"	"26"	""	"$ MainTxt = ""Не говоря ни слова, вы подходите к Ирме и вываливаете перед ней на стол горку монет. Ловя на себе ее удивленный взгляд, вы говорите ей, что это не подарок, а вы просто хотите у нее заказать "" + dress_try_display_name(dress_shop.produced).lower() + "". Портниха тщательно пересчитывает деньги, и, удостоверившись что все правильно, ведет вас за ширмочку, дабы снять мерку. Как вы хотите, чтобы с вас сняли мерку?"" || $ CurLocDesc = MainTxt"	"menu:"	""
"DressTryUnderwear"	"game\Utilities\General\Clothes\DressTry.rpy"	"39"	"10"	""	"$ MainTxt = ""Вы быстро разделись до нижнего белья. Ирма ловко и быстро сняла с вас мерку, сказав, что она начнет шить немедленно, а работа будет готова к утру."" || $ CurLocDesc = MainTxt"	""	""
"DressTryNakedThink"	"game\Utilities\General\Clothes\DressTry.rpy"	"49"	"11"	""	"$ MainTxt = ""Вы быстро и решительно сняли с себя все. Однако, дабы не смущать портниху возможной эрекцией, вы начали думать о птичках, облаках, способах постройки домов, счетах за вино и прочих отвлеченных вещах. Ирма ловко и быстро сняла с вас мерку. Заодно она измерила и вашего скукожившегося от холода друга. Судя по ее выражению лица результат ее если и удивил, то в худшую сторону. Закончив мерять, Ирма сказала, что она начнет шить немедленно, а работа будет готова к утру."" || $ CurLocDesc = MainTxt"	""	""
"DressTryNakedFantasy"	"game\Utilities\General\Clothes\DressTry.rpy"	"60"	"26"	""	"$ MainTxt = ""Вы быстро и решительно сняли с себя все. А сняв, предались приятным грезам о том, как и в каких позах вы хотели бы поиметь смазливую полуэльфийку. Такие мечты не замедлили сказаться на состоянии вашего члена - реагируя на ваши мысли он с готовностью напрягся, приходя в полную боевую. Это не прошло незамеченным Ирмой: снимая с вас мерку, она улыбнулась, спросила \""Это я тебе настолько нравлюсь?\"" и, не дожидаясь ответа, измерила и ваш вздыбленный член. Судя по ее выражению лица результат ей скорее всего понравился. Закончив мерять, Ирма сказала, что она начнет шить немедленно, а работа будет готова к утру."" || $ CurLocDesc = MainTxt || $ MainTxt = ""Пока с вас снимали мерку вы, как обычно, закрыли глаза и начали представлять себе Ирму в непотребном виде. Вдруг, с удивлением и радостью, вы ощутили чей-то горячий ротик на своем эрегированном друге. Вы открыли глаза и обнаружили что портниха решила сделать процесс снятия мерки более приятным. Ирма на секунду выпустила свою игрушку изо рта и сказала: \""Для постоянных и щедрых клиентов - особое обслуживание!\"", после чего вернулась к своему занятию. Вы просто стояли и балдели, пока полуэльфийка отсасывала у вас. Делала она это умело, можно сказать с огоньком, и вскоре вы почувствовали что кончаете."""	"menu:"	""
"DressTryServiceFinish"	"game\Utilities\General\Clothes\DressTry.rpy"	"86"	"15"	""	"$ MainTxt = ""Поняв, что вы вот-вот кончите, вы вынули своего друга изо рта Ирмы и направили его на ее личико. Та зажмурила глаза в последний момент перед тем, как ваша сперма приземлилась на ее щечках, веках и заостренных ушках. Дождавшись, чтобы вы закончили, портниха вынула красивый батистовый платочек и, смотрясь в одно из зеркал, вытерла свое личико."" || $ MainTxt = ""Вы и не подумали предупредить портниху о том, что вы уже близки к оргазму и без предупреждения начали спускать прямо ей в ротик. Это застало ее врасплох, она даже поперхнулась, но продолжила сосать, пока не выдоила все до капельки."" || $ CurLocDesc = MainTxt"	""	""
"code_farago_demand_money"	"game\Utilities\General\Clothes\DressTry.rpy"	"101"	"22"	""	"$ MainTxt = ""Расплачиваясь за костюмчик, вы заметили, что мисс Фараго прибавила к счету 20 мараведи."" || $ CurLocDesc = MainTxt || $ MainTxt = ""Вы хотели было возмутиться, но потом вспомнили жаркий ротик Ирмы и решили промолчать."""	"menu:"	""
"DressUp"	"game\Utilities\General\Clothes\DressUp.rpy"	"26"	"132"	""	""	""	""
"TractirCheckAchievements"	"game\Utilities\General\Common\AchievementsEndings.rpy"	"176"	"5"	""	""	""	""
"TractirShowPendingAchievements"	"game\Utilities\General\Common\AchievementsEndings.rpy"	"181"	"11"	""	""	""	""
"TractirShowEnding"	"game\Utilities\General\Common\AchievementsEndings.rpy"	"192"	"11"	""	""	""	""
"TractirCheckEndings"	"game\Utilities\General\Common\AchievementsEndings.rpy"	"203"	"77"	""	""	""	""
"ApplyItemAction"	"game\Utilities\General\Common\Actions.rpy"	"1108"	"16"	""	"$ MainTxt = str(_item_action_result.get(""text"", fallback_text) or fallback_text or """") || $ CurLocDesc = MainTxt"	""	""
"Take"	"game\Utilities\General\Common\Actions.rpy"	"1124"	"30"	""	"$ MainTxt = ""Непонятно, что именно вы пытаетесь взять."" || $ CurLocDesc = MainTxt || $ MainTxt = ""Здесь уже нечего брать."""	""	""
"Drop"	"game\Utilities\General\Common\Actions.rpy"	"1154"	"22"	""	"$ MainTxt = ""Непонятно, что именно вы пытаетесь оставить."" || $ CurLocDesc = MainTxt || $ MainTxt = str(fallback_text or _drop_result.get(""text"", ""Вы оставляете предмет здесь."") or ""Вы оставляете предмет здесь."")"	""	""
"Drink"	"game\Utilities\General\Common\Actions.rpy"	"1176"	"5"	""	""	""	""
"UseDrinkItem"	"game\Utilities\General\Common\Actions.rpy"	"1181"	"5"	""	""	""	""
"Eat"	"game\Utilities\General\Common\Actions.rpy"	"1186"	"9"	""	"$ MainTxt = str(_eat_result.get(""text"", fallback_text) or fallback_text or """") || $ CurLocDesc = MainTxt"	""	""
"UseFoodItem"	"game\Utilities\General\Common\Actions.rpy"	"1195"	"5"	""	""	""	""
"Wash"	"game\Utilities\General\Common\Actions.rpy"	"1200"	"14"	""	"$ MainTxt = str(_wash_block.get(""text"", fallback_text) or fallback_text or """") || $ CurLocDesc = MainTxt || $ MainTxt = str(_wash_result.get(""text"", fallback_text) or fallback_text or """")"	""	""
"DoChore"	"game\Utilities\General\Common\Actions.rpy"	"1214"	"15"	""	"$ MainTxt = str(_chore_block.get(""text"", fallback_text) or fallback_text or """") || $ CurLocDesc = MainTxt || $ MainTxt = str(_chore_result.get(""text"", fallback_text) or fallback_text or """")"	""	""
"Sleep"	"game\Utilities\General\Common\Actions.rpy"	"1229"	"20"	""	"$ MainTxt = ""Еще слишком рано ложиться спать."" || $ CurLocDesc = MainTxt || $ MainTxt = str(fallback_text or """").strip()"	""	""
"Rest"	"game\Utilities\General\Common\Actions.rpy"	"1249"	"24"	""	"$ MainTxt = str(_rest_block.get(""text"", fallback_text) or fallback_text or """") || $ CurLocDesc = MainTxt || $ MainTxt = _rest_text"	""	""
"MakeFire"	"game\Utilities\General\Common\Actions.rpy"	"1273"	"7"	""	"$ MainTxt = str(_fire_result.get(""text"", fallback_text) or fallback_text or """") || $ CurLocDesc = MainTxt"	""	""
"Clean"	"game\Utilities\General\Common\Actions.rpy"	"1280"	"16"	""	"$ MainTxt = str(_clean_block.get(""text"", fallback_text) or fallback_text or """") || $ CurLocDesc = MainTxt || $ MainTxt = str(_clean_result.get(""text"", fallback_text) or fallback_text or """")"	""	""
"BoilWater"	"game\Utilities\General\Common\Actions.rpy"	"1296"	"10"	""	"$ MainTxt = str(_boil_block.get(""text"", fallback_text) or fallback_text or """") || $ CurLocDesc = MainTxt || $ MainTxt = str(_boil_result.get(""text"", fallback_text) or fallback_text or """")"	""	""
"check_daily_event"	"game\Utilities\General\Common\CheckDailyEvent.rpy"	"141"	"49"	""	""	""	"_story_triggers_label_exists = renpy.has_label(""checkTriggers"") || call checkTriggers(curloc if curloc is not None else CurLoc, _story_event_type[7:], 0)"
"debug_tavern_events_check"	"game\Utilities\General\Common\DebugTools.rpy"	"1201"	"38"	""	""	""	""
"debug_tavern_events_check_strict"	"game\Utilities\General\Common\DebugTools.rpy"	"1239"	"19"	""	""	""	""
"debug_tavern_events_build_only"	"game\Utilities\General\Common\DebugTools.rpy"	"1258"	"15"	""	""	""	""
"debug_tavern_events_day_queue"	"game\Utilities\General\Common\DebugTools.rpy"	"1273"	"22"	""	""	""	""
"debug_tavern_event_live_once"	"game\Utilities\General\Common\DebugTools.rpy"	"1295"	"21"	""	""	""	""
"debug_shop_flow_check"	"game\Utilities\General\Common\DebugTools.rpy"	"1316"	"9"	""	""	""	""
"debug_tavern_events_dispatch_once"	"game\Utilities\General\Common\DebugTools.rpy"	"1325"	"30"	""	""	""	""
"DebugBuilderRoom"	"game\Utilities\General\Common\DebugTools.rpy"	"1355"	"16"	""	"$ MainTxt = debug_builder_main_text() || $ CurLocDesc = MainTxt"	""	""
"DebugBuilderPictures"	"game\Utilities\General\Common\DebugTools.rpy"	"1371"	"20"	""	"$ MainTxt = debug_builder_picture_report() || $ CurLocDesc = MainTxt"	"MenuItem(""Player card"", Call(""DebugBuilderShowPicture"", ""images/general/player_card.jpg"")), || MenuItem(""Amanda card"", Call(""DebugBuilderShowPicture"", ""images/amanda/amanda_card.jpg"")), || MenuItem(""Melissa card"", Call(""DebugBuilderShowPicture"", ""images/melissa/melissa_card.jpg"")),"	""
"DebugBuilderShowPicture"	"game\Utilities\General\Common\DebugTools.rpy"	"1391"	"12"	"call ShowImage("""", """", _debug_picture_path)"	"$ MainTxt = ""Showing picture:\n"" + _debug_picture_path || $ MainTxt = ""Missing picture:\n"" + _debug_picture_path || $ CurLocDesc = MainTxt"	""	""
"DebugBuilderSequences"	"game\Utilities\General\Common\DebugTools.rpy"	"1403"	"18"	""	"$ MainTxt = debug_builder_media_sequence_report() || $ CurLocDesc = MainTxt"	"MenuItem(""MarketPlace sequence"", Call(""DebugBuilderShowSequence"", ""general"", """", ""LocMarketPlace"", 4)), || MenuItem(""Artisans sequence"", Call(""DebugBuilderShowSequence"", ""general"", """", ""LocArtisansQuarter"", 4)), || MenuItem(""StreetTavern sequence"", Call(""DebugBuilderShowSequence"", ""general"", """", ""LocStreetTavern"", 2)),"	""
"DebugBuilderShowSequence"	"game\Utilities\General\Common\DebugTools.rpy"	"1421"	"11"	"call ShowImageSeq(_dbg_seq_folder1, _dbg_seq_folder2, _dbg_seq_name, _dbg_seq_variants)"	"$ MainTxt = ""Showing sequence:\nfolder1=%s\nfolder2=%s\nimage_name=%s\nvariants=%s"" % (_dbg_seq_folder1, _dbg_seq_folder2, _dbg_seq_name, _dbg_seq_variants) || $ CurLocDesc = MainTxt"	""	""
"DebugBuilderRooms"	"game\Utilities\General\Common\DebugTools.rpy"	"1432"	"16"	""	"$ MainTxt = ""Select a room to inspect its actual Room object output: picture, visible descriptions, visible objects, visible exits, and schedule-driven NPCs."" || $ CurLocDesc = MainTxt"	"current_action_items.append(MenuItem(_debug_room_key, Call(""DebugBuilderInspectRoom"", _debug_room_key))) || current_action_items.append(MenuItem(""Back"", Jump(""DebugBuilderRoom"")))"	""
"DebugBuilderInspectRoom"	"game\Utilities\General\Common\DebugTools.rpy"	"1448"	"19"	""	"$ MainTxt = debug_builder_room_report(_debug_room_code) || $ CurLocDesc = MainTxt"	"MenuItem(""Show room picture"", Call(""DebugBuilderShowRoomPicture"", _debug_room_code)), || MenuItem(""Jump to room"", Jump(_debug_room_code)), || MenuItem(""Back to rooms"", Jump(""DebugBuilderRooms"")),"	""
"DebugBuilderShowRoomPicture"	"game\Utilities\General\Common\DebugTools.rpy"	"1467"	"13"	"call ShowImage("""", """", _debug_room_pic)"	"$ MainTxt = ""Showing room picture:\n"" + _debug_room_pic || $ MainTxt = ""Room picture missing:\n"" + _debug_room_pic || $ CurLocDesc = MainTxt"	""	""
"DebugBuilderMenuRooms"	"game\Utilities\General\Common\DebugTools.rpy"	"1480"	"16"	""	"$ MainTxt = ""Select a room to inspect generated menu items, object actions, room actions, and exits."" || $ CurLocDesc = MainTxt"	"current_action_items.append(MenuItem(_debug_room_key, Call(""DebugBuilderMenuRoom"", _debug_room_key))) || current_action_items.append(MenuItem(""Back"", Jump(""DebugBuilderRoom"")))"	""
"DebugBuilderMenuRoom"	"game\Utilities\General\Common\DebugTools.rpy"	"1496"	"15"	""	"$ MainTxt = debug_builder_room_menu_report(_debug_room_code) || $ CurLocDesc = MainTxt"	"MenuItem(""Jump to room"", Jump(_debug_room_code)), || MenuItem(""Back to menu probes"", Jump(""DebugBuilderMenuRooms"")), || MenuItem(""Back to builder"", Jump(""DebugBuilderRoom"")),"	""
"DebugBuilderStoryEvents"	"game\Utilities\General\Common\DebugTools.rpy"	"1511"	"16"	""	"$ MainTxt = debug_builder_story_report() || $ CurLocDesc = MainTxt"	"MenuItem(""Open story board overlay"", [Function(story_board_refresh), SetVariable(""main_ui_overlay"", ""story"")]), || MenuItem(""Refresh event checks"", Jump(""DebugBuilderStoryEvents"")), || MenuItem(""Back"", Jump(""DebugBuilderRoom"")),"	""
"DebugBuilderEventProbes"	"game\Utilities\General\Common\DebugTools.rpy"	"1527"	"16"	""	"$ MainTxt = debug_builder_event_probe_report() || $ CurLocDesc = MainTxt"	"MenuItem(""Refresh event checks"", Jump(""DebugBuilderEventProbes"")), || MenuItem(""Open story board overlay"", [Function(story_board_refresh), SetVariable(""main_ui_overlay"", ""story"")]), || MenuItem(""Back"", Jump(""DebugBuilderRoom"")),"	""
"DebugBuilderEventProbe"	"game\Utilities\General\Common\DebugTools.rpy"	"1543"	"16"	""	"$ MainTxt = debug_builder_event_condition_report(_debug_event_location, _debug_event_action) || $ CurLocDesc = MainTxt"	"MenuItem(""Fire through checkTriggers"", Call(""DebugBuilderFireEvent"", _debug_event_location, _debug_event_action)), || MenuItem(""Back to event probes"", Jump(""DebugBuilderEventProbes"")), || MenuItem(""Back to builder"", Jump(""DebugBuilderRoom"")),"	"MenuItem(""Fire through checkTriggers"", Call(""DebugBuilderFireEvent"", _debug_event_location, _debug_event_action)),"
"DebugBuilderFireEvent"	"game\Utilities\General\Common\DebugTools.rpy"	"1559"	"11"	""	"$ MainTxt = ""Returned from checkTriggers(%s, %s, 0)."" % (_debug_event_location, _debug_event_action) || $ CurLocDesc = MainTxt"	""	"call checkTriggers(_debug_event_location, _debug_event_action, 0) || $ MainTxt = ""Returned from checkTriggers(%s, %s, 0)."" % (_debug_event_location, _debug_event_action)"
"DebugBuilderSchedules"	"game\Utilities\General\Common\DebugTools.rpy"	"1570"	"23"	""	"$ MainTxt = debug_builder_schedule_report() || $ CurLocDesc = MainTxt"	"MenuItem(""06:00 Early morning"", [Function(debug_builder_set_time_slot, 0), Jump(""DebugBuilderSchedules"")]), || MenuItem(""08:00 Morning"", [Function(debug_builder_set_time_slot, 1), Jump(""DebugBuilderSchedules"")]), || MenuItem(""11:00 Noon"", [Function(debug_builder_set_time_slot, 2), Jump(""DebugBuilderSchedules"")]),"	""
"DebugBuilderScheduleRooms"	"game\Utilities\General\Common\DebugTools.rpy"	"1593"	"12"	""	"$ MainTxt = ""Choose a room. The probe lists NPC ids whose getLocation() resolves to that room for the current calendar time."" || $ CurLocDesc = MainTxt"	"$ current_action_items = debug_builder_schedule_room_items() + [MenuItem(""Back"", Jump(""DebugBuilderSchedules""))]"	""
"DebugBuilderScheduleRoom"	"game\Utilities\General\Common\DebugTools.rpy"	"1605"	"16"	""	"$ MainTxt = debug_builder_schedule_room_report(room_code) || $ CurLocDesc = MainTxt"	"MenuItem(""Jump to room"", Jump(str(room_code or """"))), || MenuItem(""Back to probes"", Jump(""DebugBuilderScheduleRooms"")), || MenuItem(""Back to schedules"", Jump(""DebugBuilderSchedules"")),"	""
"DebugBuilderCorrectionNotes"	"game\Utilities\General\Common\DebugTools.rpy"	"1621"	"16"	""	"$ MainTxt = debug_builder_correction_notes() || $ CurLocDesc = MainTxt"	"MenuItem(""Write repair notes document"", Jump(""DebugBuilderWriteRepairNotes"")), || MenuItem(""Preview full repair document"", Jump(""DebugBuilderRepairDocumentPreview"")), || MenuItem(""Back"", Jump(""DebugBuilderRoom"")),"	""
"DebugBuilderRepairDocumentPreview"	"game\Utilities\General\Common\DebugTools.rpy"	"1637"	"16"	""	"$ MainTxt = debug_builder_repair_document_text() || $ CurLocDesc = MainTxt"	"MenuItem(""Write document"", Jump(""DebugBuilderWriteRepairNotes"")), || MenuItem(""Back to notes"", Jump(""DebugBuilderCorrectionNotes"")), || MenuItem(""Back to builder"", Jump(""DebugBuilderRoom"")),"	""
"DebugBuilderWriteRepairNotes"	"game\Utilities\General\Common\DebugTools.rpy"	"1653"	"17"	""	"$ MainTxt = ""Repair notes document written:\n"" + str(DebugBuilderRepairNotesPath or """") || $ CurLocDesc = MainTxt"	"MenuItem(""Preview document"", Jump(""DebugBuilderRepairDocumentPreview"")), || MenuItem(""Back to notes"", Jump(""DebugBuilderCorrectionNotes"")), || MenuItem(""Back to builder"", Jump(""DebugBuilderRoom"")),"	""
"DebugBuilderCards"	"game\Utilities\General\Common\DebugTools.rpy"	"1670"	"21"	""	"$ MainTxt = ""Open card panels and verify that stats and _card pictures come from the current runtime state."" || $ CurLocDesc = MainTxt"	"MenuItem(""Player"", Function(show_player_card_main_ui_state)), || MenuItem(""Amanda"", Function(show_girl_card_main_ui_state, ""amanda"")), || MenuItem(""Melissa"", Function(show_girl_card_main_ui_state, ""melissa"")),"	""
"DebugBuilderFightTests"	"game\Utilities\General\Common\DebugTools.rpy"	"1691"	"17"	""	"$ MainTxt = debug_builder_fight_stats_text() || $ CurLocDesc = MainTxt"	"MenuItem(""Fight setup"", Jump(""DebugFightSetupMenu"")), || MenuItem(""Launch fights"", Jump(""DebugFightLaunchMenu"")), || MenuItem(""Back"", Jump(""DebugBuilderRoom"")),"	""
"DebugFightSetupMenu"	"game\Utilities\General\Common\DebugTools.rpy"	"1708"	"25"	""	"$ MainTxt = debug_builder_fight_stats_text() || $ CurLocDesc = MainTxt"	"MenuItem(""Launch fights"", Jump(""DebugFightLaunchMenu"")), || MenuItem(""Weapon: "" + fight_player_weapon_name(), Jump(""DebugFightCycleWeapon"")), || MenuItem(""Armor: "" + fight_player_armor_name(), Jump(""DebugFightCycleArmor"")),"	""
"DebugFightStatsMenu"	"game\Utilities\General\Common\DebugTools.rpy"	"1733"	"19"	""	"$ MainTxt = debug_builder_fight_stats_text() || $ CurLocDesc = MainTxt"	"MenuItem(""Renew MC stats"", Jump(""DebugFightRenewMCStats"")), || MenuItem(""Experience +50"", Jump(""DebugFightExperienceUp"")), || MenuItem(""Experience -50"", Jump(""DebugFightExperienceDown"")),"	""
"DebugFightWeaponsMenu"	"game\Utilities\General\Common\DebugTools.rpy"	"1752"	"18"	""	"$ MainTxt = debug_builder_fight_stats_text() || $ CurLocDesc = MainTxt"	"MenuItem(""Weapon: fists"", Jump(""DebugFightWeaponFists"")), || MenuItem(""Weapon: old axe"", Jump(""DebugFightWeaponAxe"")), || MenuItem(""Weapon: rusty rifle"", Jump(""DebugFightWeaponRifle"")),"	""
"DebugFightArmorMenu"	"game\Utilities\General\Common\DebugTools.rpy"	"1770"	"17"	""	"$ MainTxt = debug_builder_fight_stats_text() || $ CurLocDesc = MainTxt"	"MenuItem(""Armor: none"", Jump(""DebugFightArmorNone"")), || MenuItem(""Armor: cuirass"", Jump(""DebugFightArmorCuirass"")), || MenuItem(""Back"", Jump(""DebugBuilderFightTests"")),"	""
"DebugFightSupportMenu"	"game\Utilities\General\Common\DebugTools.rpy"	"1787"	"18"	""	"$ MainTxt = debug_builder_fight_stats_text() || $ CurLocDesc = MainTxt"	"MenuItem(""Grant supplies"", Jump(""DebugFightGrantSupplies"")), || MenuItem(""Dog with MC"", Jump(""DebugFightDogOn"")), || MenuItem(""No dog in fight"", Jump(""DebugFightDogOff"")),"	""
"DebugFightLaunchMenu"	"game\Utilities\General\Common\DebugTools.rpy"	"1805"	"24"	""	"$ MainTxt = debug_builder_fight_stats_text() || $ CurLocDesc = MainTxt"	"MenuItem(""Street crooks"", Jump(""DebugFightStreetCrooks"")), || MenuItem(""Wolf"", Call(""DebugFightEnemy"", ""wolf"")), || MenuItem(""White wolf"", Call(""DebugFightEnemy"", ""white_wolf"")),"	""
"DebugFightEnemy"	"game\Utilities\General\Common\DebugTools.rpy"	"1829"	"6"	""	""	""	""
"DebugFightRenewMCStats"	"game\Utilities\General\Common\DebugTools.rpy"	"1835"	"16"	""	"$ MainTxt = debug_builder_fight_stats_text() || $ CurLocDesc = MainTxt"	""	""
"DebugFightCycleHealth"	"game\Utilities\General\Common\DebugTools.rpy"	"1851"	"14"	""	"$ MainTxt = debug_builder_fight_stats_text() || $ CurLocDesc = MainTxt"	""	""
"DebugFightCycleEnergy"	"game\Utilities\General\Common\DebugTools.rpy"	"1865"	"12"	""	"$ MainTxt = debug_builder_fight_stats_text() || $ CurLocDesc = MainTxt"	""	""
"DebugFightCycleExperience"	"game\Utilities\General\Common\DebugTools.rpy"	"1877"	"14"	""	"$ MainTxt = debug_builder_fight_stats_text() || $ CurLocDesc = MainTxt"	""	""
"DebugFightCycleWeapon"	"game\Utilities\General\Common\DebugTools.rpy"	"1891"	"20"	""	"$ MainTxt = debug_builder_fight_stats_text() || $ CurLocDesc = MainTxt"	""	""
"DebugFightCycleArmor"	"game\Utilities\General\Common\DebugTools.rpy"	"1911"	"11"	""	"$ MainTxt = debug_builder_fight_stats_text() || $ CurLocDesc = MainTxt"	""	""
"DebugFightCycleLoadedAmmo"	"game\Utilities\General\Common\DebugTools.rpy"	"1922"	"17"	""	"$ MainTxt = debug_builder_fight_stats_text() || $ CurLocDesc = MainTxt"	""	""
"DebugFightCycleDog"	"game\Utilities\General\Common\DebugTools.rpy"	"1939"	"16"	""	"$ MainTxt = debug_builder_fight_stats_text() || $ CurLocDesc = MainTxt"	""	""
"DebugFightExperienceUp"	"game\Utilities\General\Common\DebugTools.rpy"	"1955"	"7"	""	"$ MainTxt = debug_builder_fight_stats_text() || $ CurLocDesc = MainTxt"	""	""
"DebugFightExperienceDown"	"game\Utilities\General\Common\DebugTools.rpy"	"1962"	"7"	""	"$ MainTxt = debug_builder_fight_stats_text() || $ CurLocDesc = MainTxt"	""	""
"DebugFightExperienceReset"	"game\Utilities\General\Common\DebugTools.rpy"	"1969"	"7"	""	"$ MainTxt = debug_builder_fight_stats_text() || $ CurLocDesc = MainTxt"	""	""
"DebugFightWeaponFists"	"game\Utilities\General\Common\DebugTools.rpy"	"1976"	"8"	""	"$ MainTxt = debug_builder_fight_stats_text() || $ CurLocDesc = MainTxt"	""	""
"DebugFightWeaponAxe"	"game\Utilities\General\Common\DebugTools.rpy"	"1984"	"9"	""	"$ MainTxt = debug_builder_fight_stats_text() || $ CurLocDesc = MainTxt"	""	""
"DebugFightWeaponRifle"	"game\Utilities\General\Common\DebugTools.rpy"	"1993"	"12"	""	"$ MainTxt = debug_builder_fight_stats_text() || $ CurLocDesc = MainTxt"	""	""
"DebugFightArmorNone"	"game\Utilities\General\Common\DebugTools.rpy"	"2005"	"7"	""	"$ MainTxt = debug_builder_fight_stats_text() || $ CurLocDesc = MainTxt"	""	""
"DebugFightArmorCuirass"	"game\Utilities\General\Common\DebugTools.rpy"	"2012"	"8"	""	"$ MainTxt = debug_builder_fight_stats_text() || $ CurLocDesc = MainTxt"	""	""
"DebugFightGrantSupplies"	"game\Utilities\General\Common\DebugTools.rpy"	"2020"	"14"	""	"$ MainTxt = debug_builder_fight_stats_text() || $ CurLocDesc = MainTxt"	""	""
"DebugFightDogOn"	"game\Utilities\General\Common\DebugTools.rpy"	"2034"	"13"	""	"$ MainTxt = debug_builder_fight_stats_text() || $ CurLocDesc = MainTxt"	""	""
"DebugFightDogOff"	"game\Utilities\General\Common\DebugTools.rpy"	"2047"	"8"	""	"$ MainTxt = debug_builder_fight_stats_text() || $ CurLocDesc = MainTxt"	""	""
"DebugFightStreetCrooks"	"game\Utilities\General\Common\DebugTools.rpy"	"2055"	"6"	""	""	""	""
"DebugFightRandomForestHunt"	"game\Utilities\General\Common\DebugTools.rpy"	"2061"	"10"	""	""	""	""
"DebugFightPatrolGuards"	"game\Utilities\General\Common\DebugTools.rpy"	"2071"	"6"	""	""	""	""
"DebugTavernEventRoom"	"game\Utilities\General\Common\DebugTools.rpy"	"2077"	"70"	"call ShowImageSeq(""sandra"", ""portraits"", ""portrait"", 4) || call ShowImage(""melissa"", """", ""portrait"")"	"MainTxt = _dbg_desc || CurLocDesc = _dbg_desc"	"menu:"	""
"debug_tavern_events_snapshot"	"game\Utilities\General\Common\DebugTools.rpy"	"2147"	"19"	""	""	""	""
"DisplayTavernEventShort"	"game\Utilities\General\Common\DisplayTavernEventShort.rpy"	"8"	"8"	""	""	""	""
"DisplayTavernEventsSummary"	"game\Utilities\General\Common\DisplayTavernEventsSummary.rpy"	"8"	"19"	""	""	""	""
"narrator_test"	"game\Utilities\General\Common\NarratorRuntime.rpy"	"19"	"4"	""	""	""	""
"ArrestCode"	"game\Utilities\General\Common\OtherFunctionsCode.rpy"	"4"	"41"	""	""	"menu: || menu: || menu:"	""
"RoomEnterEventGate"	"game\Utilities\General\Common\RoomEnterPipeline.rpy"	"39"	"35"	""	""	""	"call checkTriggers(_room_enter_code, ""enter"", 0)"
"before_main_menu"	"game\Utilities\General\Events\events.rpy"	"491"	"5"	""	""	""	""
"checkTriggers"	"game\Utilities\General\Events\events.rpy"	"496"	"25"	""	""	""	"label checkTriggers(location, action, numpop=0):"
"preEvent"	"game\Utilities\General\Events\events.rpy"	"521"	"11"	""	""	""	""
"ShowAmandaCard"	"game\Utilities\General\NPC\CharacterActionHub.rpy"	"530"	"5"	""	""	""	""
"ShowMelissaCard"	"game\Utilities\General\NPC\CharacterActionHub.rpy"	"535"	"5"	""	""	""	""
"ShowSandraCard"	"game\Utilities\General\NPC\CharacterActionHub.rpy"	"540"	"5"	""	""	""	""
"ShowClaraCard"	"game\Utilities\General\NPC\CharacterActionHub.rpy"	"545"	"5"	""	""	""	""
"ShowBeckyCard"	"game\Utilities\General\NPC\CharacterActionHub.rpy"	"550"	"5"	""	""	""	""
"ShowIrmaCard"	"game\Utilities\General\NPC\CharacterActionHub.rpy"	"555"	"3"	""	""	""	""
"check_visibility"	"game\Utilities\General\NPC\CheckVisibility.rpy"	"18"	"5"	""	""	""	""
"DailySetstatdefault"	"game\Utilities\General\NPC\DailySetstatdefault.rpy"	"4"	"79"	""	""	""	""
"DescribeSkillIncrease"	"game\Utilities\General\NPC\DescribeSkillIncrease.rpy"	"43"	"9"	""	""	""	""
"IncreaseSkill"	"game\Utilities\General\NPC\IncreaseSkill.rpy"	"46"	"8"	""	""	""	""
"NamesSet"	"game\Utilities\General\NPC\NamesSet.rpy"	"134"	"2"	""	""	""	""
"PartEventAfterHarrassment"	"game\Utilities\General\NPC\PartEventAfterHarrassment.rpy"	"4"	"58"	""	"$ MainTxt = format_tavern_event_text(_after_harass_text) || $ CurLocDesc = MainTxt"	""	""
"PartEventCustomerHarrassmentReaction"	"game\Utilities\General\NPC\PartEventCustomerHarrassmentReaction.rpy"	"5"	"53"	""	""	""	""
"PartEventYourFirstReaction"	"game\Utilities\General\NPC\PartEventYourFirstReaction.rpy"	"44"	"14"	""	""	"menu:"	""
"PartEventYourFirstReactionOutcome"	"game\Utilities\General\NPC\PartEventYourFirstReaction.rpy"	"58"	"29"	""	"$ MainTxt = format_tavern_event_text(_player_reaction_text) || $ CurLocDesc = MainTxt || $ MainTxt = _followup_text"	""	""
"InitPeople"	"game\Utilities\General\NPC\PeopleRuntime.rpy"	"1369"	"5"	""	""	""	""
"InitGameNPCs"	"game\Utilities\General\NPC\PeopleRuntime.rpy"	"1374"	"29"	""	""	""	""
"SetTavernServiceLevels"	"game\Utilities\General\NPC\SetTavernServiceLevels.rpy"	"104"	"3"	""	""	""	""
"SocialTalkTopicMenu"	"game\Utilities\General\NPC\SocialTalkTopics.rpy"	"727"	"68"	""	"$ MainTxt = ""На сегодня вы уже достаточно поговорили."" || $ MainTxt = ""Сейчас подходящих тем нет."" || $ CurLocDesc = MainTxt"	"menu:"	""
"PlayerCardInventoryMenu"	"game\Utilities\General\Screens\PlayerCard.rpy"	"623"	"5"	""	""	""	""
"PlayerCardInventorySectionMenu"	"game\Utilities\General\Screens\PlayerCard.rpy"	"628"	"5"	""	""	""	""
"PlayerCardMainMenu"	"game\Utilities\General\Screens\PlayerCard.rpy"	"633"	"5"	""	""	""	""
"PlayerCardInventoryItemMenu"	"game\Utilities\General\Screens\PlayerCard.rpy"	"638"	"8"	""	"$ MainTxt = ""\n\n"".join(list(player_card_item_view_lines(item_id) or [])) || $ CurLocDesc = MainTxt"	""	""
"PlayerCardEquipItem"	"game\Utilities\General\Screens\PlayerCard.rpy"	"646"	"20"	""	"$ MainTxt = ""Вы берете при себе "" + player_card_item_display_name(_item_id) + ""."" || $ MainTxt = ""Вы надеваете "" + player_card_item_display_name(_item_id) + ""."" || $ MainTxt = ""Сейчас это нельзя экипировать."""	""	""
"PlayerCardUnequipItem"	"game\Utilities\General\Screens\PlayerCard.rpy"	"666"	"20"	""	"$ MainTxt = ""Вы убираете "" + player_card_item_display_name(_item_id) + ""."" || $ MainTxt = ""Вы снимаете "" + player_card_item_display_name(_item_id) + ""."" || $ MainTxt = ""Сейчас эта вещь и так не экипирована."""	""	""
"PlayerCardStoreItemInMyRoom"	"game\Utilities\General\Screens\PlayerCard.rpy"	"686"	"19"	""	"$ MainTxt = ""Оставить эту вещь можно только в вашей комнате."" || $ CurLocDesc = MainTxt || $ MainTxt = str((_drop_result or {}).get(""text"", """") or ""Вы оставляете вещь в комнате."")"	""	""
"PlayerCardPutRecipeBookOnTable"	"game\Utilities\General\Screens\PlayerCard.rpy"	"705"	"22"	""	"$ MainTxt = ""Положить книгу на стол можно только в вашей комнате."" || $ CurLocDesc = MainTxt || $ MainTxt = ""Книга с рецептами уже лежит на столе."""	""	""
"PlayerCardItemTextAction"	"game\Utilities\General\Screens\PlayerCard.rpy"	"727"	"10"	""	"$ MainTxt = str(getattr(_item_action, ""target"", """") or """") || $ CurLocDesc = MainTxt"	""	""
"PlayerCardRifleCleanRust"	"game\Utilities\General\Screens\PlayerCard.rpy"	"737"	"15"	""	"$ MainTxt = ""Вы уже счистили основную ржавчину с механизма."" || $ MainTxt = ""Вы долго скоблите металл, снимаете рыжий налет и понемногу приводите механизм в порядок. Оружие уже не выглядит совсем уж мертвым."" || $ CurLocDesc = MainTxt"	""	""
"PlayerCardRifleOil"	"game\Utilities\General\Screens\PlayerCard.rpy"	"752"	"219"	""	"$ MainTxt = ""Сначала нужно счистить ржавчину, иначе толку от масла будет мало."" || $ MainTxt = ""Механизм уже смазан и ходит заметно мягче."" || $ MainTxt = ""У вас нет оружейного масла."""	""	""
"PlayerCardGiftItemMenu"	"game\Utilities\General\Screens\PlayerCard.rpy"	"971"	"26"	""	"$ MainTxt = ""Кому вы хотите вручить {}?"".format(player_card_item_display_name(_item_id)) || $ CurLocDesc = MainTxt || MainTxt = ""Эту вещь можно вручить только тому, с кем вы сейчас уже разговариваете."""	"current_action_items.append(MenuItem(_action_display_name(_char_id), Call(""PlayerCardGiftItemTo"", _item_id, _char_id))) || current_action_items.append(MenuItem(""Назад"", Call(""PlayerCardInventoryItemMenu"", _item_id, True)))"	""
"PlayerCardGiftItemTo"	"game\Utilities\General\Screens\PlayerCard.rpy"	"997"	"56"	""	"$ MainTxt = append_social_score_message(str(_gift_result.get(""text"", """") or _gift_block_reason or """"), social_score_delta_for(_char_name, _friends_before)) || $ CurLocDesc = MainTxt || $ MainTxt = append_social_score_message(str(_gift_result.get(""text"", """") or """"), social_score_delta_for(_char_name, _friends_before))"	""	""
"PlayerCardShareItemMenu"	"game\Utilities\General\Screens\PlayerCard.rpy"	"1053"	"23"	""	"$ MainTxt = ""С кем вы хотите разделить {}?"".format(player_card_item_display_name(_item_id)) || $ CurLocDesc = MainTxt || MainTxt = ""Этим можно делиться только с тем, кто сейчас рядом и уже участвует в разговоре."""	"current_action_items.append(MenuItem(_action_display_name(_char_id), Call(""PlayerCardShareItemTo"", _item_id, _char_id))) || current_action_items.append(MenuItem(""Назад"", Call(""PlayerCardInventoryItemMenu"", _item_id, True)))"	""
"PlayerCardShareToFixedTargetMenu"	"game\Utilities\General\Screens\PlayerCard.rpy"	"1076"	"23"	""	"MainTxt = ""Сейчас вам нечем делиться с {}."".format(_action_display_name(_char_name)) || CurLocDesc = MainTxt"	"current_action_items.append(MenuItem(player_card_inventory_menu_caption(_item_id), Call(""PlayerCardShareItemTo"", _item_id, _char_name))) || current_action_items.append(MenuItem(""Назад"", _fixed_back_action))"	""
"PlayerCardShareItemTo"	"game\Utilities\General\Screens\PlayerCard.rpy"	"1099"	"14"	""	"$ MainTxt = str(_share_result.get(""text"", """") or """") || $ CurLocDesc = MainTxt"	""	""
"PlayerCardGiftToFixedTargetMenu"	"game\Utilities\General\Screens\PlayerCard.rpy"	"1113"	"33"	""	"$ MainTxt = str(_gift_menu_reason or relationship_block_text(_char_name, ""gift"")) || $ CurLocDesc = MainTxt || MainTxt = ""{} пока нечего вручить."".format(_action_display_name(_char_name))"	"$ current_action_items = [MenuItem(""Назад"", _fixed_back_action)] || current_action_items.append(MenuItem(player_card_inventory_menu_caption(_item_id), Call(""PlayerCardGiftItemTo"", _item_id, _char_name))) || current_action_items.append(MenuItem(""Назад"", _fixed_back_action))"	""
"PlayerCardRifleLoadAmmo"	"game\Utilities\General\Screens\PlayerCard.rpy"	"1146"	"19"	""	"$ MainTxt = ""Сейчас оружие нельзя так зарядить."" || $ CurLocDesc = MainTxt || $ MainTxt = ""Вы заряжаете оружие {} и осторожно ставите механизм наготове."".format(rusty_hunter_rifle_ammo_name(_ammo_code))"	""	""
"PlayerCardRifleUnload"	"game\Utilities\General\Screens\PlayerCard.rpy"	"1165"	"17"	""	"$ MainTxt = ""Оружие и так уже разряжено."" || $ CurLocDesc = MainTxt || $ MainTxt = ""Вы осторожно разряжаете оружие и убираете заряд."""	""	""
"ShowImage"	"game\Utilities\General\Screens\ShowImage.rpy"	"433"	"5"	"label ShowImage(args0="""", args1="""", args2=""""):"	""	""	""
"ShowImageSeq"	"game\Utilities\General\Screens\ShowImage.rpy"	"438"	"3"	"label ShowImageSeq(args0="""", args1="""", args2="""", args3=0):"	""	""	""
"stat"	"game\Utilities\General\Screens\stat.rpy"	"551"	"3"	""	""	""	""
"CreateDonationsList"	"game\Utilities\General\Scripts\CreateDonationsList.rpy"	"4"	"33"	""	""	""	""
"AddOthersSperm"	"game\Utilities\General\Sex\AddOthersSperm.rpy"	"22"	"3"	""	""	""	""
"CleanSpermRandom"	"game\Utilities\General\Sex\CleanSpermRandom.rpy"	"42"	"3"	""	""	""	""
"CockPosition"	"game\Utilities\General\Sex\CockPosition.rpy"	"45"	"5"	""	""	""	""
"cock_position"	"game\Utilities\General\Sex\CockPosition.rpy"	"50"	"3"	""	""	""	""
"HarassDiscussImage"	"game\Utilities\General\Sex\HarassDiscussImage.rpy"	"5"	"19"	"vscene scene_image"	""	""	""
"HarassShowImage"	"game\Utilities\General\Sex\HarassShowImage.rpy"	"5"	"60"	"label HarassShowImage(GirlNameHSI="""", ActionHSI="""", ReactionHSI=0, EyewitnessHSI=0, JobTypeHSI=""""): || vscene scene_image"	""	""	""
"KidsFunctions"	"game\Utilities\General\Sex\KidsFunctions.rpy"	"428"	"4"	""	""	""	""
"CreateKid"	"game\Utilities\General\Sex\KidsFunctions.rpy"	"432"	"3"	""	""	""	""
"PlayerIntimacyHelpAsk"	"game\Utilities\General\Sex\PlayerIntimacyState.rpy"	"257"	"9"	""	"$ MainTxt = str(_pih_result.get(""text"", """") or """") || $ CurLocDesc = MainTxt"	""	""
"SexEventsTableCode"	"game\Utilities\General\Sex\SexEventsTableCode.rpy"	"6"	"252"	""	""	""	""
"SexPort"	"game\Utilities\General\Sex\SexPort.rpy"	"4"	"20"	""	""	""	""
"SexProstTavern"	"game\Utilities\General\Sex\SexProstTavern.rpy"	"4"	"20"	""	""	""	""
"ShowCurrentCockState"	"game\Utilities\General\Sex\ShowCurrentCockState.rpy"	"4"	"65"	""	""	""	""
"ShowCurrentSex"	"game\Utilities\General\Sex\ShowCurrentSex.rpy"	"29"	"110"	""	""	""	""
"street_clients_watch"	"game\Utilities\General\Sex\StreetClients.rpy"	"4"	"79"	"vscene scene_image"	"$ MainTxt = ""Вы видите юную мулатку отсасывающей у какого-то старика. Однако похотливый старикашка не удовлетворяется минетом и предлагает Лизетте наклониться и опереться о стену. Когда же девушка его послушалась, старый козел не колеблясь задрал ей платьице, спустил панталончики до колен и загнал свой член в юную податливую плоть. Однако девчонке, судя по всему, такое пришлось по нраву, и она с энтузиазмом подмахивает своему любовнику. Ее усилия не пропали даром. Вскоре кончает она, а следом и старик. Мулаточка смотрит на капающую из нее сперму и на ее мордашке отражается озабоченность возможными последствиями."" || $ MainTxt = ""Вы видите, как матрос-негр сел на какой-то топчан и расстегнул штаны, высвобождая действительно огромный член. По лицу девочки пробежала тень сомнения, быстро сменившаяся решимостью. Лизетта шустро скинула панталончики, задрала юбочку и села прямо на черный кол. Сначала в девочку вошла только головка, но постепенно, сантиметр за сантиметром, в ней оказалась вся жердь. Затем она начинает сначала медленно, а потом все быстрее подниматься и опускаться. На лице появляется блаженная улыбка. Негр не выдерживает ее скачки и начинает накачивать ее литрами своего семени. Вслед за ним кончает и Лизетта."" || $ MainTxt = ""Вы видите, как Лизетта делает минет кому-то смутно вам знакомому. Вскоре этот кто-то поворачивается, и вы узнаете мессира Легаре, почтенного отца семейства. Виноторговец входит в раж, хватает девочку за косички и начинает буквально трахать ее рот. Когда он кончает, мулатка чуть было не давится хлынувшей ей в горло спермой."""	"menu:"	""
"WhoreNextDayClients"	"game\Utilities\General\Sex\WhoreNextDayClients.rpy"	"5"	"63"	""	""	""	""
"AdvanceTimeOnly"	"game\Utilities\Time\AdvanceTime.rpy"	"14"	"8"	""	""	""	""
"AdvanceTime"	"game\Utilities\Time\AdvanceTime.rpy"	"22"	"16"	""	""	""	""
"NextDay_FinishDayEvents"	"game\Utilities\Time\NextDay_FinishDayEvents.rpy"	"142"	"20"	""	""	""	""
"NextDay_NewDayEvents"	"game\Utilities\Time\NextDay_NewDayEvents.rpy"	"8"	"166"	""	""	""	""
"NextDay_TavernDaily"	"game\Utilities\Time\NextDay_TavernDaily.rpy"	"8"	"126"	""	""	""	""
"NextDay"	"game\Utilities\Time\NextDay.rpy"	"44"	"267"	""	""	"menu:"	""
